-- phpMyAdmin SQL Dump
-- version 5.1.1deb5ubuntu1
-- https://www.phpmyadmin.net/
--
-- Host: localhost:3306
-- Generation Time: Aug 21, 2024 at 01:11 PM
-- Server version: 8.0.39-0ubuntu0.22.04.1
-- PHP Version: 8.1.2-1ubuntu2.18

SET SQL_MODE = "NO_AUTO_VALUE_ON_ZERO";
START TRANSACTION;
SET time_zone = "+00:00";


/*!40101 SET @OLD_CHARACTER_SET_CLIENT=@@CHARACTER_SET_CLIENT */;
/*!40101 SET @OLD_CHARACTER_SET_RESULTS=@@CHARACTER_SET_RESULTS */;
/*!40101 SET @OLD_COLLATION_CONNECTION=@@COLLATION_CONNECTION */;
/*!40101 SET NAMES utf8mb4 */;

--
-- Database: `homesoul`
--

-- --------------------------------------------------------

--
-- Table structure for table `above_grid_wall_measures`
--

CREATE TABLE `above_grid_wall_measures` (
  `id` int NOT NULL,
  `rsi` decimal(5,2) DEFAULT '0.00',
  `zone` varchar(50) DEFAULT NULL,
  `ecPoints` decimal(10,2) DEFAULT '0.00'
) ENGINE=InnoDB DEFAULT CHARSET=utf8mb4 COLLATE=utf8mb4_0900_ai_ci;

--
-- Dumping data for table `above_grid_wall_measures`
--

INSERT INTO `above_grid_wall_measures` (`id`, `rsi`, `zone`, `ecPoints`) VALUES
(1, '2.97', '4', '2.00'),
(2, '2.97', '5', '0.00'),
(3, '2.97', '6', '0.00'),
(4, '2.97', '7A', '0.00'),
(5, '2.97', '7B', '0.00'),
(6, '2.97', '8', '0.00'),
(7, '3.08', '4', '3.10'),
(8, '3.08', '5', '1.40'),
(9, '3.08', '6', '1.60'),
(10, '3.08', '7A', '2.10'),
(11, '3.08', '7B', '0.00'),
(12, '3.08', '8', '0.00'),
(13, '3.69', '4', '7.40'),
(14, '3.69', '5', '5.40'),
(15, '3.69', '6', '6.20'),
(16, '3.69', '7A', '6.70'),
(17, '3.69', '7B', '5.40'),
(18, '3.69', '8', '5.20'),
(19, '3.85', '4', '8.20'),
(20, '3.85', '5', '6.00'),
(21, '3.85', '6', '6.90'),
(22, '3.85', '7A', '7.40'),
(23, '3.85', '7B', '6.20'),
(24, '3.85', '8', '6.00'),
(25, '3.96', '4', '8.90'),
(26, '3.96', '5', '6.80'),
(27, '3.96', '6', '7.70'),
(28, '3.96', '7A', '8.20'),
(29, '3.96', '7B', '7.00'),
(30, '3.96', '8', '6.80'),
(31, '4.29', '4', '10.20'),
(32, '4.29', '5', '8.10'),
(33, '4.29', '6', '9.20'),
(34, '4.29', '7A', '9.70'),
(35, '4.29', '7B', '8.60'),
(36, '4.29', '8', '8.40'),
(37, '4.40', '4', '10.80'),
(38, '4.40', '5', '8.70'),
(39, '4.40', '6', '9.90'),
(40, '4.40', '7A', '10.30'),
(41, '4.40', '7B', '9.30'),
(42, '4.40', '8', '9.10'),
(43, '4.57', '4', '11.40'),
(44, '4.57', '5', '9.30'),
(45, '4.57', '6', '10.60'),
(46, '4.57', '7A', '11.10'),
(47, '4.57', '7B', '10.10'),
(48, '4.57', '8', '9.90'),
(49, '4.73', '4', '11.90'),
(50, '4.73', '5', '9.70'),
(51, '4.73', '6', '11.10'),
(52, '4.73', '7A', '11.50'),
(53, '4.73', '7B', '10.60'),
(54, '4.73', '8', '10.40');

-- --------------------------------------------------------

--
-- Table structure for table `admin`
--

CREATE TABLE `admin` (
  `id` int NOT NULL,
  `firstName` varchar(30) DEFAULT NULL,
  `lastName` varchar(30) DEFAULT NULL,
  `emailID` varchar(320) NOT NULL,
  `password` varchar(255) NOT NULL,
  `login_access_token` varchar(255) DEFAULT NULL,
  `phoneNo` varchar(15) DEFAULT NULL,
  `createdAt` datetime NOT NULL DEFAULT CURRENT_TIMESTAMP,
  `updatedAt` datetime NOT NULL DEFAULT CURRENT_TIMESTAMP ON UPDATE CURRENT_TIMESTAMP,
  `isDeleted` tinyint DEFAULT '0'
) ENGINE=InnoDB DEFAULT CHARSET=utf8mb4 COLLATE=utf8mb4_0900_ai_ci;

--
-- Dumping data for table `admin`
--

INSERT INTO `admin` (`id`, `firstName`, `lastName`, `emailID`, `password`, `login_access_token`, `phoneNo`, `createdAt`, `updatedAt`, `isDeleted`) VALUES
(1, 'Admin', 'admin', 'admin@admin.com', '$2b$10$n1P43IAsiYKQ0MJRKzICT.hbMK5pyJp9tROKWaK1BMdiE8sEFoKdq', NULL, '9876543210', '2024-03-29 11:17:25', '2024-08-20 17:15:09', 0);

-- --------------------------------------------------------

--
-- Table structure for table `air_tightness_level_measures`
--

CREATE TABLE `air_tightness_level_measures` (
  `id` int NOT NULL,
  `homeType` int DEFAULT NULL,
  `level` varchar(50) DEFAULT NULL,
  `zone` varchar(50) DEFAULT NULL,
  `ecPoints` decimal(10,2) DEFAULT '0.00'
) ENGINE=InnoDB DEFAULT CHARSET=utf8mb4 COLLATE=utf8mb4_0900_ai_ci;

--
-- Dumping data for table `air_tightness_level_measures`
--

INSERT INTO `air_tightness_level_measures` (`id`, `homeType`, `level`, `zone`, `ecPoints`) VALUES
(1, 2, 'AL-1A', '4', '0.00'),
(2, 2, 'AL-1A', '5', '0.00'),
(3, 2, 'AL-1A', '6', '0.00'),
(4, 2, 'AL-1A', '7A', '0.00'),
(5, 2, 'AL-1A', '7B', '0.00'),
(6, 2, 'AL-1A', '8', '0.00'),
(7, 2, 'AL-2A', '4', '2.20'),
(8, 2, 'AL-2A', '5', '3.20'),
(9, 2, 'AL-2A', '6', '3.50'),
(10, 2, 'AL-2A', '7A', '3.80'),
(11, 2, 'AL-2A', '7B', '4.30'),
(12, 2, 'AL-2A', '8', '4.80'),
(13, 2, 'AL-3A', '4', '4.30'),
(14, 2, 'AL-3A', '5', '6.30'),
(15, 2, 'AL-3A', '6', '6.90'),
(16, 2, 'AL-3A', '7A', '7.60'),
(17, 2, 'AL-3A', '7B', '8.50'),
(18, 2, 'AL-3A', '8', '9.70'),
(19, 2, 'AL-4A', '4', '6.50'),
(20, 2, 'AL-4A', '5', '9.60'),
(21, 2, 'AL-4A', '6', '10.50'),
(22, 2, 'AL-4A', '7A', '11.40'),
(23, 2, 'AL-4A', '7B', '12.90'),
(24, 2, 'AL-4A', '8', '14.70'),
(25, 2, 'AL-5A', '4', '8.30'),
(26, 2, 'AL-5A', '5', '12.30'),
(27, 2, 'AL-5A', '6', '13.40'),
(28, 2, 'AL-5A', '7A', '14.70'),
(29, 2, 'AL-5A', '7B', '16.50'),
(30, 2, 'AL-5A', '8', '18.80'),
(31, 1, 'AL-1B', '4', '0.00'),
(32, 1, 'AL-1B', '5', '0.00'),
(33, 1, 'AL-1B', '6', '0.00'),
(34, 1, 'AL-1B', '7A', '0.00'),
(35, 1, 'AL-1B', '7B', '0.00'),
(36, 1, 'AL-1B', '8', '0.00'),
(37, 1, 'AL-2B', '4', '2.10'),
(38, 1, 'AL-2B', '5', '3.20'),
(39, 1, 'AL-2B', '6', '3.50'),
(40, 1, 'AL-2B', '7A', '3.80'),
(41, 1, 'AL-2B', '7B', '4.30'),
(42, 1, 'AL-2B', '8', '4.80'),
(43, 1, 'AL-3B', '4', '4.30'),
(44, 1, 'AL-3B', '5', '6.40'),
(45, 1, 'AL-3B', '6', '6.90'),
(46, 1, 'AL-3B', '7A', '7.60'),
(47, 1, 'AL-3B', '7B', '8.50'),
(48, 1, 'AL-3B', '8', '9.60'),
(49, 1, 'AL-4B', '4', '6.40'),
(50, 1, 'AL-4B', '5', '9.60'),
(51, 1, 'AL-4B', '6', '10.40'),
(52, 1, 'AL-4B', '7A', '11.50'),
(53, 1, 'AL-4B', '7B', '12.80'),
(54, 1, 'AL-4B', '8', '14.50'),
(55, 1, 'AL-5B', '4', '8.60'),
(56, 1, 'AL-5B', '5', '12.80'),
(57, 1, 'AL-5B', '6', '14.00'),
(58, 1, 'AL-5B', '7A', '15.40'),
(59, 1, 'AL-5B', '7B', '17.20'),
(60, 1, 'AL-5B', '8', '19.60'),
(61, 1, 'AL-6B', '4', '10.40'),
(62, 1, 'AL-6B', '5', '15.60'),
(63, 1, 'AL-6B', '6', '17.00'),
(64, 1, 'AL-6B', '7A', '18.70'),
(65, 1, 'AL-6B', '7B', '20.90'),
(66, 1, 'AL-6B', '8', '23.80');

-- --------------------------------------------------------

--
-- Table structure for table `assembly`
--

CREATE TABLE `assembly` (
  `id` int NOT NULL,
  `assemblyCategoryId` int NOT NULL,
  `assemblyTitle` varchar(100) DEFAULT NULL,
  `subTitle` varchar(100) DEFAULT NULL,
  `standardCost` decimal(10,2) DEFAULT '0.00',
  `totalEffectiveRSI` decimal(10,2) DEFAULT '0.00',
  `totalEffectiveRValue` decimal(10,2) DEFAULT '0.00',
  `max_uValue` varchar(50) DEFAULT NULL,
  `min_energy_rating` varchar(50) DEFAULT NULL,
  `energy_efficiency` varchar(50) DEFAULT NULL,
  `homeType` int DEFAULT '0',
  `levels` varchar(50) DEFAULT NULL,
  `createdAt` datetime NOT NULL DEFAULT CURRENT_TIMESTAMP,
  `updatedAt` datetime NOT NULL DEFAULT CURRENT_TIMESTAMP ON UPDATE CURRENT_TIMESTAMP,
  `isDeleted` tinyint DEFAULT '0'
) ENGINE=InnoDB DEFAULT CHARSET=utf8mb4 COLLATE=utf8mb4_0900_ai_ci;

--
-- Dumping data for table `assembly`
--

INSERT INTO `assembly` (`id`, `assemblyCategoryId`, `assemblyTitle`, `subTitle`, `standardCost`, `totalEffectiveRSI`, `totalEffectiveRValue`, `max_uValue`, `min_energy_rating`, `energy_efficiency`, `homeType`, `levels`, `createdAt`, `updatedAt`, `isDeleted`) VALUES
(1, 1, 'AGW#01 - Drywall + R22 batt @ 16\" o.c. + 7 / 16\" OSB + Siding', 'Lumber Stud - Stud dimensional lumber - 38 mm x 140 mm (2\"x6\") with RSI=1.19 m²K/W', '20200.00', '3.00', '17.03', NULL, NULL, NULL, 0, NULL, '2024-03-21 09:36:23', '2024-03-21 09:36:23', 0),
(2, 1, 'AGW#02 - Drywall + R22 batt @ 16\" o.c. + 7 / 16\" OSB + Brick', 'Lumber Stud - Stud dimensional lumber - 38 mm x 140 mm (2\"x6\") with RSI=1.19 m²K/W', '24200.00', '3.13', '17.78', NULL, NULL, NULL, 0, NULL, '2024-03-21 09:36:23', '2024-03-21 09:36:23', 0),
(3, 1, 'AGW#03 - Drywall + R20 batt @ 16\" o.c. + R5 c.i. (1\" XPS or equivalent), No OSB + Brick', 'Lumber Stud - Stud dimensional lumber - 38 mm x 140 mm (2\"x6\") with RSI=1.19 m²K/W', '29900.00', '3.76', '21.33', NULL, NULL, NULL, 0, NULL, '2024-03-21 09:36:23', '2024-03-21 09:36:23', 0),
(4, 1, 'AGW#04 - Drywall + R19 batt @ 16\" o.c. + R10 c.i. (2\" XPS or equivalent), No OSB + Brick', 'Lumber Stud - Stud dimensional lumber - 38 mm x 140 mm (2\"x6\") with RSI=1.19 m²K/W', '31950.00', '4.56', '25.90', NULL, NULL, NULL, 0, NULL, '2024-03-21 09:36:23', '2024-03-21 09:36:23', 0),
(5, 2, 'BGW#01 - 8\" Concrete + R20 Full Height Blankets + no finish', 'Foundation Wall – Cast-in-place concrete with interior stud frame wall', '1500.00', '3.72', '21.12', NULL, NULL, NULL, 0, NULL, '2024-03-29 07:32:54', '2024-04-26 12:55:37', 0),
(6, 2, 'BGW#02 - 8\" Concrete + R4 ci (1\" MW) + R19 Batt 2\"x6\" @ 16\" o.c. + no finish', 'Foundation Wall – Cast-in-place concrete with interior stud frame wall', '12400.00', '2.87', '16.31', NULL, NULL, NULL, 0, NULL, '2024-03-29 07:32:54', '2024-04-26 12:59:46', 0),
(7, 2, 'BGW#03 - 8\" Concrete + R5 ci (1\" XPS) + R20 Batt 2\"x6\" @ 24\" o.c. + drywall', 'Foundation Wall – Cast-in-place concrete with interior stud frame wall', '13971.00', '3.97', '22.54', NULL, NULL, NULL, 0, NULL, '2024-03-29 07:32:54', '2024-04-26 13:01:58', 0),
(8, 3, 'U1.61 / ER25 (2015)', 'Subtitle', '11350.00', '0.00', '0.00', '1.61', '25', NULL, 0, NULL, '2024-03-29 07:32:54', '2024-07-08 10:49:48', 0),
(9, 3, 'U1.44 / ER29', 'Subtitle', '12450.00', '0.00', '0.00', '1.44', '29', NULL, 0, NULL, '2024-03-29 07:32:54', '2024-04-26 13:13:00', 0),
(10, 3, 'U1.22 / ER34', 'Subtitle', '13700.00', '0.00', '0.00', '1.22', '34', NULL, 0, NULL, '2024-03-29 07:32:54', '2024-04-26 13:13:30', 0),
(11, 3, 'U1.05 / ER40', 'Subtitle', '15100.00', '0.00', '0.00', '1.05', '40', NULL, 0, NULL, '2024-03-29 07:32:54', '2024-04-26 13:15:19', 0),
(12, 3, 'U0.94 / ER42', 'Subtitle', '16650.00', '0.00', '0.00', '0.94', '42', NULL, 0, NULL, '2024-03-29 07:32:54', '2024-04-26 13:15:47', 0),
(13, 3, 'U0.82 / ER44', 'Subtitle', '18350.00', '0.00', '0.00', '0.82', '44', NULL, 0, NULL, '2024-03-29 07:32:54', '2024-04-26 13:16:14', 0),
(14, 4, 'Level 1 (ACH 3.0)', 'Subtitle', '0.00', '0.00', '0.00', NULL, NULL, NULL, 2, 'AL-1A', '2024-03-29 07:32:54', '2024-04-26 12:30:25', 0),
(15, 4, 'Level 3 (ACH 2.5)', 'Subtitle', '2450.00', '0.00', '0.00', NULL, NULL, NULL, 1, 'AL-3B', '2024-03-29 07:32:54', '2024-04-26 12:27:55', 0),
(16, 4, 'Level 4 (ACH 1.0)', 'Subtitle', '2750.00', '0.00', '0.00', NULL, NULL, NULL, 1, 'AL-4B', '2024-03-29 07:32:54', '2024-04-26 12:28:43', 0),
(17, 4, 'Level 5 (ACH 1.5)', 'Subtitle', '3050.00', '0.00', '0.00', NULL, NULL, NULL, 1, 'AL-5B', '2024-03-29 07:32:54', '2024-04-26 12:29:13', 0),
(18, 4, 'Level 6 (ACH 1.0)', 'Subtitle', '0.00', '0.00', '0.00', NULL, NULL, NULL, 1, 'AL-6B', '2024-03-29 07:32:54', '2024-04-26 12:29:42', 0),
(19, 5, '60% ≤ SRE < 65%', 'Subtitle', '1300.00', '0.00', '0.00', NULL, NULL, NULL, 0, NULL, '2024-03-29 07:32:54', '2024-04-26 13:17:32', 0),
(20, 5, '65% ≤ SRE < 75%', 'Subtitle', '1350.00', '0.00', '0.00', NULL, NULL, NULL, 0, NULL, '2024-03-29 07:32:54', '2024-04-26 13:18:00', 0),
(21, 5, '75% ≤ SRE < 84%', 'Subtitle', '1400.00', '0.00', '0.00', NULL, NULL, NULL, 0, NULL, '2024-03-29 07:32:54', '2024-04-26 13:18:23', 0),
(22, 6, 'Gas- or oil-fired Tankless Condensing Water Heater (EF ≥ 0.95 or UEF ≥ 0.92)', 'Subtitle', '2450.00', '0.00', '0.00', NULL, NULL, 'EF ≥ 0.95 or UEF ≥ 0.92', 0, NULL, '2024-03-29 07:32:54', '2024-04-26 13:20:15', 0),
(23, 6, 'Gas- or oil-fired Residential Storage-type Service Water Heater (EF ≥ 0.80 or UEF ≥ 0.83)', 'Subtitle', '1700.00', '0.00', '0.00', NULL, NULL, 'EF ≥ 0.80 or UEF ≥ 0.83', 0, NULL, '2024-03-29 07:32:54', '2024-04-26 13:19:40', 0),
(24, 6, 'Gas- or oil-fired Residential-duty Commercial Storage-type Service Water Heater (UEF ≥ 0.79)', 'Subtitle', '1700.00', '0.00', '0.00', NULL, NULL, 'UEF ≥ 0.79', 0, NULL, '2024-03-29 07:32:54', '2024-04-26 13:20:49', 0),
(25, 6, 'Gas- or oil-fired Residential-duty Commercial Storage-type Service Water Heater (UEF ≥ 0.85)', 'Subtitle', '1700.00', '0.00', '0.00', NULL, NULL, 'UEF ≥ 0.85', 0, NULL, '2024-03-29 07:32:54', '2024-04-26 13:21:19', 0),
(26, 6, 'Heat pump water heater (EF ≥ 2.35)', 'Subtitle', '3400.00', '0.00', '0.00', NULL, NULL, 'EF ≥ 2.35', 0, NULL, '2024-03-29 07:32:54', '2024-04-26 13:21:49', 0),
(27, 7, '96% AFUE (No Credit Yet)', 'Subtitle', '1174.00', '0.00', '0.00', NULL, NULL, NULL, 0, NULL, '2024-03-29 07:32:54', '2024-07-08 11:03:16', 0),
(28, 7, '98% AFUE', 'Subtitle', '2063.00', '0.00', '0.00', NULL, NULL, NULL, 0, NULL, '2024-03-29 07:32:54', '2024-04-26 13:23:00', 0),
(29, 8, 'Removed', 'Subtitle', '-400.00', '0.00', '0.00', NULL, NULL, NULL, 0, NULL, '2024-03-29 07:32:54', '2024-04-26 13:23:34', 0),
(30, 8, '30% Efficiency', 'Subtitle', '402.00', '0.00', '0.00', NULL, NULL, NULL, 0, NULL, '2024-03-29 07:32:54', '2024-04-26 13:24:09', 0),
(31, 8, '40% Efficiency', 'Subtitle', '499.00', '0.00', '0.00', NULL, NULL, NULL, 0, NULL, '2024-03-29 07:32:54', '2024-04-26 13:24:45', 0),
(32, 8, '50% Efficiency', 'Subtitle', '539.00', '0.00', '0.00', NULL, NULL, NULL, 0, NULL, '2024-03-29 07:32:54', '2024-04-26 13:25:15', 0),
(33, 8, '60% Efficiency', 'Subtitle', '699.00', '0.00', '0.00', NULL, NULL, NULL, 0, NULL, '2024-03-29 07:32:54', '2024-04-26 13:25:45', 0),
(34, 8, '70% Efficiency', 'Subtitle', '1410.00', '0.00', '0.00', NULL, NULL, NULL, 0, NULL, '2024-03-29 07:32:54', '2024-04-26 13:26:10', 0),
(35, 8, '75% Efficiency', 'Subtitle', '1674.00', '0.00', '0.00', NULL, NULL, NULL, 0, NULL, '2024-03-29 07:32:54', '2024-04-26 13:26:37', 0),
(36, 1, 'Test Title updates', 'Test sub Title latest', '123.00', '65.00', '11.00', NULL, NULL, NULL, 0, NULL, '2024-04-09 05:03:38', '2024-04-26 12:19:23', 1),
(37, 1, 'AGW#06 - Drywall + R19 batt @ 16\" o.c. + R10 c.i. (2\" XPS or equivalent), No OSB + Brick', 'Lumber Stud - Stud dimensional lumber - 38 mm x 140 mm (2\"x6\") with RSI=1.19 m²K/W', '32500.00', '5.20', '9.00', NULL, NULL, NULL, 0, NULL, '2024-04-09 05:08:57', '2024-04-26 12:22:58', 0),
(38, 1, 'AGW#05 - Drywall + R22 batt @ 16\" o.c. + R10 c.i. (2\" XPS or equivalent), No OSB + Brick', 'Lumber Stud - Stud dimensional lumber - 38 mm x 140 mm (2\"x6\") with RSI=1.19 m²K/W', '32000.00', '4.80', '26.00', NULL, NULL, NULL, 0, NULL, '2024-04-09 05:03:50', '2024-04-26 12:25:11', 0),
(40, 2, 'ert', 'rte', '5.00', '6.00', '5.00', NULL, NULL, NULL, 0, NULL, '2024-04-10 13:41:42', '2024-04-11 05:24:19', 1),
(41, 4, 'Level 2 (ACH 3.0)', 'Subtitle', '1500.00', '0.00', '0.00', NULL, NULL, NULL, 1, 'AL-2B', '2024-03-29 07:32:54', '2024-04-26 12:27:25', 0),
(42, 4, 'Level 2 (ACH 2.5)', 'Subtitle', '1500.00', '0.00', '0.00', NULL, NULL, NULL, 2, 'AL-2A', '2024-03-29 07:32:54', '2024-04-26 12:30:59', 0),
(43, 4, 'Level 3 (ACH 2.0)', 'Subtitle', '2450.00', '0.00', '0.00', NULL, NULL, NULL, 2, 'AL-3A', '2024-03-29 07:32:54', '2024-04-26 12:31:42', 0),
(44, 4, 'Level 4 (ACH 1.5)', 'Subtitle', '2750.00', '0.00', '0.00', NULL, NULL, NULL, 2, 'AL-4A', '2024-03-29 07:32:54', '2024-04-26 12:32:16', 0),
(45, 4, 'Level 5 (ACH 1.0)', 'Subtitle', '3050.00', '0.00', '0.00', NULL, NULL, NULL, 2, 'AL-5A', '2024-03-29 07:32:54', '2024-04-26 12:32:47', 0),
(46, 4, 'Level 1 (ACH 3.5)', 'Subtitle', '0.00', '0.00', '0.00', NULL, NULL, NULL, 1, 'AL-1B', '2024-03-29 07:32:54', '2024-04-26 12:26:43', 0),
(47, 7, 'None', 'None', '0.00', '0.00', '0.00', NULL, NULL, NULL, 0, NULL, '2024-05-07 10:43:52', '2024-05-07 10:43:52', 0),
(48, 1, 'AGW#07 - Drywall + R24 batt @ 16\" o.c. + R10 c.i. (2\" XPS or equivalent), No OSB + Brick', 'Lumber Stud - Stud dimensional lumber - 38 mm x 140 mm (2\"x6\") with RSI=1.19 m²K/W', '43000.00', '6.00', '9.00', NULL, NULL, NULL, 0, NULL, '2024-07-30 13:30:38', '2024-07-30 13:30:38', 0);

-- --------------------------------------------------------

--
-- Table structure for table `assembly_category`
--

CREATE TABLE `assembly_category` (
  `id` int NOT NULL,
  `title` varchar(100) DEFAULT NULL,
  `createdAt` datetime NOT NULL DEFAULT CURRENT_TIMESTAMP,
  `updatedAt` datetime NOT NULL DEFAULT CURRENT_TIMESTAMP ON UPDATE CURRENT_TIMESTAMP,
  `isDeleted` tinyint DEFAULT '0'
) ENGINE=InnoDB DEFAULT CHARSET=utf8mb4 COLLATE=utf8mb4_0900_ai_ci;

--
-- Dumping data for table `assembly_category`
--

INSERT INTO `assembly_category` (`id`, `title`, `createdAt`, `updatedAt`, `isDeleted`) VALUES
(1, 'Above Grade Walls', '2024-03-21 12:35:00', '2024-03-21 12:35:00', 0),
(2, 'Below Grade Walls', '2024-03-21 12:35:00', '2024-03-21 12:35:00', 0),
(3, 'Fenestration and Doors', '2024-03-21 12:35:00', '2024-03-21 12:35:00', 0),
(4, 'Air Tightness', '2024-03-21 12:35:00', '2024-03-21 12:35:00', 0),
(5, 'Ventilation', '2024-03-21 12:35:00', '2024-03-21 12:35:00', 0),
(6, 'Water Heating Equipment', '2024-03-21 12:35:00', '2024-03-21 12:35:00', 0),
(7, 'Gas-Fired Furnaces', '2024-03-21 12:35:01', '2024-03-21 12:35:01', 0),
(8, 'Drain Water Heat Recovery	', '2024-03-21 12:35:01', '2024-03-21 12:35:01', 0),
(9, 'Ceiling Below Attic Space', '2024-08-11 16:54:14', '2024-08-11 16:54:14', 0);

-- --------------------------------------------------------

--
-- Table structure for table `assembly_elements`
--

CREATE TABLE `assembly_elements` (
  `id` int NOT NULL,
  `assemblyId` int NOT NULL,
  `elementTitle` varchar(100) DEFAULT NULL,
  `elementDetails` varchar(500) DEFAULT NULL,
  `table` varchar(50) DEFAULT NULL,
  `effectiveRSI` decimal(5,2) DEFAULT '0.00',
  `createdAt` datetime NOT NULL DEFAULT CURRENT_TIMESTAMP,
  `updatedAt` datetime NOT NULL DEFAULT CURRENT_TIMESTAMP ON UPDATE CURRENT_TIMESTAMP,
  `isDeleted` tinyint DEFAULT '0'
) ENGINE=InnoDB DEFAULT CHARSET=utf8mb4 COLLATE=utf8mb4_0900_ai_ci;

--
-- Dumping data for table `assembly_elements`
--

INSERT INTO `assembly_elements` (`id`, `assemblyId`, `elementTitle`, `elementDetails`, `table`, `effectiveRSI`, `createdAt`, `updatedAt`, `isDeleted`) VALUES
(1, 1, 'Continuous materials', 'Air film exterior', 'CM-1', '0.03', '2024-03-21 12:35:01', '2024-03-21 12:35:01', 0),
(2, 1, 'Continuous materials', 'Siding', 'CM-1', '0.11', '2024-03-21 12:35:01', '2024-03-21 12:35:01', 0),
(3, 1, 'Continuous materials', 'No Strapping', 'N/A', '0.00', '2024-03-21 12:35:01', '2024-03-21 12:35:01', 0),
(4, 1, 'Continuous materials', 'OSB sheathing, 11mm at 0.0098 RSI/mm', 'CM-1', '0.11', '2024-03-21 12:35:01', '2024-03-21 12:35:01', 0),
(5, 1, 'Frame-Cavity Stud dimensional lumber', 'Frame-Cavity Stud dimensional lumber: 38 mm x 140 mm (2\"x6\"), 410 mm (16\") on-centre, RSI 2.61 (R22) nominal cavity fill between studs', 'WA-2', '2.55', '2024-03-21 12:35:01', '2024-03-21 12:35:01', 0),
(6, 1, 'Continuous materials', 'Polyethylene vapour retarder', 'n/a', '0.00', '2024-03-21 12:35:01', '2024-03-21 12:35:01', 0),
(7, 1, 'Continuous materials', 'Gypsum board, 12.7 mm at 0.0063 RSI/mm', 'CM-1', '0.08', '2024-03-21 12:35:01', '2024-03-21 12:35:01', 0),
(8, 1, 'Continuous materials', 'Air film interior, wall (heat flow horizontal)', 'CM-1', '0.12', '2024-03-21 12:35:01', '2024-03-21 12:35:01', 0),
(9, 5, 'Continuous materials', 'Concrete foundation wall, 200 mm at 0.0004 RSI/mm', 'CM-1 ', '0.08', '2024-03-22 12:36:16', '2024-04-13 13:15:15', 0),
(10, 5, 'Continuous materials', '3.52 (R20) Blanket', 'CM-1', '3.52', '2024-03-22 12:36:16', '2024-04-13 13:15:37', 0),
(11, 5, 'Continuous materials', 'Air film interior, wall (heat flow horizontal)', 'CM-1', '0.12', '2024-03-22 12:36:16', '2024-04-13 13:15:57', 0),
(12, 8, 'Dummy Element Title 1', 'Dummy Element Description', 'CM-1', '0.03', '2024-03-22 12:36:16', '2024-04-26 13:09:44', 1),
(13, 8, 'Dummy Element Title 2', 'Dummy Element Description', 'CM-1', '0.03', '2024-03-22 12:36:16', '2024-04-26 13:09:47', 1),
(14, 8, 'Dummy Element Title 3', 'Dummy Element Description', 'CM-1', '0.03', '2024-03-22 12:36:16', '2024-04-26 13:09:49', 1),
(15, 14, 'Dummy Element Title 1', 'Dummy Element Description', 'CM-1', '0.03', '2024-03-22 12:36:16', '2024-03-22 12:36:16', 0),
(16, 14, 'Dummy Element Title 2', 'Dummy Element Description', 'CM-1', '0.03', '2024-03-22 12:36:16', '2024-03-22 12:36:16', 0),
(17, 14, 'Dummy Element Title 3', 'Dummy Element Description', 'CM-1', '0.03', '2024-03-22 12:36:16', '2024-03-22 12:36:16', 0),
(18, 19, 'Dummy Element Title 1', 'Dummy Element Description', 'CM-1', '0.03', '2024-03-22 12:36:16', '2024-04-26 13:17:15', 1),
(19, 19, 'Dummy Element Title 2', 'Dummy Element Description', 'CM-1', '0.03', '2024-03-22 12:36:16', '2024-04-26 13:17:18', 1),
(20, 19, 'Dummy Element Title 3', 'Dummy Element Description', 'CM-1', '0.03', '2024-03-22 12:36:16', '2024-04-26 13:17:21', 1),
(21, 22, 'Dummy Element Title 1', 'Dummy Element Description', 'CM-1', '0.03', '2024-03-22 12:36:16', '2024-04-26 13:20:08', 1),
(22, 22, 'Dummy Element Title 2', 'Dummy Element Description', 'CM-1', '0.03', '2024-03-22 12:36:16', '2024-04-26 13:20:10', 1),
(23, 22, 'Dummy Element Title 3', 'Dummy Element Description', 'CM-1', '0.03', '2024-03-22 12:36:16', '2024-04-26 13:20:13', 1),
(24, 27, 'Dummy Element Title 1', 'Dummy Element Description', 'CM-1', '0.03', '2024-03-22 12:36:16', '2024-04-26 13:22:26', 1),
(25, 27, 'Dummy Element Title 2', 'Dummy Element Description', 'CM-1', '0.03', '2024-03-22 12:36:16', '2024-04-26 13:22:29', 1),
(26, 27, 'Dummy Element Title 3', 'Dummy Element Description', 'CM-1', '0.03', '2024-03-22 12:36:16', '2024-04-26 13:22:31', 1),
(27, 29, 'Dummy Element Title 1', 'Dummy Element Description', 'CM-1', '0.03', '2024-03-22 12:36:16', '2024-04-26 13:23:27', 1),
(28, 29, 'Dummy Element Title 2', 'Dummy Element Description', 'CM-1', '0.03', '2024-03-22 12:36:16', '2024-04-26 13:23:30', 1),
(29, 29, 'Dummy Element Title 3', 'Dummy Element Description', 'CM-1', '0.03', '2024-03-22 12:36:16', '2024-04-26 13:23:32', 1),
(30, 30, 'Test-edit', 'test details', '2', '34.00', '2024-04-10 13:46:55', '2024-04-26 13:24:02', 1),
(31, 2, 'Continuous materials', 'Air film exterior ', 'CM-1', '0.03', '2024-04-13 12:58:20', '2024-04-13 12:58:20', 0),
(32, 2, 'Continuous materials', '88.9 mm (3.5\") Brick fired clay RSI 0.0007 per mm', 'CM-1 ', '0.06', '2024-04-13 12:58:49', '2024-04-13 12:58:49', 0),
(33, 2, 'Continuous materials ', '20 - 90 mm (1\") air space walls (heat flow horizontal)', 'CM-1 ', '0.18', '2024-04-13 12:59:20', '2024-04-13 12:59:20', 0),
(34, 2, 'Continuous materials ', 'OSB sheathing, 11mm at 0.0098 RSI/mm', 'CM-1 ', '0.11', '2024-04-13 12:59:53', '2024-04-13 12:59:53', 0),
(35, 2, 'Frame-Cavity Stud dimensional lumber', 'Frame-Cavity Stud dimensional lumber: 38 mm x 140 mm (2\"x6\"), 410 mm (16\") on-centre, RSI 2.61 (R22) nominal cavity fill between studs', 'WA-2', '2.55', '2024-04-13 13:01:49', '2024-04-13 13:01:49', 0),
(36, 2, 'Continuous materials ', 'Polyethylene vapour retarder', 'n/a', '0.00', '2024-04-13 13:02:40', '2024-04-13 13:02:40', 0),
(37, 2, 'Continuous materials ', 'Gypsum board, 12.7 mm at 0.0063 RSI/mm ', 'CM-1', '0.08', '2024-04-13 13:03:01', '2024-04-13 13:03:01', 0),
(38, 2, 'Continuous materials ', 'Air film interior, wall (heat flow horizontal) ', 'CM-1', '0.12', '2024-04-13 13:03:27', '2024-04-13 13:03:27', 0),
(39, 3, 'Continuous materials', 'Air film exterior', 'CM-1', '0.03', '2024-04-13 13:04:25', '2024-04-13 13:04:25', 0),
(40, 3, 'Continuous materials', '88.9 mm (3.5\") Brick fired clay RSI 0.0007 per mm', 'CM-1', '0.06', '2024-04-13 13:04:51', '2024-04-13 13:04:51', 0),
(41, 3, 'Continuous materials', '13 - 19 mm (1\") air space walls (heat flow horizontal)', 'CM-1', '0.16', '2024-04-13 13:05:16', '2024-04-13 13:05:16', 0),
(42, 3, 'Continuous materials', 'Extruded polystyrene (XPS), 25 mm at RSI 0.035/mm', 'CM-1', '0.88', '2024-04-13 13:05:38', '2024-04-13 13:05:38', 0),
(43, 3, 'Frame-Cavity Stud dimensional lumber', 'Frame-Cavity Stud dimensional lumber: 38 mm x 140 mm (2\"x6\"), 406 mm (16\") on-centre, RSI 2.43 (R20) nominal cavity fill between studs', 'WA-2', '2.43', '2024-04-13 13:06:02', '2024-04-13 13:06:02', 0),
(44, 3, 'Continuous materials', 'Polyethylene vapour retarder', 'n/a', '0.00', '2024-04-13 13:06:24', '2024-04-13 13:06:24', 0),
(45, 3, 'Continuous materials', 'Gypsum board, 12.7 mm at 0.0063 RSI/mm', 'CM-1', '0.08', '2024-04-13 13:06:49', '2024-04-13 13:06:49', 0),
(46, 3, 'Continuous materials', 'Air film interior, wall (heat flow horizontal)', 'CM-1', '0.12', '2024-04-13 13:07:12', '2024-04-13 13:07:12', 0),
(47, 4, 'Continuous materials', 'Air film exterior', 'CM-1', '0.03', '2024-04-13 13:08:17', '2024-04-13 13:08:17', 0),
(48, 4, 'Continuous materials', '88.9 mm (3.5\") Brick fired clay RSI 0.0007 per mm', 'CM-1', '0.06', '2024-04-13 13:08:38', '2024-04-13 13:08:38', 0),
(49, 4, 'Continuous materials', '13 - 19 mm (1\") air space walls (heat flow horizontal)', 'CM-1', '0.16', '2024-04-13 13:08:59', '2024-04-13 13:08:59', 0),
(50, 4, 'Continuous materials', 'Extruded polystyrene (XPS), 50 mm at RSI 0.035/mm', 'CM-1', '1.75', '2024-04-13 13:09:20', '2024-04-13 13:09:20', 0),
(51, 4, 'Frame-Cavity Stud dimensional lumber', 'Frame-Cavity Stud dimensional lumber: 38 mm x 140 mm (2\"x6\"), 406 mm (16\") on-centre, RSI 2.36 (R19) nominal cavity fill between studs', 'WA-2', '2.36', '2024-04-13 13:09:43', '2024-04-13 13:09:43', 0),
(52, 4, 'Continuous materials', 'Polyethylene vapour retarder', 'n/a', '0.00', '2024-04-13 13:12:10', '2024-04-13 13:12:10', 0),
(53, 4, 'Continuous materials', 'Gypsum board, 12.7 mm at 0.0063 RSI/mm', 'CM-1', '0.08', '2024-04-13 13:12:35', '2024-04-13 13:12:35', 0),
(54, 4, 'Continuous materials', 'Air film interior, wall (heat flow horizontal)', 'CM-1', '0.12', '2024-04-13 13:13:05', '2024-04-13 13:13:05', 0),
(57, 6, 'Continuous materials', 'Concrete foundation wall, 200 mm at 0.0004 RSI/mm', 'CM-1', '0.08', '2024-04-13 13:16:38', '2024-04-13 13:16:38', 0),
(58, 6, 'Continuous materials', 'Rock fibre semi-rigid board, 25 mm (1\") at RSI 0.0277/mm ', 'CM-1 ', '0.69', '2024-04-13 13:16:59', '2024-04-13 13:16:59', 0),
(59, 6, 'Frame-Cavity', 'Stud dimensional lumber: 38 mm x 89 mm (2\"x4\") spruce with RSI=0.757 m²K/W, 610 mm (24\") on-centre, RSI 2.46 (R14) nominal cavity fill between studs', 'WB-1', '1.90', '2024-04-13 13:17:20', '2024-04-13 13:17:20', 0),
(60, 6, 'Continuous materials', 'Gypsum board, 12.7 mm at 0.0063 RSI/mm', 'CM-1', '0.08', '2024-04-13 13:17:39', '2024-04-13 13:17:39', 0),
(61, 6, 'Continuous materials', 'Air film interior, wall (heat flow horizontal)', 'CM-1', '0.12', '2024-04-13 13:17:58', '2024-04-13 13:17:58', 0),
(62, 7, 'Continuous materials', 'Concrete foundation wall, 200 mm at 0.0004 RSI/mm', 'CM-1', '0.08', '2024-04-13 13:18:45', '2024-04-13 13:18:45', 0),
(63, 7, 'Continuous materials', 'Extruded polystyrene (XPS), 25 mm at 0.035 RSI/mm', 'CM-1', '0.88', '2024-04-13 13:19:09', '2024-04-13 13:19:09', 0),
(64, 7, 'Frame-Cavity', 'Stud dimensional lumber: 38 mm x 140 mm (2\"\"x6\"\") spruce with RSI=1.19 m²K/W, 610 mm (24\"\") on-centre, RSI 3.52 (R20) nominal cavity fill between studs', 'WB-2', '2.81', '2024-04-13 13:19:42', '2024-04-13 13:19:42', 0),
(65, 7, 'Continuous materials', 'Gypsum board, 12.7 mm at 0.0063 RSI/mm', 'CM-1', '0.08', '2024-04-13 13:20:00', '2024-04-13 13:20:00', 0),
(66, 7, 'Continuous materials', 'Air film interior, wall (heat flow horizontal)', 'CM-1', '0.12', '2024-04-13 13:20:17', '2024-04-13 13:20:17', 0),
(67, 5, 'Dummy Element Title 1', 'Dummy Element Description', 'CM-1', '0.03', '2024-04-15 07:26:10', '2024-04-26 12:55:11', 1),
(68, 5, 'Dummy Element Title 2', 'Dummy Element Description', 'CM-1', '0.03', '2024-04-15 07:26:10', '2024-04-26 12:55:14', 1),
(69, 5, 'Dummy Element Title 3', 'Dummy Element Description', 'CM-1', '0.03', '2024-04-15 07:26:10', '2024-04-26 12:55:17', 1),
(70, 38, 'Continuous materials', 'Air film exterior', 'CM-1', '0.03', '2024-04-26 12:22:24', '2024-04-26 12:22:24', 0),
(71, 38, 'Continuous materials', 'Air film interior, wall (heat flow horizontal)', 'CM-1', '0.12', '2024-04-26 12:22:50', '2024-04-26 12:22:50', 0),
(72, 37, 'Continuous materials', 'Air film exterior', 'CM-1', '0.03', '2024-04-26 12:24:42', '2024-04-26 12:24:42', 0),
(73, 37, 'Continuous materials', 'Air film interior, wall (heat flow horizontal)', 'CM-1', '0.12', '2024-04-26 12:25:03', '2024-04-26 12:25:03', 0),
(74, 37, 'test', 'test', 'test', '1.40', '2024-07-08 10:47:45', '2024-07-08 10:47:45', 0);

-- --------------------------------------------------------

--
-- Table structure for table `auditor`
--

CREATE TABLE `auditor` (
  `id` int NOT NULL,
  `userId` int NOT NULL,
  `companyId` int DEFAULT '0',
  `pincode` varchar(20) DEFAULT NULL,
  `addressLine1` varchar(500) DEFAULT NULL,
  `addressLine2` varchar(500) DEFAULT NULL,
  `createdAt` datetime NOT NULL DEFAULT CURRENT_TIMESTAMP,
  `updatedAt` datetime NOT NULL DEFAULT CURRENT_TIMESTAMP ON UPDATE CURRENT_TIMESTAMP,
  `isDeleted` tinyint DEFAULT '0'
) ENGINE=InnoDB DEFAULT CHARSET=utf8mb4 COLLATE=utf8mb4_0900_ai_ci;

--
-- Dumping data for table `auditor`
--

INSERT INTO `auditor` (`id`, `userId`, `companyId`, `pincode`, `addressLine1`, `addressLine2`, `createdAt`, `updatedAt`, `isDeleted`) VALUES
(1, 2, 0, NULL, 'Ahemdabad', 'Ahemdabad', '2024-07-17 12:28:31', '2024-07-17 12:28:31', 0),
(2, 5, 0, NULL, 'Ahemdabad', 'Ahemdabad', '2024-07-17 14:08:55', '2024-07-17 14:08:55', 0),
(3, 6, 0, NULL, 'Palghar', 'Palghar', '2024-07-18 06:19:25', '2024-07-18 06:19:25', 0),
(4, 8, 0, NULL, '201 Whitehall Drive', 'Unit 6', '2024-07-23 00:15:50', '2024-07-23 00:15:50', 0),
(5, 10, 0, NULL, '447 Becker Road', '447 becker Rd Richmond Hill Ontario', '2024-07-30 20:11:43', '2024-07-30 20:11:43', 0),
(6, 11, 0, NULL, 'bopal', 'ahmedabad', '2024-07-31 06:48:04', '2024-07-31 06:48:04', 0),
(7, 14, 0, NULL, '723', '7 Golden Lion Heights, North York', '2024-07-31 17:10:02', '2024-07-31 17:10:02', 0),
(8, 16, 0, NULL, 'dddd', 'vvvvvvvvvvvvvvvvvvvvvvvvvvvvvvvvvvvvvvvv', '2024-07-31 18:47:54', '2024-07-31 18:47:54', 0);

-- --------------------------------------------------------

--
-- Table structure for table `auditor_documents`
--

CREATE TABLE `auditor_documents` (
  `id` int NOT NULL,
  `auditorId` int NOT NULL,
  `documentTypeId` int DEFAULT '0',
  `documentFile` varchar(100) DEFAULT NULL,
  `isVerified` tinyint DEFAULT '0',
  `createdAt` datetime NOT NULL DEFAULT CURRENT_TIMESTAMP,
  `updatedAt` datetime NOT NULL DEFAULT CURRENT_TIMESTAMP ON UPDATE CURRENT_TIMESTAMP,
  `isDeleted` tinyint DEFAULT '0'
) ENGINE=InnoDB DEFAULT CHARSET=utf8mb4 COLLATE=utf8mb4_0900_ai_ci;

-- --------------------------------------------------------

--
-- Table structure for table `auditor_pincode`
--

CREATE TABLE `auditor_pincode` (
  `id` int NOT NULL,
  `auditorId` int DEFAULT NULL,
  `pincode` varchar(20) DEFAULT NULL,
  `provinceId` int DEFAULT NULL,
  `createdAt` datetime NOT NULL DEFAULT CURRENT_TIMESTAMP,
  `updatedAt` datetime NOT NULL DEFAULT CURRENT_TIMESTAMP ON UPDATE CURRENT_TIMESTAMP,
  `isDeleted` tinyint DEFAULT '0'
) ENGINE=InnoDB DEFAULT CHARSET=utf8mb4 COLLATE=utf8mb4_0900_ai_ci;

--
-- Dumping data for table `auditor_pincode`
--

INSERT INTO `auditor_pincode` (`id`, `auditorId`, `pincode`, `provinceId`, `createdAt`, `updatedAt`, `isDeleted`) VALUES
(1, 1, NULL, 2, '2024-07-17 12:28:42', '2024-07-17 12:28:42', 0),
(2, 2, NULL, 2, '2024-07-17 14:09:38', '2024-07-17 14:09:38', 0),
(3, 3, NULL, 9, '2024-07-18 06:20:59', '2024-07-18 06:20:59', 0),
(4, 6, NULL, 1, '2024-07-31 11:56:15', '2024-07-31 11:56:17', 1),
(5, 6, NULL, 4, '2024-07-31 11:56:41', '2024-07-31 11:56:41', 0),
(6, 7, NULL, 9, '2024-07-31 17:14:30', '2024-07-31 17:14:30', 0),
(7, 8, NULL, 5, '2024-07-31 18:48:32', '2024-07-31 18:48:32', 0);

-- --------------------------------------------------------

--
-- Table structure for table `auditor_rejected_audit`
--

CREATE TABLE `auditor_rejected_audit` (
  `id` int NOT NULL,
  `auditorId` int DEFAULT NULL,
  `auditId` int DEFAULT NULL,
  `rejectReason` varchar(250) DEFAULT NULL,
  `createdAt` datetime NOT NULL DEFAULT CURRENT_TIMESTAMP,
  `updatedAt` datetime NOT NULL DEFAULT CURRENT_TIMESTAMP ON UPDATE CURRENT_TIMESTAMP,
  `isDeleted` tinyint DEFAULT '0'
) ENGINE=InnoDB DEFAULT CHARSET=utf8mb4 COLLATE=utf8mb4_0900_ai_ci;

-- --------------------------------------------------------

--
-- Table structure for table `audits`
--

CREATE TABLE `audits` (
  `id` int NOT NULL,
  `propertyId` int DEFAULT NULL,
  `auditorId` int DEFAULT NULL,
  `auditRequestId` int DEFAULT NULL,
  `projectName` varchar(100) DEFAULT NULL,
  `provinceId` int DEFAULT NULL,
  `weatherStationId` int DEFAULT NULL,
  `hdd` int DEFAULT '0',
  `nbcClimateZone` varchar(10) DEFAULT NULL,
  `nbcPerspectiveTierId` int DEFAULT NULL,
  `houseTypeId` int DEFAULT NULL,
  `fdwrPercent` decimal(10,2) DEFAULT '0.00',
  `volume` decimal(10,2) DEFAULT '0.00',
  `unit` int DEFAULT NULL,
  `credit` decimal(10,2) DEFAULT '0.00',
  `ecpRequired` decimal(10,2) DEFAULT '0.00',
  `firstName` varchar(100) DEFAULT NULL,
  `lastName` varchar(100) DEFAULT NULL,
  `emailId` varchar(100) DEFAULT NULL,
  `phone` varchar(20) DEFAULT NULL,
  `pincode1` varchar(20) DEFAULT NULL,
  `pincode2` varchar(20) DEFAULT NULL,
  `addressLine1` varchar(500) DEFAULT NULL,
  `addressLine2` varchar(500) DEFAULT NULL,
  `userProvinceId` int DEFAULT NULL,
  `auditStatusId` int DEFAULT NULL,
  `rejectReason` varchar(250) DEFAULT NULL,
  `reportLink` varchar(100) DEFAULT NULL,
  `createdAt` datetime NOT NULL DEFAULT CURRENT_TIMESTAMP,
  `updatedAt` datetime NOT NULL DEFAULT CURRENT_TIMESTAMP ON UPDATE CURRENT_TIMESTAMP,
  `isDeleted` tinyint DEFAULT '0'
) ENGINE=InnoDB DEFAULT CHARSET=utf8mb4 COLLATE=utf8mb4_0900_ai_ci;

--
-- Dumping data for table `audits`
--

INSERT INTO `audits` (`id`, `propertyId`, `auditorId`, `auditRequestId`, `projectName`, `provinceId`, `weatherStationId`, `hdd`, `nbcClimateZone`, `nbcPerspectiveTierId`, `houseTypeId`, `fdwrPercent`, `volume`, `unit`, `credit`, `ecpRequired`, `firstName`, `lastName`, `emailId`, `phone`, `pincode1`, `pincode2`, `addressLine1`, `addressLine2`, `userProvinceId`, `auditStatusId`, `rejectReason`, `reportLink`, `createdAt`, `updatedAt`, `isDeleted`) VALUES
(1, 1, 1, 1, 'Abc hospital', 2, 52, 4396, '6', 1, 1, '56.00', '555.00', 2, '0.00', '0.00', 'Chintan', 'Vekariya', 'chintanvekariya1812@gmail.com', '9664920112', '', '364060', 'Science City , Ahemdabad', 'Ahemdabad', 2, 4, NULL, NULL, '2024-07-17 12:27:01', '2024-07-17 12:30:34', 0),
(2, 2, 1, NULL, 'New Project', 2, 46, 4860, '6', 2, 1, '55.00', '666.00', 2, '0.00', '10.00', 'Chintan', 'Patel', 'test1@gmail.com', '9664920112', '', '364060', 'Science City', 'Ahemdabad', 2, 4, NULL, NULL, '2024-07-17 12:33:47', '2024-07-17 12:36:56', 0),
(3, 1, 1, 2, NULL, NULL, NULL, 0, NULL, NULL, NULL, '0.00', '0.00', NULL, '0.00', '0.00', 'Chintan', 'Vekariya', 'chintanvekariya1812@gmail.com', '9664920112', '', NULL, 'Science City , Ahemdabad, Ahemdabad', NULL, 2, 3, NULL, NULL, '2024-07-17 12:34:32', '2024-07-17 12:35:10', 0),
(4, 3, 3, 3, 'Ankit\'s Home', 9, 274, 3664, '5', 3, 1, '15.00', '400.00', 2, '0.00', '20.00', 'Ankit', 'Panchal', 'ankzee@gmail.com', '8007537301', '', '401404', 'C-207, Navkar Apartment, Mahim Road, Palghar West', 'Palghar', 9, 4, NULL, NULL, '2024-07-17 13:25:27', '2024-07-18 06:24:08', 0),
(5, 4, 3, NULL, 'Makeup Studio', 9, 273, 3559, '5', 2, 1, '15.00', '595.00', 2, '0.00', '10.00', 'Diana', 'Panchal', 'dap@gmail.com', '9619708042', '', '401404', 'Palghar', 'Palghar', 9, 4, NULL, NULL, '2024-07-18 06:29:51', '2024-07-18 06:29:51', 0),
(6, 5, 4, NULL, 'House Test', 9, 272, 3863, '5', 3, 1, '16.00', '409.00', 2, '0.00', '20.00', 'test', 'tesssss', 'jack0503@gmail.com', '4168355382', '', 'M2M2M2', '123 test st', '123 Test', 9, 4, NULL, NULL, '2024-07-23 00:20:04', '2024-07-30 17:56:56', 0),
(7, 6, 6, NULL, 'new project', 2, 45, 2764, '4', 3, 1, '12.00', '350.00', 2, '5.00', '15.00', 'Sahil', 'Patel', 'sahil.patel+@crestinfotech.co.in', '1234567890', '', '1234', 'nikol12 ahmedabad', 'nikol12 ahmedabad', 2, 4, NULL, NULL, '2024-07-31 07:31:51', '2024-07-31 07:31:51', 0),
(8, 7, 6, 4, NULL, NULL, NULL, 0, NULL, NULL, NULL, '0.00', '0.00', NULL, '0.00', '0.00', 'Happy', 'Patel', 'happy@gmail.com', '1234567890', '', NULL, 'Nikol, ahmedabad', NULL, 2, 3, NULL, NULL, '2024-07-31 11:55:58', '2024-07-31 11:56:54', 0);

-- --------------------------------------------------------

--
-- Table structure for table `audit_assembly_selection`
--

CREATE TABLE `audit_assembly_selection` (
  `id` int NOT NULL,
  `auditId` int NOT NULL,
  `assemblyCategoryId` int NOT NULL,
  `assemblyId` int NOT NULL,
  `cost` decimal(10,2) DEFAULT '0.00',
  `ecp` decimal(10,2) DEFAULT '0.00',
  `createdAt` datetime NOT NULL DEFAULT CURRENT_TIMESTAMP,
  `updatedAt` datetime NOT NULL DEFAULT CURRENT_TIMESTAMP ON UPDATE CURRENT_TIMESTAMP,
  `isDeleted` tinyint DEFAULT '0'
) ENGINE=InnoDB DEFAULT CHARSET=utf8mb4 COLLATE=utf8mb4_0900_ai_ci;

--
-- Dumping data for table `audit_assembly_selection`
--

INSERT INTO `audit_assembly_selection` (`id`, `auditId`, `assemblyCategoryId`, `assemblyId`, `cost`, `ecp`, `createdAt`, `updatedAt`, `isDeleted`) VALUES
(1, 1, 1, 1, '20200.00', '0.00', '2024-07-17 12:30:34', '2024-07-17 12:30:34', 0),
(2, 1, 1, 2, '24200.00', '1.60', '2024-07-17 12:30:34', '2024-07-17 12:30:34', 0),
(3, 1, 1, 3, '29900.00', '6.20', '2024-07-17 12:30:34', '2024-07-17 12:30:34', 0),
(4, 1, 2, 6, '12400.00', '0.00', '2024-07-17 12:30:34', '2024-07-17 12:30:34', 0),
(5, 1, 2, 7, '13971.00', '1.40', '2024-07-17 12:30:34', '2024-07-17 12:30:34', 0),
(6, 1, 3, 9, '12450.00', '1.60', '2024-07-17 12:30:34', '2024-07-17 12:30:34', 0),
(7, 1, 3, 10, '13700.00', '4.60', '2024-07-17 12:30:34', '2024-07-17 12:30:34', 0),
(8, 1, 3, 11, '15100.00', '0.00', '2024-07-17 12:30:34', '2024-07-17 12:30:34', 0),
(9, 1, 4, 41, '1500.00', '3.50', '2024-07-17 12:30:34', '2024-07-17 12:30:34', 0),
(10, 1, 4, 15, '2450.00', '6.90', '2024-07-17 12:30:34', '2024-07-17 12:30:34', 0),
(11, 1, 4, 16, '2750.00', '10.40', '2024-07-17 12:30:34', '2024-07-17 12:30:34', 0),
(12, 1, 5, 19, '1300.00', '0.70', '2024-07-17 12:30:34', '2024-07-17 12:30:34', 0),
(13, 1, 5, 20, '1350.00', '2.20', '2024-07-17 12:30:34', '2024-07-17 12:30:34', 0),
(14, 1, 6, 23, '1700.00', '4.90', '2024-07-17 12:30:34', '2024-07-17 12:30:34', 0),
(15, 1, 6, 24, '1700.00', '2.40', '2024-07-17 12:30:34', '2024-07-17 12:30:34', 0),
(16, 1, 7, 28, '2063.00', '1.30', '2024-07-17 12:30:34', '2024-07-17 12:30:34', 0),
(17, 1, 8, 30, '402.00', '1.90', '2024-07-17 12:30:34', '2024-07-17 12:30:34', 0),
(18, 1, 8, 31, '499.00', '2.40', '2024-07-17 12:30:34', '2024-07-17 12:30:34', 0),
(34, 2, 1, 2, '24200.00', '1.60', '2024-07-17 12:36:56', '2024-07-17 12:36:56', 0),
(35, 2, 1, 3, '29900.00', '6.20', '2024-07-17 12:36:56', '2024-07-17 12:36:56', 0),
(36, 2, 1, 37, '32500.00', '11.10', '2024-07-17 12:36:56', '2024-07-17 12:36:56', 0),
(37, 2, 2, 6, '12400.00', '0.00', '2024-07-17 12:36:56', '2024-07-17 12:36:56', 0),
(38, 2, 2, 7, '13971.00', '1.40', '2024-07-17 12:36:56', '2024-07-17 12:36:56', 0),
(39, 2, 3, 9, '12450.00', '1.60', '2024-07-17 12:36:56', '2024-07-17 12:36:56', 0),
(40, 2, 3, 10, '13700.00', '4.60', '2024-07-17 12:36:56', '2024-07-17 12:36:56', 0),
(41, 2, 3, 11, '15100.00', '0.00', '2024-07-17 12:36:56', '2024-07-17 12:36:56', 0),
(42, 2, 4, 15, '2450.00', '6.90', '2024-07-17 12:36:56', '2024-07-17 12:36:56', 0),
(43, 2, 4, 16, '2750.00', '10.40', '2024-07-17 12:36:56', '2024-07-17 12:36:56', 0),
(44, 2, 4, 17, '3050.00', '14.00', '2024-07-17 12:36:56', '2024-07-17 12:36:56', 0),
(45, 2, 5, 19, '1300.00', '0.70', '2024-07-17 12:36:56', '2024-07-17 12:36:56', 0),
(46, 2, 5, 20, '1350.00', '2.20', '2024-07-17 12:36:56', '2024-07-17 12:36:56', 0),
(47, 2, 6, 23, '1700.00', '4.90', '2024-07-17 12:36:56', '2024-07-17 12:36:56', 0),
(48, 2, 6, 24, '1700.00', '2.40', '2024-07-17 12:36:56', '2024-07-17 12:36:56', 0),
(49, 2, 7, 27, '1174.00', '0.00', '2024-07-17 12:36:56', '2024-07-17 12:36:56', 0),
(50, 2, 7, 28, '2063.00', '1.30', '2024-07-17 12:36:56', '2024-07-17 12:36:56', 0),
(51, 2, 8, 32, '539.00', '3.00', '2024-07-17 12:36:56', '2024-07-17 12:36:56', 0),
(52, 2, 8, 33, '699.00', '3.50', '2024-07-17 12:36:56', '2024-07-17 12:36:56', 0),
(53, 4, 1, 1, '20200.00', '0.00', '2024-07-18 06:24:08', '2024-07-18 06:24:08', 0),
(54, 4, 1, 2, '24200.00', '1.40', '2024-07-18 06:24:08', '2024-07-18 06:24:08', 0),
(55, 4, 1, 3, '29900.00', '5.40', '2024-07-18 06:24:08', '2024-07-18 06:24:08', 0),
(56, 4, 1, 4, '31950.00', '8.70', '2024-07-18 06:24:08', '2024-07-18 06:24:08', 0),
(57, 4, 2, 5, '1500.00', '0.60', '2024-07-18 06:24:08', '2024-07-18 06:24:08', 0),
(58, 4, 2, 6, '12400.00', '0.00', '2024-07-18 06:24:08', '2024-07-18 06:24:08', 0),
(59, 4, 3, 8, '11350.00', '1.80', '2024-07-18 06:24:08', '2024-07-18 06:24:08', 0),
(60, 4, 3, 9, '12450.00', '3.60', '2024-07-18 06:24:08', '2024-07-18 06:24:08', 0),
(61, 4, 4, 46, '0.00', '0.00', '2024-07-18 06:24:08', '2024-07-18 06:24:08', 0),
(62, 4, 4, 41, '1500.00', '3.20', '2024-07-18 06:24:08', '2024-07-18 06:24:08', 0),
(63, 4, 5, 19, '1300.00', '0.70', '2024-07-18 06:24:08', '2024-07-18 06:24:08', 0),
(64, 4, 5, 20, '1350.00', '2.10', '2024-07-18 06:24:08', '2024-07-18 06:24:08', 0),
(65, 4, 6, 22, '2450.00', '5.40', '2024-07-18 06:24:08', '2024-07-18 06:24:08', 0),
(66, 4, 6, 23, '1700.00', '5.40', '2024-07-18 06:24:08', '2024-07-18 06:24:08', 0),
(67, 4, 7, 47, '0.00', '0.00', '2024-07-18 06:24:08', '2024-07-18 06:24:08', 0),
(68, 4, 8, 29, '-400.00', '0.00', '2024-07-18 06:24:08', '2024-07-18 06:24:08', 0),
(69, 4, 8, 31, '499.00', '2.40', '2024-07-18 06:24:08', '2024-07-18 06:24:08', 0),
(70, 5, 1, 1, '20200.00', '0.00', '2024-07-18 06:29:51', '2024-07-18 06:29:51', 0),
(71, 5, 1, 2, '24200.00', '1.40', '2024-07-18 06:29:51', '2024-07-18 06:29:51', 0),
(72, 5, 1, 3, '29900.00', '5.40', '2024-07-18 06:29:51', '2024-07-18 06:29:51', 0),
(73, 5, 1, 4, '31950.00', '8.70', '2024-07-18 06:29:51', '2024-07-18 06:29:51', 0),
(74, 5, 2, 5, '1500.00', '0.60', '2024-07-18 06:29:51', '2024-07-18 06:29:51', 0),
(75, 5, 2, 6, '12400.00', '0.00', '2024-07-18 06:29:51', '2024-07-18 06:29:51', 0),
(76, 5, 3, 8, '11350.00', '1.80', '2024-07-18 06:29:51', '2024-07-18 06:29:51', 0),
(77, 5, 3, 9, '12450.00', '3.60', '2024-07-18 06:29:51', '2024-07-18 06:29:51', 0),
(78, 5, 4, 46, '0.00', '0.00', '2024-07-18 06:29:51', '2024-07-18 06:29:51', 0),
(79, 5, 4, 41, '1500.00', '3.20', '2024-07-18 06:29:51', '2024-07-18 06:29:51', 0),
(80, 5, 5, 19, '1300.00', '0.70', '2024-07-18 06:29:51', '2024-07-18 06:29:51', 0),
(81, 5, 6, 22, '2450.00', '5.40', '2024-07-18 06:29:51', '2024-07-18 06:29:51', 0),
(82, 5, 6, 23, '1700.00', '5.40', '2024-07-18 06:29:51', '2024-07-18 06:29:51', 0),
(83, 5, 7, 27, '1174.00', '0.00', '2024-07-18 06:29:51', '2024-07-18 06:29:51', 0),
(84, 5, 8, 29, '-400.00', '0.00', '2024-07-18 06:29:51', '2024-07-18 06:29:51', 0),
(85, 5, 8, 31, '499.00', '2.40', '2024-07-18 06:29:51', '2024-07-18 06:29:51', 0),
(127, 6, 1, 1, '10200.00', '0.00', '2024-07-30 17:56:56', '2024-07-30 17:56:56', 0),
(128, 6, 1, 2, '24200.00', '1.40', '2024-07-30 17:56:56', '2024-07-30 17:56:56', 0),
(129, 6, 1, 3, '29900.00', '5.40', '2024-07-30 17:56:56', '2024-07-30 17:56:56', 0),
(130, 6, 1, 4, '11950.00', '8.70', '2024-07-30 17:56:56', '2024-07-30 17:56:56', 0),
(131, 6, 2, 5, '1500.00', '0.60', '2024-07-30 17:56:56', '2024-07-30 17:56:56', 0),
(132, 6, 2, 6, '12400.00', '0.00', '2024-07-30 17:56:56', '2024-07-30 17:56:56', 0),
(133, 6, 3, 8, '11350.00', '1.80', '2024-07-30 17:56:56', '2024-07-30 17:56:56', 0),
(134, 6, 3, 9, '12450.00', '3.60', '2024-07-30 17:56:56', '2024-07-30 17:56:56', 0),
(135, 6, 3, 10, '13700.00', '7.00', '2024-07-30 17:56:56', '2024-07-30 17:56:56', 0),
(136, 6, 3, 11, '15100.00', '0.00', '2024-07-30 17:56:56', '2024-07-30 17:56:56', 0),
(137, 6, 4, 46, '0.00', '0.00', '2024-07-30 17:56:56', '2024-07-30 17:56:56', 0),
(138, 6, 4, 41, '1500.00', '3.20', '2024-07-30 17:56:56', '2024-07-30 17:56:56', 0),
(139, 6, 4, 15, '2450.00', '6.40', '2024-07-30 17:56:56', '2024-07-30 17:56:56', 0),
(140, 6, 5, 20, '1350.00', '2.10', '2024-07-30 17:56:56', '2024-07-30 17:56:56', 0),
(141, 6, 5, 21, '1400.00', '3.20', '2024-07-30 17:56:56', '2024-07-30 17:56:56', 0),
(142, 6, 6, 22, '2450.00', '5.40', '2024-07-30 17:56:56', '2024-07-30 17:56:56', 0),
(143, 6, 6, 23, '1700.00', '5.40', '2024-07-30 17:56:56', '2024-07-30 17:56:56', 0),
(144, 6, 6, 24, '1700.00', '2.70', '2024-07-30 17:56:56', '2024-07-30 17:56:56', 0),
(145, 6, 6, 25, '1700.00', '3.60', '2024-07-30 17:56:56', '2024-07-30 17:56:56', 0),
(146, 6, 7, 27, '1174.00', '0.00', '2024-07-30 17:56:56', '2024-07-30 17:56:56', 0),
(147, 6, 7, 47, '0.00', '0.00', '2024-07-30 17:56:56', '2024-07-30 17:56:56', 0),
(148, 6, 8, 29, '-400.00', '0.00', '2024-07-30 17:56:56', '2024-07-30 17:56:56', 0),
(149, 7, 1, 1, '20200.00', '2.00', '2024-07-31 07:31:52', '2024-07-31 07:31:52', 0),
(150, 7, 1, 37, '32500.00', '11.90', '2024-07-31 07:31:52', '2024-07-31 07:31:52', 0),
(151, 7, 2, 5, '1500.00', '2.20', '2024-07-31 07:31:52', '2024-07-31 07:31:52', 0),
(152, 7, 2, 6, '12400.00', '0.00', '2024-07-31 07:31:52', '2024-07-31 07:31:52', 0),
(153, 7, 3, 8, '11350.00', '1.90', '2024-07-31 07:31:52', '2024-07-31 07:31:52', 0),
(154, 7, 3, 9, '12450.00', '3.80', '2024-07-31 07:31:52', '2024-07-31 07:31:52', 0),
(155, 7, 4, 46, '0.00', '0.00', '2024-07-31 07:31:52', '2024-07-31 07:31:52', 0),
(156, 7, 4, 41, '1500.00', '2.10', '2024-07-31 07:31:52', '2024-07-31 07:31:52', 0),
(157, 7, 5, 19, '1300.00', '0.70', '2024-07-31 07:31:52', '2024-07-31 07:31:52', 0),
(158, 7, 6, 22, '2450.00', '8.90', '2024-07-31 07:31:52', '2024-07-31 07:31:52', 0),
(159, 7, 7, 28, '2063.00', '1.10', '2024-07-31 07:31:52', '2024-07-31 07:31:52', 0),
(160, 7, 8, 29, '-400.00', '0.00', '2024-07-31 07:31:52', '2024-07-31 07:31:52', 0),
(161, 7, 8, 35, '1674.00', '5.40', '2024-07-31 07:31:52', '2024-07-31 07:31:52', 0);

-- --------------------------------------------------------

--
-- Table structure for table `audit_ecm_results`
--

CREATE TABLE `audit_ecm_results` (
  `id` int NOT NULL,
  `auditId` int NOT NULL,
  `combinationId` int NOT NULL,
  `totalECPoints` decimal(5,2) DEFAULT '0.00',
  `totalECMCost` decimal(10,2) DEFAULT '0.00',
  `ecmCostIndex` int DEFAULT '0',
  `createdAt` datetime NOT NULL DEFAULT CURRENT_TIMESTAMP,
  `updatedAt` datetime NOT NULL DEFAULT CURRENT_TIMESTAMP ON UPDATE CURRENT_TIMESTAMP,
  `isDeleted` tinyint DEFAULT '0'
) ENGINE=InnoDB DEFAULT CHARSET=utf8mb4 COLLATE=utf8mb4_0900_ai_ci;

-- --------------------------------------------------------

--
-- Table structure for table `audit_status_log`
--

CREATE TABLE `audit_status_log` (
  `id` int NOT NULL,
  `auditId` int NOT NULL,
  `auditStatusId` int DEFAULT NULL,
  `createdAt` datetime NOT NULL DEFAULT CURRENT_TIMESTAMP,
  `updatedAt` datetime NOT NULL DEFAULT CURRENT_TIMESTAMP ON UPDATE CURRENT_TIMESTAMP
) ENGINE=InnoDB DEFAULT CHARSET=utf8mb4 COLLATE=utf8mb4_0900_ai_ci;

--
-- Dumping data for table `audit_status_log`
--

INSERT INTO `audit_status_log` (`id`, `auditId`, `auditStatusId`, `createdAt`, `updatedAt`) VALUES
(1, 1, 1, '2024-07-17 12:27:01', '2024-07-17 12:27:01'),
(2, 1, 2, '2024-07-17 12:29:17', '2024-07-17 12:29:17'),
(3, 1, 3, '2024-07-17 12:29:27', '2024-07-17 12:29:27'),
(4, 1, 4, '2024-07-17 12:30:34', '2024-07-17 12:30:34'),
(5, 2, 1, '2024-07-17 12:33:47', '2024-07-17 12:33:47'),
(6, 2, 2, '2024-07-17 12:33:47', '2024-07-17 12:33:47'),
(7, 2, 3, '2024-07-17 12:33:47', '2024-07-17 12:33:47'),
(8, 2, 4, '2024-07-17 12:33:47', '2024-07-17 12:33:47'),
(9, 3, 1, '2024-07-17 12:34:32', '2024-07-17 12:34:32'),
(10, 3, 2, '2024-07-17 12:34:48', '2024-07-17 12:34:48'),
(11, 3, 3, '2024-07-17 12:35:00', '2024-07-17 12:35:10'),
(12, 4, 1, '2024-07-17 13:25:27', '2024-07-17 13:25:27'),
(13, 4, 2, '2024-07-18 06:21:52', '2024-07-18 06:21:52'),
(14, 4, 3, '2024-07-18 06:21:56', '2024-07-18 06:21:56'),
(15, 4, 4, '2024-07-18 06:24:08', '2024-07-18 06:24:08'),
(16, 5, 1, '2024-07-18 06:29:51', '2024-07-18 06:29:51'),
(17, 5, 2, '2024-07-18 06:29:51', '2024-07-18 06:29:51'),
(18, 5, 3, '2024-07-18 06:29:51', '2024-07-18 06:29:51'),
(19, 5, 4, '2024-07-18 06:29:51', '2024-07-18 06:29:51'),
(20, 6, 1, '2024-07-23 00:20:04', '2024-07-23 00:20:04'),
(21, 6, 2, '2024-07-23 00:20:04', '2024-07-23 00:20:04'),
(22, 6, 3, '2024-07-23 00:20:04', '2024-07-23 00:20:04'),
(23, 6, 4, '2024-07-23 00:20:04', '2024-07-23 00:20:04'),
(24, 7, 1, '2024-07-31 07:31:52', '2024-07-31 07:31:52'),
(25, 7, 2, '2024-07-31 07:31:52', '2024-07-31 07:31:52'),
(26, 7, 3, '2024-07-31 07:31:52', '2024-07-31 07:31:52'),
(27, 8, 1, '2024-07-31 11:55:58', '2024-07-31 11:55:58'),
(28, 8, 2, '2024-07-31 11:56:49', '2024-07-31 11:56:49'),
(29, 8, 3, '2024-07-31 11:56:54', '2024-07-31 11:56:54');

-- --------------------------------------------------------

--
-- Table structure for table `below_grid_wall_measures`
--

CREATE TABLE `below_grid_wall_measures` (
  `id` int NOT NULL,
  `rsi` decimal(5,2) DEFAULT '0.00',
  `zone` varchar(50) DEFAULT NULL,
  `ecPoints` decimal(10,2) DEFAULT '0.00'
) ENGINE=InnoDB DEFAULT CHARSET=utf8mb4 COLLATE=utf8mb4_0900_ai_ci;

--
-- Dumping data for table `below_grid_wall_measures`
--

INSERT INTO `below_grid_wall_measures` (`id`, `rsi`, `zone`, `ecPoints`) VALUES
(1, '2.98', '4', '1.70'),
(2, '2.98', '5', '0.00'),
(3, '2.98', '6', '0.00'),
(4, '2.98', '7A', '0.00'),
(5, '2.98', '7B', '0.00'),
(6, '2.98', '8', '0.00'),
(7, '3.09', '4', '1.80'),
(8, '3.09', '5', '0.20'),
(9, '3.09', '6', '0.20'),
(10, '3.09', '7A', '0.20'),
(11, '3.09', '7B', '0.20'),
(12, '3.09', '8', '0.00'),
(13, '3.46', '4', '2.20'),
(14, '3.46', '5', '0.60'),
(15, '3.46', '6', '0.80'),
(16, '3.46', '7A', '0.60'),
(17, '3.46', '7B', '0.70'),
(18, '3.46', '8', '0.00'),
(19, '3.90', '4', '2.60'),
(20, '3.90', '5', '1.20'),
(21, '3.90', '6', '1.40'),
(22, '3.90', '7A', '1.40'),
(23, '3.90', '7B', '1.30'),
(24, '3.90', '8', '0.00');

-- --------------------------------------------------------

--
-- Table structure for table `drain_water_measures`
--

CREATE TABLE `drain_water_measures` (
  `id` int NOT NULL,
  `HRE` varchar(50) DEFAULT NULL,
  `zone` varchar(50) DEFAULT NULL,
  `ecPoints` decimal(10,2) DEFAULT '0.00'
) ENGINE=InnoDB DEFAULT CHARSET=utf8mb4 COLLATE=utf8mb4_0900_ai_ci;

--
-- Dumping data for table `drain_water_measures`
--

INSERT INTO `drain_water_measures` (`id`, `HRE`, `zone`, `ecPoints`) VALUES
(1, '30% Efficiency', '4', '2.40'),
(2, '30% Efficiency', '5', '1.90'),
(3, '30% Efficiency', '6', '1.90'),
(4, '30% Efficiency', '7A', '1.90'),
(5, '30% Efficiency', '7B', '1.90'),
(6, '30% Efficiency', '8', '1.50'),
(7, '40% Efficiency', '4', '3.10'),
(8, '40% Efficiency', '5', '2.40'),
(9, '40% Efficiency', '6', '2.40'),
(10, '40% Efficiency', '7A', '2.40'),
(11, '40% Efficiency', '7B', '2.40'),
(12, '40% Efficiency', '8', '2.00'),
(13, '50% Efficiency', '4', '3.70'),
(14, '50% Efficiency', '5', '2.90'),
(15, '50% Efficiency', '6', '3.00'),
(16, '50% Efficiency', '7A', '2.90'),
(17, '50% Efficiency', '7B', '2.90'),
(18, '50% Efficiency', '8', '2.40'),
(19, '60% Efficiency', '4', '4.40'),
(20, '60% Efficiency', '5', '3.40'),
(21, '60% Efficiency', '6', '3.50'),
(22, '60% Efficiency', '7A', '3.50'),
(23, '60% Efficiency', '7B', '3.40'),
(24, '60% Efficiency', '8', '2.80'),
(25, '70% Efficiency', '4', '5.00'),
(26, '70% Efficiency', '5', '3.90'),
(27, '70% Efficiency', '6', '4.00'),
(28, '70% Efficiency', '7A', '4.00'),
(29, '70% Efficiency', '7B', '3.90'),
(30, '70% Efficiency', '8', '3.20'),
(31, '75% Efficiency', '4', '5.40'),
(32, '75% Efficiency', '5', '4.10'),
(33, '75% Efficiency', '6', '4.30'),
(34, '75% Efficiency', '7A', '4.20'),
(35, '75% Efficiency', '7B', '4.20'),
(36, '75% Efficiency', '8', '3.40');

-- --------------------------------------------------------

--
-- Table structure for table `ecm_result_combinations`
--

CREATE TABLE `ecm_result_combinations` (
  `id` int NOT NULL,
  `combinationId` int NOT NULL,
  `auditId` int NOT NULL,
  `assemblyIds` varchar(255) DEFAULT NULL,
  `totalCombinationECP` decimal(10,2) DEFAULT '0.00',
  `totalCombinationCost` decimal(10,2) DEFAULT '0.00',
  `createdAt` datetime NOT NULL DEFAULT CURRENT_TIMESTAMP,
  `updatedAt` datetime NOT NULL DEFAULT CURRENT_TIMESTAMP ON UPDATE CURRENT_TIMESTAMP,
  `isDeleted` tinyint DEFAULT '0'
) ENGINE=InnoDB DEFAULT CHARSET=utf8mb4 COLLATE=utf8mb4_0900_ai_ci;

--
-- Dumping data for table `ecm_result_combinations`
--

INSERT INTO `ecm_result_combinations` (`id`, `combinationId`, `auditId`, `assemblyIds`, `totalCombinationECP`, `totalCombinationCost`, `createdAt`, `updatedAt`, `isDeleted`) VALUES
(1, 1, 1, '1,6,9,15,19,23,28,30', '17.30', '52965.00', '2024-07-17 12:30:34', '2024-07-17 12:30:34', 0),
(2, 1, 1, '1,6,9,15,19,23,28,31', '17.80', '53062.00', '2024-07-17 12:30:34', '2024-07-17 12:30:34', 0),
(3, 1, 1, '1,6,9,15,19,24,28,30', '14.80', '52965.00', '2024-07-17 12:30:34', '2024-07-17 12:30:34', 0),
(4, 1, 1, '1,6,9,15,19,24,28,31', '15.30', '53062.00', '2024-07-17 12:30:34', '2024-07-17 12:30:34', 0),
(5, 1, 1, '1,6,9,15,20,23,28,30', '18.80', '53015.00', '2024-07-17 12:30:34', '2024-07-17 12:30:34', 0),
(6, 1, 1, '1,6,9,15,20,23,28,31', '19.30', '53112.00', '2024-07-17 12:30:34', '2024-07-17 12:30:34', 0),
(7, 1, 1, '1,6,9,15,20,24,28,30', '16.30', '53015.00', '2024-07-17 12:30:34', '2024-07-17 12:30:34', 0),
(8, 1, 1, '1,6,9,15,20,24,28,31', '16.80', '53112.00', '2024-07-17 12:30:34', '2024-07-17 12:30:34', 0),
(9, 1, 1, '1,6,9,16,19,23,28,30', '20.80', '53265.00', '2024-07-17 12:30:34', '2024-07-17 12:30:34', 0),
(10, 1, 1, '1,6,9,16,19,23,28,31', '21.30', '53362.00', '2024-07-17 12:30:34', '2024-07-17 12:30:34', 0),
(11, 1, 1, '1,6,9,16,19,24,28,30', '18.30', '53265.00', '2024-07-17 12:30:34', '2024-07-17 12:30:34', 0),
(12, 1, 1, '1,6,9,16,19,24,28,31', '18.80', '53362.00', '2024-07-17 12:30:34', '2024-07-17 12:30:34', 0),
(13, 1, 1, '1,6,9,16,20,23,28,30', '22.30', '53315.00', '2024-07-17 12:30:34', '2024-07-17 12:30:34', 0),
(14, 1, 1, '1,6,9,16,20,23,28,31', '22.80', '53412.00', '2024-07-17 12:30:34', '2024-07-17 12:30:34', 0),
(15, 1, 1, '1,6,9,16,20,24,28,30', '19.80', '53315.00', '2024-07-17 12:30:34', '2024-07-17 12:30:34', 0),
(16, 1, 1, '1,6,9,16,20,24,28,31', '20.30', '53412.00', '2024-07-17 12:30:34', '2024-07-17 12:30:34', 0),
(17, 1, 1, '1,6,9,41,19,23,28,30', '13.90', '52015.00', '2024-07-17 12:30:34', '2024-07-17 12:30:34', 0),
(18, 1, 1, '1,6,9,41,19,23,28,31', '14.40', '52112.00', '2024-07-17 12:30:34', '2024-07-17 12:30:34', 0),
(19, 1, 1, '1,6,9,41,19,24,28,30', '11.40', '52015.00', '2024-07-17 12:30:34', '2024-07-17 12:30:34', 0),
(20, 1, 1, '1,6,9,41,19,24,28,31', '11.90', '52112.00', '2024-07-17 12:30:34', '2024-07-17 12:30:34', 0),
(21, 1, 1, '1,6,9,41,20,23,28,30', '15.40', '52065.00', '2024-07-17 12:30:34', '2024-07-17 12:30:34', 0),
(22, 1, 1, '1,6,9,41,20,23,28,31', '15.90', '52162.00', '2024-07-17 12:30:34', '2024-07-17 12:30:34', 0),
(23, 1, 1, '1,6,9,41,20,24,28,30', '12.90', '52065.00', '2024-07-17 12:30:34', '2024-07-17 12:30:34', 0),
(24, 1, 1, '1,6,9,41,20,24,28,31', '13.40', '52162.00', '2024-07-17 12:30:34', '2024-07-17 12:30:34', 0),
(25, 1, 1, '1,6,10,15,19,23,28,30', '20.30', '54215.00', '2024-07-17 12:30:34', '2024-07-17 12:30:34', 0),
(26, 1, 1, '1,6,10,15,19,23,28,31', '20.80', '54312.00', '2024-07-17 12:30:34', '2024-07-17 12:30:34', 0),
(27, 1, 1, '1,6,10,15,19,24,28,30', '17.80', '54215.00', '2024-07-17 12:30:34', '2024-07-17 12:30:34', 0),
(28, 1, 1, '1,6,10,15,19,24,28,31', '18.30', '54312.00', '2024-07-17 12:30:34', '2024-07-17 12:30:34', 0),
(29, 1, 1, '1,6,10,15,20,23,28,30', '21.80', '54265.00', '2024-07-17 12:30:34', '2024-07-17 12:30:34', 0),
(30, 1, 1, '1,6,10,15,20,23,28,31', '22.30', '54362.00', '2024-07-17 12:30:34', '2024-07-17 12:30:34', 0),
(31, 1, 1, '1,6,10,15,20,24,28,30', '19.30', '54265.00', '2024-07-17 12:30:34', '2024-07-17 12:30:34', 0),
(32, 1, 1, '1,6,10,15,20,24,28,31', '19.80', '54362.00', '2024-07-17 12:30:34', '2024-07-17 12:30:34', 0),
(33, 1, 1, '1,6,10,16,19,23,28,30', '23.80', '54515.00', '2024-07-17 12:30:34', '2024-07-17 12:30:34', 0),
(34, 1, 1, '1,6,10,16,19,23,28,31', '24.30', '54612.00', '2024-07-17 12:30:34', '2024-07-17 12:30:34', 0),
(35, 1, 1, '1,6,10,16,19,24,28,30', '21.30', '54515.00', '2024-07-17 12:30:34', '2024-07-17 12:30:34', 0),
(36, 1, 1, '1,6,10,16,19,24,28,31', '21.80', '54612.00', '2024-07-17 12:30:34', '2024-07-17 12:30:34', 0),
(37, 1, 1, '1,6,10,16,20,23,28,30', '25.30', '54565.00', '2024-07-17 12:30:34', '2024-07-17 12:30:34', 0),
(38, 1, 1, '1,6,10,16,20,23,28,31', '25.80', '54662.00', '2024-07-17 12:30:34', '2024-07-17 12:30:34', 0),
(39, 1, 1, '1,6,10,16,20,24,28,30', '22.80', '54565.00', '2024-07-17 12:30:34', '2024-07-17 12:30:34', 0),
(40, 1, 1, '1,6,10,16,20,24,28,31', '23.30', '54662.00', '2024-07-17 12:30:34', '2024-07-17 12:30:34', 0),
(41, 1, 1, '1,6,10,41,19,23,28,30', '16.90', '53265.00', '2024-07-17 12:30:34', '2024-07-17 12:30:34', 0),
(42, 1, 1, '1,6,10,41,19,23,28,31', '17.40', '53362.00', '2024-07-17 12:30:34', '2024-07-17 12:30:34', 0),
(43, 1, 1, '1,6,10,41,19,24,28,30', '14.40', '53265.00', '2024-07-17 12:30:34', '2024-07-17 12:30:34', 0),
(44, 1, 1, '1,6,10,41,19,24,28,31', '14.90', '53362.00', '2024-07-17 12:30:34', '2024-07-17 12:30:34', 0),
(45, 1, 1, '1,6,10,41,20,23,28,30', '18.40', '53315.00', '2024-07-17 12:30:34', '2024-07-17 12:30:34', 0),
(46, 1, 1, '1,6,10,41,20,23,28,31', '18.90', '53412.00', '2024-07-17 12:30:34', '2024-07-17 12:30:34', 0),
(47, 1, 1, '1,6,10,41,20,24,28,30', '15.90', '53315.00', '2024-07-17 12:30:34', '2024-07-17 12:30:34', 0),
(48, 1, 1, '1,6,10,41,20,24,28,31', '16.40', '53412.00', '2024-07-17 12:30:34', '2024-07-17 12:30:34', 0),
(49, 1, 1, '1,6,11,15,19,23,28,30', '15.70', '55615.00', '2024-07-17 12:30:34', '2024-07-17 12:30:34', 0),
(50, 1, 1, '1,6,11,15,19,23,28,31', '16.20', '55712.00', '2024-07-17 12:30:34', '2024-07-17 12:30:34', 0),
(51, 1, 1, '1,6,11,15,19,24,28,30', '13.20', '55615.00', '2024-07-17 12:30:34', '2024-07-17 12:30:34', 0),
(52, 1, 1, '1,6,11,15,19,24,28,31', '13.70', '55712.00', '2024-07-17 12:30:34', '2024-07-17 12:30:34', 0),
(53, 1, 1, '1,6,11,15,20,23,28,30', '17.20', '55665.00', '2024-07-17 12:30:34', '2024-07-17 12:30:34', 0),
(54, 1, 1, '1,6,11,15,20,23,28,31', '17.70', '55762.00', '2024-07-17 12:30:34', '2024-07-17 12:30:34', 0),
(55, 1, 1, '1,6,11,15,20,24,28,30', '14.70', '55665.00', '2024-07-17 12:30:34', '2024-07-17 12:30:34', 0),
(56, 1, 1, '1,6,11,15,20,24,28,31', '15.20', '55762.00', '2024-07-17 12:30:34', '2024-07-17 12:30:34', 0),
(57, 1, 1, '1,6,11,16,19,23,28,30', '19.20', '55915.00', '2024-07-17 12:30:34', '2024-07-17 12:30:34', 0),
(58, 1, 1, '1,6,11,16,19,23,28,31', '19.70', '56012.00', '2024-07-17 12:30:34', '2024-07-17 12:30:34', 0),
(59, 1, 1, '1,6,11,16,19,24,28,30', '16.70', '55915.00', '2024-07-17 12:30:34', '2024-07-17 12:30:34', 0),
(60, 1, 1, '1,6,11,16,19,24,28,31', '17.20', '56012.00', '2024-07-17 12:30:34', '2024-07-17 12:30:34', 0),
(61, 1, 1, '1,6,11,16,20,23,28,30', '20.70', '55965.00', '2024-07-17 12:30:34', '2024-07-17 12:30:34', 0),
(62, 1, 1, '1,6,11,16,20,23,28,31', '21.20', '56062.00', '2024-07-17 12:30:34', '2024-07-17 12:30:34', 0),
(63, 1, 1, '1,6,11,16,20,24,28,30', '18.20', '55965.00', '2024-07-17 12:30:34', '2024-07-17 12:30:34', 0),
(64, 1, 1, '1,6,11,16,20,24,28,31', '18.70', '56062.00', '2024-07-17 12:30:34', '2024-07-17 12:30:34', 0),
(65, 1, 1, '1,6,11,41,19,23,28,30', '12.30', '54665.00', '2024-07-17 12:30:34', '2024-07-17 12:30:34', 0),
(66, 1, 1, '1,6,11,41,19,23,28,31', '12.80', '54762.00', '2024-07-17 12:30:34', '2024-07-17 12:30:34', 0),
(67, 1, 1, '1,6,11,41,19,24,28,30', '9.80', '54665.00', '2024-07-17 12:30:34', '2024-07-17 12:30:34', 0),
(68, 1, 1, '1,6,11,41,19,24,28,31', '10.30', '54762.00', '2024-07-17 12:30:34', '2024-07-17 12:30:34', 0),
(69, 1, 1, '1,6,11,41,20,23,28,30', '13.80', '54715.00', '2024-07-17 12:30:34', '2024-07-17 12:30:34', 0),
(70, 1, 1, '1,6,11,41,20,23,28,31', '14.30', '54812.00', '2024-07-17 12:30:34', '2024-07-17 12:30:34', 0),
(71, 1, 1, '1,6,11,41,20,24,28,30', '11.30', '54715.00', '2024-07-17 12:30:34', '2024-07-17 12:30:34', 0),
(72, 1, 1, '1,6,11,41,20,24,28,31', '11.80', '54812.00', '2024-07-17 12:30:34', '2024-07-17 12:30:34', 0),
(73, 1, 1, '1,7,9,15,19,23,28,30', '18.70', '54536.00', '2024-07-17 12:30:34', '2024-07-17 12:30:34', 0),
(74, 1, 1, '1,7,9,15,19,23,28,31', '19.20', '54633.00', '2024-07-17 12:30:34', '2024-07-17 12:30:34', 0),
(75, 1, 1, '1,7,9,15,19,24,28,30', '16.20', '54536.00', '2024-07-17 12:30:34', '2024-07-17 12:30:34', 0),
(76, 1, 1, '1,7,9,15,19,24,28,31', '16.70', '54633.00', '2024-07-17 12:30:34', '2024-07-17 12:30:34', 0),
(77, 1, 1, '1,7,9,15,20,23,28,30', '20.20', '54586.00', '2024-07-17 12:30:34', '2024-07-17 12:30:34', 0),
(78, 1, 1, '1,7,9,15,20,23,28,31', '20.70', '54683.00', '2024-07-17 12:30:34', '2024-07-17 12:30:34', 0),
(79, 1, 1, '1,7,9,15,20,24,28,30', '17.70', '54586.00', '2024-07-17 12:30:34', '2024-07-17 12:30:34', 0),
(80, 1, 1, '1,7,9,15,20,24,28,31', '18.20', '54683.00', '2024-07-17 12:30:34', '2024-07-17 12:30:34', 0),
(81, 1, 1, '1,7,9,16,19,23,28,30', '22.20', '54836.00', '2024-07-17 12:30:34', '2024-07-17 12:30:34', 0),
(82, 1, 1, '1,7,9,16,19,23,28,31', '22.70', '54933.00', '2024-07-17 12:30:34', '2024-07-17 12:30:34', 0),
(83, 1, 1, '1,7,9,16,19,24,28,30', '19.70', '54836.00', '2024-07-17 12:30:34', '2024-07-17 12:30:34', 0),
(84, 1, 1, '1,7,9,16,19,24,28,31', '20.20', '54933.00', '2024-07-17 12:30:34', '2024-07-17 12:30:34', 0),
(85, 1, 1, '1,7,9,16,20,23,28,30', '23.70', '54886.00', '2024-07-17 12:30:34', '2024-07-17 12:30:34', 0),
(86, 1, 1, '1,7,9,16,20,23,28,31', '24.20', '54983.00', '2024-07-17 12:30:34', '2024-07-17 12:30:34', 0),
(87, 1, 1, '1,7,9,16,20,24,28,30', '21.20', '54886.00', '2024-07-17 12:30:34', '2024-07-17 12:30:34', 0),
(88, 1, 1, '1,7,9,16,20,24,28,31', '21.70', '54983.00', '2024-07-17 12:30:34', '2024-07-17 12:30:34', 0),
(89, 1, 1, '1,7,9,41,19,23,28,30', '15.30', '53586.00', '2024-07-17 12:30:34', '2024-07-17 12:30:34', 0),
(90, 1, 1, '1,7,9,41,19,23,28,31', '15.80', '53683.00', '2024-07-17 12:30:34', '2024-07-17 12:30:34', 0),
(91, 1, 1, '1,7,9,41,19,24,28,30', '12.80', '53586.00', '2024-07-17 12:30:34', '2024-07-17 12:30:34', 0),
(92, 1, 1, '1,7,9,41,19,24,28,31', '13.30', '53683.00', '2024-07-17 12:30:34', '2024-07-17 12:30:34', 0),
(93, 1, 1, '1,7,9,41,20,23,28,30', '16.80', '53636.00', '2024-07-17 12:30:34', '2024-07-17 12:30:34', 0),
(94, 1, 1, '1,7,9,41,20,23,28,31', '17.30', '53733.00', '2024-07-17 12:30:34', '2024-07-17 12:30:34', 0),
(95, 1, 1, '1,7,9,41,20,24,28,30', '14.30', '53636.00', '2024-07-17 12:30:34', '2024-07-17 12:30:34', 0),
(96, 1, 1, '1,7,9,41,20,24,28,31', '14.80', '53733.00', '2024-07-17 12:30:34', '2024-07-17 12:30:34', 0),
(97, 1, 1, '1,7,10,15,19,23,28,30', '21.70', '55786.00', '2024-07-17 12:30:34', '2024-07-17 12:30:34', 0),
(98, 1, 1, '1,7,10,15,19,23,28,31', '22.20', '55883.00', '2024-07-17 12:30:34', '2024-07-17 12:30:34', 0),
(99, 1, 1, '1,7,10,15,19,24,28,30', '19.20', '55786.00', '2024-07-17 12:30:34', '2024-07-17 12:30:34', 0),
(100, 1, 1, '1,7,10,15,19,24,28,31', '19.70', '55883.00', '2024-07-17 12:30:34', '2024-07-17 12:30:34', 0),
(101, 1, 1, '1,7,10,15,20,23,28,30', '23.20', '55836.00', '2024-07-17 12:30:34', '2024-07-17 12:30:34', 0),
(102, 1, 1, '1,7,10,15,20,23,28,31', '23.70', '55933.00', '2024-07-17 12:30:34', '2024-07-17 12:30:34', 0),
(103, 1, 1, '1,7,10,15,20,24,28,30', '20.70', '55836.00', '2024-07-17 12:30:34', '2024-07-17 12:30:34', 0),
(104, 1, 1, '1,7,10,15,20,24,28,31', '21.20', '55933.00', '2024-07-17 12:30:34', '2024-07-17 12:30:34', 0),
(105, 1, 1, '1,7,10,16,19,23,28,30', '25.20', '56086.00', '2024-07-17 12:30:34', '2024-07-17 12:30:34', 0),
(106, 1, 1, '1,7,10,16,19,23,28,31', '25.70', '56183.00', '2024-07-17 12:30:34', '2024-07-17 12:30:34', 0),
(107, 1, 1, '1,7,10,16,19,24,28,30', '22.70', '56086.00', '2024-07-17 12:30:34', '2024-07-17 12:30:34', 0),
(108, 1, 1, '1,7,10,16,19,24,28,31', '23.20', '56183.00', '2024-07-17 12:30:34', '2024-07-17 12:30:34', 0),
(109, 1, 1, '1,7,10,16,20,23,28,30', '26.70', '56136.00', '2024-07-17 12:30:34', '2024-07-17 12:30:34', 0),
(110, 1, 1, '1,7,10,16,20,23,28,31', '27.20', '56233.00', '2024-07-17 12:30:34', '2024-07-17 12:30:34', 0),
(111, 1, 1, '1,7,10,16,20,24,28,30', '24.20', '56136.00', '2024-07-17 12:30:34', '2024-07-17 12:30:34', 0),
(112, 1, 1, '1,7,10,16,20,24,28,31', '24.70', '56233.00', '2024-07-17 12:30:34', '2024-07-17 12:30:34', 0),
(113, 1, 1, '1,7,10,41,19,23,28,30', '18.30', '54836.00', '2024-07-17 12:30:34', '2024-07-17 12:30:34', 0),
(114, 1, 1, '1,7,10,41,19,23,28,31', '18.80', '54933.00', '2024-07-17 12:30:34', '2024-07-17 12:30:34', 0),
(115, 1, 1, '1,7,10,41,19,24,28,30', '15.80', '54836.00', '2024-07-17 12:30:34', '2024-07-17 12:30:34', 0),
(116, 1, 1, '1,7,10,41,19,24,28,31', '16.30', '54933.00', '2024-07-17 12:30:34', '2024-07-17 12:30:34', 0),
(117, 1, 1, '1,7,10,41,20,23,28,30', '19.80', '54886.00', '2024-07-17 12:30:34', '2024-07-17 12:30:34', 0),
(118, 1, 1, '1,7,10,41,20,23,28,31', '20.30', '54983.00', '2024-07-17 12:30:34', '2024-07-17 12:30:34', 0),
(119, 1, 1, '1,7,10,41,20,24,28,30', '17.30', '54886.00', '2024-07-17 12:30:34', '2024-07-17 12:30:34', 0),
(120, 1, 1, '1,7,10,41,20,24,28,31', '17.80', '54983.00', '2024-07-17 12:30:34', '2024-07-17 12:30:34', 0),
(121, 1, 1, '1,7,11,15,19,23,28,30', '17.10', '57186.00', '2024-07-17 12:30:34', '2024-07-17 12:30:34', 0),
(122, 1, 1, '1,7,11,15,19,23,28,31', '17.60', '57283.00', '2024-07-17 12:30:34', '2024-07-17 12:30:34', 0),
(123, 1, 1, '1,7,11,15,19,24,28,30', '14.60', '57186.00', '2024-07-17 12:30:34', '2024-07-17 12:30:34', 0),
(124, 1, 1, '1,7,11,15,19,24,28,31', '15.10', '57283.00', '2024-07-17 12:30:34', '2024-07-17 12:30:34', 0),
(125, 1, 1, '1,7,11,15,20,23,28,30', '18.60', '57236.00', '2024-07-17 12:30:34', '2024-07-17 12:30:34', 0),
(126, 1, 1, '1,7,11,15,20,23,28,31', '19.10', '57333.00', '2024-07-17 12:30:34', '2024-07-17 12:30:34', 0),
(127, 1, 1, '1,7,11,15,20,24,28,30', '16.10', '57236.00', '2024-07-17 12:30:34', '2024-07-17 12:30:34', 0),
(128, 1, 1, '1,7,11,15,20,24,28,31', '16.60', '57333.00', '2024-07-17 12:30:34', '2024-07-17 12:30:34', 0),
(129, 1, 1, '1,7,11,16,19,23,28,30', '20.60', '57486.00', '2024-07-17 12:30:34', '2024-07-17 12:30:34', 0),
(130, 1, 1, '1,7,11,16,19,23,28,31', '21.10', '57583.00', '2024-07-17 12:30:34', '2024-07-17 12:30:34', 0),
(131, 1, 1, '1,7,11,16,19,24,28,30', '18.10', '57486.00', '2024-07-17 12:30:34', '2024-07-17 12:30:34', 0),
(132, 1, 1, '1,7,11,16,19,24,28,31', '18.60', '57583.00', '2024-07-17 12:30:34', '2024-07-17 12:30:34', 0),
(133, 1, 1, '1,7,11,16,20,23,28,30', '22.10', '57536.00', '2024-07-17 12:30:34', '2024-07-17 12:30:34', 0),
(134, 1, 1, '1,7,11,16,20,23,28,31', '22.60', '57633.00', '2024-07-17 12:30:34', '2024-07-17 12:30:34', 0),
(135, 1, 1, '1,7,11,16,20,24,28,30', '19.60', '57536.00', '2024-07-17 12:30:34', '2024-07-17 12:30:34', 0),
(136, 1, 1, '1,7,11,16,20,24,28,31', '20.10', '57633.00', '2024-07-17 12:30:34', '2024-07-17 12:30:34', 0),
(137, 1, 1, '1,7,11,41,19,23,28,30', '13.70', '56236.00', '2024-07-17 12:30:34', '2024-07-17 12:30:34', 0),
(138, 1, 1, '1,7,11,41,19,23,28,31', '14.20', '56333.00', '2024-07-17 12:30:34', '2024-07-17 12:30:34', 0),
(139, 1, 1, '1,7,11,41,19,24,28,30', '11.20', '56236.00', '2024-07-17 12:30:34', '2024-07-17 12:30:34', 0),
(140, 1, 1, '1,7,11,41,19,24,28,31', '11.70', '56333.00', '2024-07-17 12:30:34', '2024-07-17 12:30:34', 0),
(141, 1, 1, '1,7,11,41,20,23,28,30', '15.20', '56286.00', '2024-07-17 12:30:34', '2024-07-17 12:30:34', 0),
(142, 1, 1, '1,7,11,41,20,23,28,31', '15.70', '56383.00', '2024-07-17 12:30:34', '2024-07-17 12:30:34', 0),
(143, 1, 1, '1,7,11,41,20,24,28,30', '12.70', '56286.00', '2024-07-17 12:30:34', '2024-07-17 12:30:34', 0),
(144, 1, 1, '1,7,11,41,20,24,28,31', '13.20', '56383.00', '2024-07-17 12:30:34', '2024-07-17 12:30:34', 0),
(145, 1, 1, '2,6,9,15,19,23,28,30', '18.90', '56965.00', '2024-07-17 12:30:34', '2024-07-17 12:30:34', 0),
(146, 1, 1, '2,6,9,15,19,23,28,31', '19.40', '57062.00', '2024-07-17 12:30:34', '2024-07-17 12:30:34', 0),
(147, 1, 1, '2,6,9,15,19,24,28,30', '16.40', '56965.00', '2024-07-17 12:30:34', '2024-07-17 12:30:34', 0),
(148, 1, 1, '2,6,9,15,19,24,28,31', '16.90', '57062.00', '2024-07-17 12:30:34', '2024-07-17 12:30:34', 0),
(149, 1, 1, '2,6,9,15,20,23,28,30', '20.40', '57015.00', '2024-07-17 12:30:34', '2024-07-17 12:30:34', 0),
(150, 1, 1, '2,6,9,15,20,23,28,31', '20.90', '57112.00', '2024-07-17 12:30:34', '2024-07-17 12:30:34', 0),
(151, 1, 1, '2,6,9,15,20,24,28,30', '17.90', '57015.00', '2024-07-17 12:30:34', '2024-07-17 12:30:34', 0),
(152, 1, 1, '2,6,9,15,20,24,28,31', '18.40', '57112.00', '2024-07-17 12:30:34', '2024-07-17 12:30:34', 0),
(153, 1, 1, '2,6,9,16,19,23,28,30', '22.40', '57265.00', '2024-07-17 12:30:34', '2024-07-17 12:30:34', 0),
(154, 1, 1, '2,6,9,16,19,23,28,31', '22.90', '57362.00', '2024-07-17 12:30:34', '2024-07-17 12:30:34', 0),
(155, 1, 1, '2,6,9,16,19,24,28,30', '19.90', '57265.00', '2024-07-17 12:30:34', '2024-07-17 12:30:34', 0),
(156, 1, 1, '2,6,9,16,19,24,28,31', '20.40', '57362.00', '2024-07-17 12:30:34', '2024-07-17 12:30:34', 0),
(157, 1, 1, '2,6,9,16,20,23,28,30', '23.90', '57315.00', '2024-07-17 12:30:34', '2024-07-17 12:30:34', 0),
(158, 1, 1, '2,6,9,16,20,23,28,31', '24.40', '57412.00', '2024-07-17 12:30:34', '2024-07-17 12:30:34', 0),
(159, 1, 1, '2,6,9,16,20,24,28,30', '21.40', '57315.00', '2024-07-17 12:30:34', '2024-07-17 12:30:34', 0),
(160, 1, 1, '2,6,9,16,20,24,28,31', '21.90', '57412.00', '2024-07-17 12:30:34', '2024-07-17 12:30:34', 0),
(161, 1, 1, '2,6,9,41,19,23,28,30', '15.50', '56015.00', '2024-07-17 12:30:34', '2024-07-17 12:30:34', 0),
(162, 1, 1, '2,6,9,41,19,23,28,31', '16.00', '56112.00', '2024-07-17 12:30:34', '2024-07-17 12:30:34', 0),
(163, 1, 1, '2,6,9,41,19,24,28,30', '13.00', '56015.00', '2024-07-17 12:30:34', '2024-07-17 12:30:34', 0),
(164, 1, 1, '2,6,9,41,19,24,28,31', '13.50', '56112.00', '2024-07-17 12:30:34', '2024-07-17 12:30:34', 0),
(165, 1, 1, '2,6,9,41,20,23,28,30', '17.00', '56065.00', '2024-07-17 12:30:34', '2024-07-17 12:30:34', 0),
(166, 1, 1, '2,6,9,41,20,23,28,31', '17.50', '56162.00', '2024-07-17 12:30:34', '2024-07-17 12:30:34', 0),
(167, 1, 1, '2,6,9,41,20,24,28,30', '14.50', '56065.00', '2024-07-17 12:30:34', '2024-07-17 12:30:34', 0),
(168, 1, 1, '2,6,9,41,20,24,28,31', '15.00', '56162.00', '2024-07-17 12:30:34', '2024-07-17 12:30:34', 0),
(169, 1, 1, '2,6,10,15,19,23,28,30', '21.90', '58215.00', '2024-07-17 12:30:34', '2024-07-17 12:30:34', 0),
(170, 1, 1, '2,6,10,15,19,23,28,31', '22.40', '58312.00', '2024-07-17 12:30:34', '2024-07-17 12:30:34', 0),
(171, 1, 1, '2,6,10,15,19,24,28,30', '19.40', '58215.00', '2024-07-17 12:30:34', '2024-07-17 12:30:34', 0),
(172, 1, 1, '2,6,10,15,19,24,28,31', '19.90', '58312.00', '2024-07-17 12:30:34', '2024-07-17 12:30:34', 0),
(173, 1, 1, '2,6,10,15,20,23,28,30', '23.40', '58265.00', '2024-07-17 12:30:34', '2024-07-17 12:30:34', 0),
(174, 1, 1, '2,6,10,15,20,23,28,31', '23.90', '58362.00', '2024-07-17 12:30:34', '2024-07-17 12:30:34', 0),
(175, 1, 1, '2,6,10,15,20,24,28,30', '20.90', '58265.00', '2024-07-17 12:30:34', '2024-07-17 12:30:34', 0),
(176, 1, 1, '2,6,10,15,20,24,28,31', '21.40', '58362.00', '2024-07-17 12:30:34', '2024-07-17 12:30:34', 0),
(177, 1, 1, '2,6,10,16,19,23,28,30', '25.40', '58515.00', '2024-07-17 12:30:34', '2024-07-17 12:30:34', 0),
(178, 1, 1, '2,6,10,16,19,23,28,31', '25.90', '58612.00', '2024-07-17 12:30:34', '2024-07-17 12:30:34', 0),
(179, 1, 1, '2,6,10,16,19,24,28,30', '22.90', '58515.00', '2024-07-17 12:30:34', '2024-07-17 12:30:34', 0),
(180, 1, 1, '2,6,10,16,19,24,28,31', '23.40', '58612.00', '2024-07-17 12:30:34', '2024-07-17 12:30:34', 0),
(181, 1, 1, '2,6,10,16,20,23,28,30', '26.90', '58565.00', '2024-07-17 12:30:34', '2024-07-17 12:30:34', 0),
(182, 1, 1, '2,6,10,16,20,23,28,31', '27.40', '58662.00', '2024-07-17 12:30:34', '2024-07-17 12:30:34', 0),
(183, 1, 1, '2,6,10,16,20,24,28,30', '24.40', '58565.00', '2024-07-17 12:30:34', '2024-07-17 12:30:34', 0),
(184, 1, 1, '2,6,10,16,20,24,28,31', '24.90', '58662.00', '2024-07-17 12:30:34', '2024-07-17 12:30:34', 0),
(185, 1, 1, '2,6,10,41,19,23,28,30', '18.50', '57265.00', '2024-07-17 12:30:34', '2024-07-17 12:30:34', 0),
(186, 1, 1, '2,6,10,41,19,23,28,31', '19.00', '57362.00', '2024-07-17 12:30:34', '2024-07-17 12:30:34', 0),
(187, 1, 1, '2,6,10,41,19,24,28,30', '16.00', '57265.00', '2024-07-17 12:30:34', '2024-07-17 12:30:34', 0),
(188, 1, 1, '2,6,10,41,19,24,28,31', '16.50', '57362.00', '2024-07-17 12:30:34', '2024-07-17 12:30:34', 0),
(189, 1, 1, '2,6,10,41,20,23,28,30', '20.00', '57315.00', '2024-07-17 12:30:34', '2024-07-17 12:30:34', 0),
(190, 1, 1, '2,6,10,41,20,23,28,31', '20.50', '57412.00', '2024-07-17 12:30:34', '2024-07-17 12:30:34', 0),
(191, 1, 1, '2,6,10,41,20,24,28,30', '17.50', '57315.00', '2024-07-17 12:30:34', '2024-07-17 12:30:34', 0),
(192, 1, 1, '2,6,10,41,20,24,28,31', '18.00', '57412.00', '2024-07-17 12:30:34', '2024-07-17 12:30:34', 0),
(193, 1, 1, '2,6,11,15,19,23,28,30', '17.30', '59615.00', '2024-07-17 12:30:34', '2024-07-17 12:30:34', 0),
(194, 1, 1, '2,6,11,15,19,23,28,31', '17.80', '59712.00', '2024-07-17 12:30:34', '2024-07-17 12:30:34', 0),
(195, 1, 1, '2,6,11,15,19,24,28,30', '14.80', '59615.00', '2024-07-17 12:30:34', '2024-07-17 12:30:34', 0),
(196, 1, 1, '2,6,11,15,19,24,28,31', '15.30', '59712.00', '2024-07-17 12:30:34', '2024-07-17 12:30:34', 0),
(197, 1, 1, '2,6,11,15,20,23,28,30', '18.80', '59665.00', '2024-07-17 12:30:34', '2024-07-17 12:30:34', 0),
(198, 1, 1, '2,6,11,15,20,23,28,31', '19.30', '59762.00', '2024-07-17 12:30:34', '2024-07-17 12:30:34', 0),
(199, 1, 1, '2,6,11,15,20,24,28,30', '16.30', '59665.00', '2024-07-17 12:30:34', '2024-07-17 12:30:34', 0),
(200, 1, 1, '2,6,11,15,20,24,28,31', '16.80', '59762.00', '2024-07-17 12:30:34', '2024-07-17 12:30:34', 0),
(201, 1, 1, '2,6,11,16,19,23,28,30', '20.80', '59915.00', '2024-07-17 12:30:34', '2024-07-17 12:30:34', 0),
(202, 1, 1, '2,6,11,16,19,23,28,31', '21.30', '60012.00', '2024-07-17 12:30:34', '2024-07-17 12:30:34', 0),
(203, 1, 1, '2,6,11,16,19,24,28,30', '18.30', '59915.00', '2024-07-17 12:30:34', '2024-07-17 12:30:34', 0),
(204, 1, 1, '2,6,11,16,19,24,28,31', '18.80', '60012.00', '2024-07-17 12:30:34', '2024-07-17 12:30:34', 0),
(205, 1, 1, '2,6,11,16,20,23,28,30', '22.30', '59965.00', '2024-07-17 12:30:34', '2024-07-17 12:30:34', 0),
(206, 1, 1, '2,6,11,16,20,23,28,31', '22.80', '60062.00', '2024-07-17 12:30:34', '2024-07-17 12:30:34', 0),
(207, 1, 1, '2,6,11,16,20,24,28,30', '19.80', '59965.00', '2024-07-17 12:30:34', '2024-07-17 12:30:34', 0),
(208, 1, 1, '2,6,11,16,20,24,28,31', '20.30', '60062.00', '2024-07-17 12:30:34', '2024-07-17 12:30:34', 0),
(209, 1, 1, '2,6,11,41,19,23,28,30', '13.90', '58665.00', '2024-07-17 12:30:34', '2024-07-17 12:30:34', 0),
(210, 1, 1, '2,6,11,41,19,23,28,31', '14.40', '58762.00', '2024-07-17 12:30:34', '2024-07-17 12:30:34', 0),
(211, 1, 1, '2,6,11,41,19,24,28,30', '11.40', '58665.00', '2024-07-17 12:30:34', '2024-07-17 12:30:34', 0),
(212, 1, 1, '2,6,11,41,19,24,28,31', '11.90', '58762.00', '2024-07-17 12:30:34', '2024-07-17 12:30:34', 0),
(213, 1, 1, '2,6,11,41,20,23,28,30', '15.40', '58715.00', '2024-07-17 12:30:34', '2024-07-17 12:30:34', 0),
(214, 1, 1, '2,6,11,41,20,23,28,31', '15.90', '58812.00', '2024-07-17 12:30:34', '2024-07-17 12:30:34', 0),
(215, 1, 1, '2,6,11,41,20,24,28,30', '12.90', '58715.00', '2024-07-17 12:30:34', '2024-07-17 12:30:34', 0),
(216, 1, 1, '2,6,11,41,20,24,28,31', '13.40', '58812.00', '2024-07-17 12:30:34', '2024-07-17 12:30:34', 0),
(217, 1, 1, '2,7,9,15,19,23,28,30', '20.30', '58536.00', '2024-07-17 12:30:34', '2024-07-17 12:30:34', 0),
(218, 1, 1, '2,7,9,15,19,23,28,31', '20.80', '58633.00', '2024-07-17 12:30:34', '2024-07-17 12:30:34', 0),
(219, 1, 1, '2,7,9,15,19,24,28,30', '17.80', '58536.00', '2024-07-17 12:30:34', '2024-07-17 12:30:34', 0),
(220, 1, 1, '2,7,9,15,19,24,28,31', '18.30', '58633.00', '2024-07-17 12:30:34', '2024-07-17 12:30:34', 0),
(221, 1, 1, '2,7,9,15,20,23,28,30', '21.80', '58586.00', '2024-07-17 12:30:34', '2024-07-17 12:30:34', 0),
(222, 1, 1, '2,7,9,15,20,23,28,31', '22.30', '58683.00', '2024-07-17 12:30:34', '2024-07-17 12:30:34', 0),
(223, 1, 1, '2,7,9,15,20,24,28,30', '19.30', '58586.00', '2024-07-17 12:30:34', '2024-07-17 12:30:34', 0),
(224, 1, 1, '2,7,9,15,20,24,28,31', '19.80', '58683.00', '2024-07-17 12:30:34', '2024-07-17 12:30:34', 0),
(225, 1, 1, '2,7,9,16,19,23,28,30', '23.80', '58836.00', '2024-07-17 12:30:34', '2024-07-17 12:30:34', 0),
(226, 1, 1, '2,7,9,16,19,23,28,31', '24.30', '58933.00', '2024-07-17 12:30:34', '2024-07-17 12:30:34', 0),
(227, 1, 1, '2,7,9,16,19,24,28,30', '21.30', '58836.00', '2024-07-17 12:30:34', '2024-07-17 12:30:34', 0),
(228, 1, 1, '2,7,9,16,19,24,28,31', '21.80', '58933.00', '2024-07-17 12:30:34', '2024-07-17 12:30:34', 0),
(229, 1, 1, '2,7,9,16,20,23,28,30', '25.30', '58886.00', '2024-07-17 12:30:34', '2024-07-17 12:30:34', 0),
(230, 1, 1, '2,7,9,16,20,23,28,31', '25.80', '58983.00', '2024-07-17 12:30:34', '2024-07-17 12:30:34', 0),
(231, 1, 1, '2,7,9,16,20,24,28,30', '22.80', '58886.00', '2024-07-17 12:30:34', '2024-07-17 12:30:34', 0),
(232, 1, 1, '2,7,9,16,20,24,28,31', '23.30', '58983.00', '2024-07-17 12:30:34', '2024-07-17 12:30:34', 0),
(233, 1, 1, '2,7,9,41,19,23,28,30', '16.90', '57586.00', '2024-07-17 12:30:34', '2024-07-17 12:30:34', 0),
(234, 1, 1, '2,7,9,41,19,23,28,31', '17.40', '57683.00', '2024-07-17 12:30:34', '2024-07-17 12:30:34', 0),
(235, 1, 1, '2,7,9,41,19,24,28,30', '14.40', '57586.00', '2024-07-17 12:30:34', '2024-07-17 12:30:34', 0),
(236, 1, 1, '2,7,9,41,19,24,28,31', '14.90', '57683.00', '2024-07-17 12:30:34', '2024-07-17 12:30:34', 0),
(237, 1, 1, '2,7,9,41,20,23,28,30', '18.40', '57636.00', '2024-07-17 12:30:34', '2024-07-17 12:30:34', 0),
(238, 1, 1, '2,7,9,41,20,23,28,31', '18.90', '57733.00', '2024-07-17 12:30:34', '2024-07-17 12:30:34', 0),
(239, 1, 1, '2,7,9,41,20,24,28,30', '15.90', '57636.00', '2024-07-17 12:30:34', '2024-07-17 12:30:34', 0),
(240, 1, 1, '2,7,9,41,20,24,28,31', '16.40', '57733.00', '2024-07-17 12:30:34', '2024-07-17 12:30:34', 0),
(241, 1, 1, '2,7,10,15,19,23,28,30', '23.30', '59786.00', '2024-07-17 12:30:34', '2024-07-17 12:30:34', 0),
(242, 1, 1, '2,7,10,15,19,23,28,31', '23.80', '59883.00', '2024-07-17 12:30:34', '2024-07-17 12:30:34', 0),
(243, 1, 1, '2,7,10,15,19,24,28,30', '20.80', '59786.00', '2024-07-17 12:30:34', '2024-07-17 12:30:34', 0),
(244, 1, 1, '2,7,10,15,19,24,28,31', '21.30', '59883.00', '2024-07-17 12:30:34', '2024-07-17 12:30:34', 0),
(245, 1, 1, '2,7,10,15,20,23,28,30', '24.80', '59836.00', '2024-07-17 12:30:34', '2024-07-17 12:30:34', 0),
(246, 1, 1, '2,7,10,15,20,23,28,31', '25.30', '59933.00', '2024-07-17 12:30:34', '2024-07-17 12:30:34', 0),
(247, 1, 1, '2,7,10,15,20,24,28,30', '22.30', '59836.00', '2024-07-17 12:30:34', '2024-07-17 12:30:34', 0),
(248, 1, 1, '2,7,10,15,20,24,28,31', '22.80', '59933.00', '2024-07-17 12:30:34', '2024-07-17 12:30:34', 0),
(249, 1, 1, '2,7,10,16,19,23,28,30', '26.80', '60086.00', '2024-07-17 12:30:34', '2024-07-17 12:30:34', 0),
(250, 1, 1, '2,7,10,16,19,23,28,31', '27.30', '60183.00', '2024-07-17 12:30:34', '2024-07-17 12:30:34', 0),
(251, 1, 1, '2,7,10,16,19,24,28,30', '24.30', '60086.00', '2024-07-17 12:30:34', '2024-07-17 12:30:34', 0),
(252, 1, 1, '2,7,10,16,19,24,28,31', '24.80', '60183.00', '2024-07-17 12:30:34', '2024-07-17 12:30:34', 0),
(253, 1, 1, '2,7,10,16,20,23,28,30', '28.30', '60136.00', '2024-07-17 12:30:34', '2024-07-17 12:30:34', 0),
(254, 1, 1, '2,7,10,16,20,23,28,31', '28.80', '60233.00', '2024-07-17 12:30:34', '2024-07-17 12:30:34', 0),
(255, 1, 1, '2,7,10,16,20,24,28,30', '25.80', '60136.00', '2024-07-17 12:30:34', '2024-07-17 12:30:34', 0),
(256, 1, 1, '2,7,10,16,20,24,28,31', '26.30', '60233.00', '2024-07-17 12:30:34', '2024-07-17 12:30:34', 0),
(257, 1, 1, '2,7,10,41,19,23,28,30', '19.90', '58836.00', '2024-07-17 12:30:34', '2024-07-17 12:30:34', 0),
(258, 1, 1, '2,7,10,41,19,23,28,31', '20.40', '58933.00', '2024-07-17 12:30:34', '2024-07-17 12:30:34', 0),
(259, 1, 1, '2,7,10,41,19,24,28,30', '17.40', '58836.00', '2024-07-17 12:30:34', '2024-07-17 12:30:34', 0),
(260, 1, 1, '2,7,10,41,19,24,28,31', '17.90', '58933.00', '2024-07-17 12:30:34', '2024-07-17 12:30:34', 0),
(261, 1, 1, '2,7,10,41,20,23,28,30', '21.40', '58886.00', '2024-07-17 12:30:34', '2024-07-17 12:30:34', 0),
(262, 1, 1, '2,7,10,41,20,23,28,31', '21.90', '58983.00', '2024-07-17 12:30:34', '2024-07-17 12:30:34', 0),
(263, 1, 1, '2,7,10,41,20,24,28,30', '18.90', '58886.00', '2024-07-17 12:30:34', '2024-07-17 12:30:34', 0),
(264, 1, 1, '2,7,10,41,20,24,28,31', '19.40', '58983.00', '2024-07-17 12:30:34', '2024-07-17 12:30:34', 0),
(265, 1, 1, '2,7,11,15,19,23,28,30', '18.70', '61186.00', '2024-07-17 12:30:34', '2024-07-17 12:30:34', 0),
(266, 1, 1, '2,7,11,15,19,23,28,31', '19.20', '61283.00', '2024-07-17 12:30:34', '2024-07-17 12:30:34', 0),
(267, 1, 1, '2,7,11,15,19,24,28,30', '16.20', '61186.00', '2024-07-17 12:30:34', '2024-07-17 12:30:34', 0),
(268, 1, 1, '2,7,11,15,19,24,28,31', '16.70', '61283.00', '2024-07-17 12:30:34', '2024-07-17 12:30:34', 0),
(269, 1, 1, '2,7,11,15,20,23,28,30', '20.20', '61236.00', '2024-07-17 12:30:34', '2024-07-17 12:30:34', 0),
(270, 1, 1, '2,7,11,15,20,23,28,31', '20.70', '61333.00', '2024-07-17 12:30:34', '2024-07-17 12:30:34', 0),
(271, 1, 1, '2,7,11,15,20,24,28,30', '17.70', '61236.00', '2024-07-17 12:30:34', '2024-07-17 12:30:34', 0),
(272, 1, 1, '2,7,11,15,20,24,28,31', '18.20', '61333.00', '2024-07-17 12:30:34', '2024-07-17 12:30:34', 0),
(273, 1, 1, '2,7,11,16,19,23,28,30', '22.20', '61486.00', '2024-07-17 12:30:34', '2024-07-17 12:30:34', 0),
(274, 1, 1, '2,7,11,16,19,23,28,31', '22.70', '61583.00', '2024-07-17 12:30:34', '2024-07-17 12:30:34', 0),
(275, 1, 1, '2,7,11,16,19,24,28,30', '19.70', '61486.00', '2024-07-17 12:30:34', '2024-07-17 12:30:34', 0),
(276, 1, 1, '2,7,11,16,19,24,28,31', '20.20', '61583.00', '2024-07-17 12:30:34', '2024-07-17 12:30:34', 0),
(277, 1, 1, '2,7,11,16,20,23,28,30', '23.70', '61536.00', '2024-07-17 12:30:34', '2024-07-17 12:30:34', 0),
(278, 1, 1, '2,7,11,16,20,23,28,31', '24.20', '61633.00', '2024-07-17 12:30:34', '2024-07-17 12:30:34', 0),
(279, 1, 1, '2,7,11,16,20,24,28,30', '21.20', '61536.00', '2024-07-17 12:30:34', '2024-07-17 12:30:34', 0),
(280, 1, 1, '2,7,11,16,20,24,28,31', '21.70', '61633.00', '2024-07-17 12:30:34', '2024-07-17 12:30:34', 0),
(281, 1, 1, '2,7,11,41,19,23,28,30', '15.30', '60236.00', '2024-07-17 12:30:34', '2024-07-17 12:30:34', 0),
(282, 1, 1, '2,7,11,41,19,23,28,31', '15.80', '60333.00', '2024-07-17 12:30:34', '2024-07-17 12:30:34', 0),
(283, 1, 1, '2,7,11,41,19,24,28,30', '12.80', '60236.00', '2024-07-17 12:30:34', '2024-07-17 12:30:34', 0),
(284, 1, 1, '2,7,11,41,19,24,28,31', '13.30', '60333.00', '2024-07-17 12:30:34', '2024-07-17 12:30:34', 0),
(285, 1, 1, '2,7,11,41,20,23,28,30', '16.80', '60286.00', '2024-07-17 12:30:34', '2024-07-17 12:30:34', 0),
(286, 1, 1, '2,7,11,41,20,23,28,31', '17.30', '60383.00', '2024-07-17 12:30:34', '2024-07-17 12:30:34', 0),
(287, 1, 1, '2,7,11,41,20,24,28,30', '14.30', '60286.00', '2024-07-17 12:30:34', '2024-07-17 12:30:34', 0),
(288, 1, 1, '2,7,11,41,20,24,28,31', '14.80', '60383.00', '2024-07-17 12:30:34', '2024-07-17 12:30:34', 0),
(289, 1, 1, '3,6,9,15,19,23,28,30', '23.50', '62665.00', '2024-07-17 12:30:34', '2024-07-17 12:30:34', 0),
(290, 1, 1, '3,6,9,15,19,23,28,31', '24.00', '62762.00', '2024-07-17 12:30:34', '2024-07-17 12:30:34', 0),
(291, 1, 1, '3,6,9,15,19,24,28,30', '21.00', '62665.00', '2024-07-17 12:30:34', '2024-07-17 12:30:34', 0),
(292, 1, 1, '3,6,9,15,19,24,28,31', '21.50', '62762.00', '2024-07-17 12:30:34', '2024-07-17 12:30:34', 0),
(293, 1, 1, '3,6,9,15,20,23,28,30', '25.00', '62715.00', '2024-07-17 12:30:34', '2024-07-17 12:30:34', 0),
(294, 1, 1, '3,6,9,15,20,23,28,31', '25.50', '62812.00', '2024-07-17 12:30:34', '2024-07-17 12:30:34', 0),
(295, 1, 1, '3,6,9,15,20,24,28,30', '22.50', '62715.00', '2024-07-17 12:30:34', '2024-07-17 12:30:34', 0),
(296, 1, 1, '3,6,9,15,20,24,28,31', '23.00', '62812.00', '2024-07-17 12:30:34', '2024-07-17 12:30:34', 0),
(297, 1, 1, '3,6,9,16,19,23,28,30', '27.00', '62965.00', '2024-07-17 12:30:34', '2024-07-17 12:30:34', 0),
(298, 1, 1, '3,6,9,16,19,23,28,31', '27.50', '63062.00', '2024-07-17 12:30:34', '2024-07-17 12:30:34', 0),
(299, 1, 1, '3,6,9,16,19,24,28,30', '24.50', '62965.00', '2024-07-17 12:30:34', '2024-07-17 12:30:34', 0),
(300, 1, 1, '3,6,9,16,19,24,28,31', '25.00', '63062.00', '2024-07-17 12:30:34', '2024-07-17 12:30:34', 0),
(301, 1, 1, '3,6,9,16,20,23,28,30', '28.50', '63015.00', '2024-07-17 12:30:34', '2024-07-17 12:30:34', 0),
(302, 1, 1, '3,6,9,16,20,23,28,31', '29.00', '63112.00', '2024-07-17 12:30:34', '2024-07-17 12:30:34', 0),
(303, 1, 1, '3,6,9,16,20,24,28,30', '26.00', '63015.00', '2024-07-17 12:30:34', '2024-07-17 12:30:34', 0),
(304, 1, 1, '3,6,9,16,20,24,28,31', '26.50', '63112.00', '2024-07-17 12:30:34', '2024-07-17 12:30:34', 0),
(305, 1, 1, '3,6,9,41,19,23,28,30', '20.10', '61715.00', '2024-07-17 12:30:34', '2024-07-17 12:30:34', 0),
(306, 1, 1, '3,6,9,41,19,23,28,31', '20.60', '61812.00', '2024-07-17 12:30:34', '2024-07-17 12:30:34', 0),
(307, 1, 1, '3,6,9,41,19,24,28,30', '17.60', '61715.00', '2024-07-17 12:30:34', '2024-07-17 12:30:34', 0),
(308, 1, 1, '3,6,9,41,19,24,28,31', '18.10', '61812.00', '2024-07-17 12:30:34', '2024-07-17 12:30:34', 0),
(309, 1, 1, '3,6,9,41,20,23,28,30', '21.60', '61765.00', '2024-07-17 12:30:34', '2024-07-17 12:30:34', 0),
(310, 1, 1, '3,6,9,41,20,23,28,31', '22.10', '61862.00', '2024-07-17 12:30:34', '2024-07-17 12:30:34', 0),
(311, 1, 1, '3,6,9,41,20,24,28,30', '19.10', '61765.00', '2024-07-17 12:30:34', '2024-07-17 12:30:34', 0),
(312, 1, 1, '3,6,9,41,20,24,28,31', '19.60', '61862.00', '2024-07-17 12:30:34', '2024-07-17 12:30:34', 0),
(313, 1, 1, '3,6,10,15,19,23,28,30', '26.50', '63915.00', '2024-07-17 12:30:34', '2024-07-17 12:30:34', 0),
(314, 1, 1, '3,6,10,15,19,23,28,31', '27.00', '64012.00', '2024-07-17 12:30:34', '2024-07-17 12:30:34', 0),
(315, 1, 1, '3,6,10,15,19,24,28,30', '24.00', '63915.00', '2024-07-17 12:30:34', '2024-07-17 12:30:34', 0),
(316, 1, 1, '3,6,10,15,19,24,28,31', '24.50', '64012.00', '2024-07-17 12:30:34', '2024-07-17 12:30:34', 0),
(317, 1, 1, '3,6,10,15,20,23,28,30', '28.00', '63965.00', '2024-07-17 12:30:34', '2024-07-17 12:30:34', 0),
(318, 1, 1, '3,6,10,15,20,23,28,31', '28.50', '64062.00', '2024-07-17 12:30:34', '2024-07-17 12:30:34', 0),
(319, 1, 1, '3,6,10,15,20,24,28,30', '25.50', '63965.00', '2024-07-17 12:30:34', '2024-07-17 12:30:34', 0),
(320, 1, 1, '3,6,10,15,20,24,28,31', '26.00', '64062.00', '2024-07-17 12:30:34', '2024-07-17 12:30:34', 0),
(321, 1, 1, '3,6,10,16,19,23,28,30', '30.00', '64215.00', '2024-07-17 12:30:34', '2024-07-17 12:30:34', 0),
(322, 1, 1, '3,6,10,16,19,23,28,31', '30.50', '64312.00', '2024-07-17 12:30:34', '2024-07-17 12:30:34', 0),
(323, 1, 1, '3,6,10,16,19,24,28,30', '27.50', '64215.00', '2024-07-17 12:30:34', '2024-07-17 12:30:34', 0),
(324, 1, 1, '3,6,10,16,19,24,28,31', '28.00', '64312.00', '2024-07-17 12:30:34', '2024-07-17 12:30:34', 0),
(325, 1, 1, '3,6,10,16,20,23,28,30', '31.50', '64265.00', '2024-07-17 12:30:34', '2024-07-17 12:30:34', 0),
(326, 1, 1, '3,6,10,16,20,23,28,31', '32.00', '64362.00', '2024-07-17 12:30:34', '2024-07-17 12:30:34', 0),
(327, 1, 1, '3,6,10,16,20,24,28,30', '29.00', '64265.00', '2024-07-17 12:30:34', '2024-07-17 12:30:34', 0),
(328, 1, 1, '3,6,10,16,20,24,28,31', '29.50', '64362.00', '2024-07-17 12:30:34', '2024-07-17 12:30:34', 0),
(329, 1, 1, '3,6,10,41,19,23,28,30', '23.10', '62965.00', '2024-07-17 12:30:34', '2024-07-17 12:30:34', 0),
(330, 1, 1, '3,6,10,41,19,23,28,31', '23.60', '63062.00', '2024-07-17 12:30:34', '2024-07-17 12:30:34', 0),
(331, 1, 1, '3,6,10,41,19,24,28,30', '20.60', '62965.00', '2024-07-17 12:30:34', '2024-07-17 12:30:34', 0),
(332, 1, 1, '3,6,10,41,19,24,28,31', '21.10', '63062.00', '2024-07-17 12:30:34', '2024-07-17 12:30:34', 0),
(333, 1, 1, '3,6,10,41,20,23,28,30', '24.60', '63015.00', '2024-07-17 12:30:34', '2024-07-17 12:30:34', 0),
(334, 1, 1, '3,6,10,41,20,23,28,31', '25.10', '63112.00', '2024-07-17 12:30:34', '2024-07-17 12:30:34', 0),
(335, 1, 1, '3,6,10,41,20,24,28,30', '22.10', '63015.00', '2024-07-17 12:30:34', '2024-07-17 12:30:34', 0),
(336, 1, 1, '3,6,10,41,20,24,28,31', '22.60', '63112.00', '2024-07-17 12:30:34', '2024-07-17 12:30:34', 0),
(337, 1, 1, '3,6,11,15,19,23,28,30', '21.90', '65315.00', '2024-07-17 12:30:34', '2024-07-17 12:30:34', 0),
(338, 1, 1, '3,6,11,15,19,23,28,31', '22.40', '65412.00', '2024-07-17 12:30:34', '2024-07-17 12:30:34', 0),
(339, 1, 1, '3,6,11,15,19,24,28,30', '19.40', '65315.00', '2024-07-17 12:30:34', '2024-07-17 12:30:34', 0),
(340, 1, 1, '3,6,11,15,19,24,28,31', '19.90', '65412.00', '2024-07-17 12:30:34', '2024-07-17 12:30:34', 0),
(341, 1, 1, '3,6,11,15,20,23,28,30', '23.40', '65365.00', '2024-07-17 12:30:34', '2024-07-17 12:30:34', 0),
(342, 1, 1, '3,6,11,15,20,23,28,31', '23.90', '65462.00', '2024-07-17 12:30:34', '2024-07-17 12:30:34', 0),
(343, 1, 1, '3,6,11,15,20,24,28,30', '20.90', '65365.00', '2024-07-17 12:30:34', '2024-07-17 12:30:34', 0),
(344, 1, 1, '3,6,11,15,20,24,28,31', '21.40', '65462.00', '2024-07-17 12:30:34', '2024-07-17 12:30:34', 0),
(345, 1, 1, '3,6,11,16,19,23,28,30', '25.40', '65615.00', '2024-07-17 12:30:34', '2024-07-17 12:30:34', 0),
(346, 1, 1, '3,6,11,16,19,23,28,31', '25.90', '65712.00', '2024-07-17 12:30:34', '2024-07-17 12:30:34', 0),
(347, 1, 1, '3,6,11,16,19,24,28,30', '22.90', '65615.00', '2024-07-17 12:30:34', '2024-07-17 12:30:34', 0),
(348, 1, 1, '3,6,11,16,19,24,28,31', '23.40', '65712.00', '2024-07-17 12:30:34', '2024-07-17 12:30:34', 0),
(349, 1, 1, '3,6,11,16,20,23,28,30', '26.90', '65665.00', '2024-07-17 12:30:34', '2024-07-17 12:30:34', 0),
(350, 1, 1, '3,6,11,16,20,23,28,31', '27.40', '65762.00', '2024-07-17 12:30:34', '2024-07-17 12:30:34', 0),
(351, 1, 1, '3,6,11,16,20,24,28,30', '24.40', '65665.00', '2024-07-17 12:30:34', '2024-07-17 12:30:34', 0),
(352, 1, 1, '3,6,11,16,20,24,28,31', '24.90', '65762.00', '2024-07-17 12:30:34', '2024-07-17 12:30:34', 0),
(353, 1, 1, '3,6,11,41,19,23,28,30', '18.50', '64365.00', '2024-07-17 12:30:34', '2024-07-17 12:30:34', 0),
(354, 1, 1, '3,6,11,41,19,23,28,31', '19.00', '64462.00', '2024-07-17 12:30:34', '2024-07-17 12:30:34', 0),
(355, 1, 1, '3,6,11,41,19,24,28,30', '16.00', '64365.00', '2024-07-17 12:30:34', '2024-07-17 12:30:34', 0),
(356, 1, 1, '3,6,11,41,19,24,28,31', '16.50', '64462.00', '2024-07-17 12:30:34', '2024-07-17 12:30:34', 0),
(357, 1, 1, '3,6,11,41,20,23,28,30', '20.00', '64415.00', '2024-07-17 12:30:34', '2024-07-17 12:30:34', 0),
(358, 1, 1, '3,6,11,41,20,23,28,31', '20.50', '64512.00', '2024-07-17 12:30:34', '2024-07-17 12:30:34', 0),
(359, 1, 1, '3,6,11,41,20,24,28,30', '17.50', '64415.00', '2024-07-17 12:30:34', '2024-07-17 12:30:34', 0),
(360, 1, 1, '3,6,11,41,20,24,28,31', '18.00', '64512.00', '2024-07-17 12:30:34', '2024-07-17 12:30:34', 0),
(361, 1, 1, '3,7,9,15,19,23,28,30', '24.90', '64236.00', '2024-07-17 12:30:34', '2024-07-17 12:30:34', 0),
(362, 1, 1, '3,7,9,15,19,23,28,31', '25.40', '64333.00', '2024-07-17 12:30:34', '2024-07-17 12:30:34', 0),
(363, 1, 1, '3,7,9,15,19,24,28,30', '22.40', '64236.00', '2024-07-17 12:30:34', '2024-07-17 12:30:34', 0),
(364, 1, 1, '3,7,9,15,19,24,28,31', '22.90', '64333.00', '2024-07-17 12:30:34', '2024-07-17 12:30:34', 0),
(365, 1, 1, '3,7,9,15,20,23,28,30', '26.40', '64286.00', '2024-07-17 12:30:34', '2024-07-17 12:30:34', 0),
(366, 1, 1, '3,7,9,15,20,23,28,31', '26.90', '64383.00', '2024-07-17 12:30:34', '2024-07-17 12:30:34', 0),
(367, 1, 1, '3,7,9,15,20,24,28,30', '23.90', '64286.00', '2024-07-17 12:30:34', '2024-07-17 12:30:34', 0),
(368, 1, 1, '3,7,9,15,20,24,28,31', '24.40', '64383.00', '2024-07-17 12:30:34', '2024-07-17 12:30:34', 0),
(369, 1, 1, '3,7,9,16,19,23,28,30', '28.40', '64536.00', '2024-07-17 12:30:34', '2024-07-17 12:30:34', 0),
(370, 1, 1, '3,7,9,16,19,23,28,31', '28.90', '64633.00', '2024-07-17 12:30:34', '2024-07-17 12:30:34', 0),
(371, 1, 1, '3,7,9,16,19,24,28,30', '25.90', '64536.00', '2024-07-17 12:30:34', '2024-07-17 12:30:34', 0),
(372, 1, 1, '3,7,9,16,19,24,28,31', '26.40', '64633.00', '2024-07-17 12:30:34', '2024-07-17 12:30:34', 0),
(373, 1, 1, '3,7,9,16,20,23,28,30', '29.90', '64586.00', '2024-07-17 12:30:34', '2024-07-17 12:30:34', 0),
(374, 1, 1, '3,7,9,16,20,23,28,31', '30.40', '64683.00', '2024-07-17 12:30:34', '2024-07-17 12:30:34', 0),
(375, 1, 1, '3,7,9,16,20,24,28,30', '27.40', '64586.00', '2024-07-17 12:30:34', '2024-07-17 12:30:34', 0),
(376, 1, 1, '3,7,9,16,20,24,28,31', '27.90', '64683.00', '2024-07-17 12:30:34', '2024-07-17 12:30:34', 0),
(377, 1, 1, '3,7,9,41,19,23,28,30', '21.50', '63286.00', '2024-07-17 12:30:34', '2024-07-17 12:30:34', 0),
(378, 1, 1, '3,7,9,41,19,23,28,31', '22.00', '63383.00', '2024-07-17 12:30:34', '2024-07-17 12:30:34', 0),
(379, 1, 1, '3,7,9,41,19,24,28,30', '19.00', '63286.00', '2024-07-17 12:30:34', '2024-07-17 12:30:34', 0),
(380, 1, 1, '3,7,9,41,19,24,28,31', '19.50', '63383.00', '2024-07-17 12:30:34', '2024-07-17 12:30:34', 0),
(381, 1, 1, '3,7,9,41,20,23,28,30', '23.00', '63336.00', '2024-07-17 12:30:34', '2024-07-17 12:30:34', 0),
(382, 1, 1, '3,7,9,41,20,23,28,31', '23.50', '63433.00', '2024-07-17 12:30:34', '2024-07-17 12:30:34', 0),
(383, 1, 1, '3,7,9,41,20,24,28,30', '20.50', '63336.00', '2024-07-17 12:30:34', '2024-07-17 12:30:34', 0),
(384, 1, 1, '3,7,9,41,20,24,28,31', '21.00', '63433.00', '2024-07-17 12:30:34', '2024-07-17 12:30:34', 0),
(385, 1, 1, '3,7,10,15,19,23,28,30', '27.90', '65486.00', '2024-07-17 12:30:34', '2024-07-17 12:30:34', 0),
(386, 1, 1, '3,7,10,15,19,23,28,31', '28.40', '65583.00', '2024-07-17 12:30:34', '2024-07-17 12:30:34', 0),
(387, 1, 1, '3,7,10,15,19,24,28,30', '25.40', '65486.00', '2024-07-17 12:30:34', '2024-07-17 12:30:34', 0),
(388, 1, 1, '3,7,10,15,19,24,28,31', '25.90', '65583.00', '2024-07-17 12:30:34', '2024-07-17 12:30:34', 0),
(389, 1, 1, '3,7,10,15,20,23,28,30', '29.40', '65536.00', '2024-07-17 12:30:34', '2024-07-17 12:30:34', 0),
(390, 1, 1, '3,7,10,15,20,23,28,31', '29.90', '65633.00', '2024-07-17 12:30:34', '2024-07-17 12:30:34', 0),
(391, 1, 1, '3,7,10,15,20,24,28,30', '26.90', '65536.00', '2024-07-17 12:30:34', '2024-07-17 12:30:34', 0),
(392, 1, 1, '3,7,10,15,20,24,28,31', '27.40', '65633.00', '2024-07-17 12:30:34', '2024-07-17 12:30:34', 0),
(393, 1, 1, '3,7,10,16,19,23,28,30', '31.40', '65786.00', '2024-07-17 12:30:34', '2024-07-17 12:30:34', 0),
(394, 1, 1, '3,7,10,16,19,23,28,31', '31.90', '65883.00', '2024-07-17 12:30:34', '2024-07-17 12:30:34', 0),
(395, 1, 1, '3,7,10,16,19,24,28,30', '28.90', '65786.00', '2024-07-17 12:30:34', '2024-07-17 12:30:34', 0),
(396, 1, 1, '3,7,10,16,19,24,28,31', '29.40', '65883.00', '2024-07-17 12:30:34', '2024-07-17 12:30:34', 0),
(397, 1, 1, '3,7,10,16,20,23,28,30', '32.90', '65836.00', '2024-07-17 12:30:34', '2024-07-17 12:30:34', 0),
(398, 1, 1, '3,7,10,16,20,23,28,31', '33.40', '65933.00', '2024-07-17 12:30:34', '2024-07-17 12:30:34', 0),
(399, 1, 1, '3,7,10,16,20,24,28,30', '30.40', '65836.00', '2024-07-17 12:30:34', '2024-07-17 12:30:34', 0),
(400, 1, 1, '3,7,10,16,20,24,28,31', '30.90', '65933.00', '2024-07-17 12:30:34', '2024-07-17 12:30:34', 0),
(401, 1, 1, '3,7,10,41,19,23,28,30', '24.50', '64536.00', '2024-07-17 12:30:34', '2024-07-17 12:30:34', 0),
(402, 1, 1, '3,7,10,41,19,23,28,31', '25.00', '64633.00', '2024-07-17 12:30:34', '2024-07-17 12:30:34', 0),
(403, 1, 1, '3,7,10,41,19,24,28,30', '22.00', '64536.00', '2024-07-17 12:30:34', '2024-07-17 12:30:34', 0),
(404, 1, 1, '3,7,10,41,19,24,28,31', '22.50', '64633.00', '2024-07-17 12:30:34', '2024-07-17 12:30:34', 0),
(405, 1, 1, '3,7,10,41,20,23,28,30', '26.00', '64586.00', '2024-07-17 12:30:34', '2024-07-17 12:30:34', 0),
(406, 1, 1, '3,7,10,41,20,23,28,31', '26.50', '64683.00', '2024-07-17 12:30:34', '2024-07-17 12:30:34', 0),
(407, 1, 1, '3,7,10,41,20,24,28,30', '23.50', '64586.00', '2024-07-17 12:30:34', '2024-07-17 12:30:34', 0),
(408, 1, 1, '3,7,10,41,20,24,28,31', '24.00', '64683.00', '2024-07-17 12:30:34', '2024-07-17 12:30:34', 0),
(409, 1, 1, '3,7,11,15,19,23,28,30', '23.30', '66886.00', '2024-07-17 12:30:34', '2024-07-17 12:30:34', 0),
(410, 1, 1, '3,7,11,15,19,23,28,31', '23.80', '66983.00', '2024-07-17 12:30:34', '2024-07-17 12:30:34', 0),
(411, 1, 1, '3,7,11,15,19,24,28,30', '20.80', '66886.00', '2024-07-17 12:30:34', '2024-07-17 12:30:34', 0),
(412, 1, 1, '3,7,11,15,19,24,28,31', '21.30', '66983.00', '2024-07-17 12:30:34', '2024-07-17 12:30:34', 0),
(413, 1, 1, '3,7,11,15,20,23,28,30', '24.80', '66936.00', '2024-07-17 12:30:34', '2024-07-17 12:30:34', 0),
(414, 1, 1, '3,7,11,15,20,23,28,31', '25.30', '67033.00', '2024-07-17 12:30:34', '2024-07-17 12:30:34', 0),
(415, 1, 1, '3,7,11,15,20,24,28,30', '22.30', '66936.00', '2024-07-17 12:30:34', '2024-07-17 12:30:34', 0),
(416, 1, 1, '3,7,11,15,20,24,28,31', '22.80', '67033.00', '2024-07-17 12:30:34', '2024-07-17 12:30:34', 0),
(417, 1, 1, '3,7,11,16,19,23,28,30', '26.80', '67186.00', '2024-07-17 12:30:34', '2024-07-17 12:30:34', 0),
(418, 1, 1, '3,7,11,16,19,23,28,31', '27.30', '67283.00', '2024-07-17 12:30:34', '2024-07-17 12:30:34', 0),
(419, 1, 1, '3,7,11,16,19,24,28,30', '24.30', '67186.00', '2024-07-17 12:30:34', '2024-07-17 12:30:34', 0),
(420, 1, 1, '3,7,11,16,19,24,28,31', '24.80', '67283.00', '2024-07-17 12:30:34', '2024-07-17 12:30:34', 0),
(421, 1, 1, '3,7,11,16,20,23,28,30', '28.30', '67236.00', '2024-07-17 12:30:34', '2024-07-17 12:30:34', 0),
(422, 1, 1, '3,7,11,16,20,23,28,31', '28.80', '67333.00', '2024-07-17 12:30:34', '2024-07-17 12:30:34', 0),
(423, 1, 1, '3,7,11,16,20,24,28,30', '25.80', '67236.00', '2024-07-17 12:30:34', '2024-07-17 12:30:34', 0),
(424, 1, 1, '3,7,11,16,20,24,28,31', '26.30', '67333.00', '2024-07-17 12:30:34', '2024-07-17 12:30:34', 0),
(425, 1, 1, '3,7,11,41,19,23,28,30', '19.90', '65936.00', '2024-07-17 12:30:34', '2024-07-17 12:30:34', 0),
(426, 1, 1, '3,7,11,41,19,23,28,31', '20.40', '66033.00', '2024-07-17 12:30:34', '2024-07-17 12:30:34', 0),
(427, 1, 1, '3,7,11,41,19,24,28,30', '17.40', '65936.00', '2024-07-17 12:30:34', '2024-07-17 12:30:34', 0),
(428, 1, 1, '3,7,11,41,19,24,28,31', '17.90', '66033.00', '2024-07-17 12:30:34', '2024-07-17 12:30:34', 0),
(429, 1, 1, '3,7,11,41,20,23,28,30', '21.40', '65986.00', '2024-07-17 12:30:34', '2024-07-17 12:30:34', 0),
(430, 1, 1, '3,7,11,41,20,23,28,31', '21.90', '66083.00', '2024-07-17 12:30:34', '2024-07-17 12:30:34', 0),
(431, 1, 1, '3,7,11,41,20,24,28,30', '18.90', '65986.00', '2024-07-17 12:30:34', '2024-07-17 12:30:34', 0),
(432, 1, 1, '3,7,11,41,20,24,28,31', '19.40', '66083.00', '2024-07-17 12:30:34', '2024-07-17 12:30:34', 0),
(561, 3, 2, '2,6,9,15,19,23,27,32', '18.70', '56213.00', '2024-07-17 12:36:57', '2024-07-17 12:36:57', 0),
(562, 3, 2, '2,6,9,15,19,23,27,33', '19.20', '56373.00', '2024-07-17 12:36:57', '2024-07-17 12:36:57', 0),
(563, 3, 2, '2,6,9,15,19,23,28,32', '20.00', '57102.00', '2024-07-17 12:36:57', '2024-07-17 12:36:57', 0),
(564, 3, 2, '2,6,9,15,19,23,28,33', '20.50', '57262.00', '2024-07-17 12:36:57', '2024-07-17 12:36:57', 0),
(565, 3, 2, '2,6,9,15,19,24,27,32', '16.20', '56213.00', '2024-07-17 12:36:57', '2024-07-17 12:36:57', 0),
(566, 3, 2, '2,6,9,15,19,24,27,33', '16.70', '56373.00', '2024-07-17 12:36:57', '2024-07-17 12:36:57', 0),
(567, 3, 2, '2,6,9,15,19,24,28,32', '17.50', '57102.00', '2024-07-17 12:36:57', '2024-07-17 12:36:57', 0),
(568, 3, 2, '2,6,9,15,19,24,28,33', '18.00', '57262.00', '2024-07-17 12:36:57', '2024-07-17 12:36:57', 0),
(569, 3, 2, '2,6,9,15,20,23,27,32', '20.20', '56263.00', '2024-07-17 12:36:57', '2024-07-17 12:36:57', 0),
(570, 3, 2, '2,6,9,15,20,23,27,33', '20.70', '56423.00', '2024-07-17 12:36:57', '2024-07-17 12:36:57', 0),
(571, 3, 2, '2,6,9,15,20,23,28,32', '21.50', '57152.00', '2024-07-17 12:36:57', '2024-07-17 12:36:57', 0),
(572, 3, 2, '2,6,9,15,20,23,28,33', '22.00', '57312.00', '2024-07-17 12:36:57', '2024-07-17 12:36:57', 0),
(573, 3, 2, '2,6,9,15,20,24,27,32', '17.70', '56263.00', '2024-07-17 12:36:57', '2024-07-17 12:36:57', 0),
(574, 3, 2, '2,6,9,15,20,24,27,33', '18.20', '56423.00', '2024-07-17 12:36:57', '2024-07-17 12:36:57', 0),
(575, 3, 2, '2,6,9,15,20,24,28,32', '19.00', '57152.00', '2024-07-17 12:36:57', '2024-07-17 12:36:57', 0),
(576, 3, 2, '2,6,9,15,20,24,28,33', '19.50', '57312.00', '2024-07-17 12:36:57', '2024-07-17 12:36:57', 0),
(577, 3, 2, '2,6,9,16,19,23,27,32', '22.20', '56513.00', '2024-07-17 12:36:57', '2024-07-17 12:36:57', 0),
(578, 3, 2, '2,6,9,16,19,23,27,33', '22.70', '56673.00', '2024-07-17 12:36:57', '2024-07-17 12:36:57', 0),
(579, 3, 2, '2,6,9,16,19,23,28,32', '23.50', '57402.00', '2024-07-17 12:36:57', '2024-07-17 12:36:57', 0),
(580, 3, 2, '2,6,9,16,19,23,28,33', '24.00', '57562.00', '2024-07-17 12:36:57', '2024-07-17 12:36:57', 0),
(581, 3, 2, '2,6,9,16,19,24,27,32', '19.70', '56513.00', '2024-07-17 12:36:57', '2024-07-17 12:36:57', 0),
(582, 3, 2, '2,6,9,16,19,24,27,33', '20.20', '56673.00', '2024-07-17 12:36:57', '2024-07-17 12:36:57', 0),
(583, 3, 2, '2,6,9,16,19,24,28,32', '21.00', '57402.00', '2024-07-17 12:36:57', '2024-07-17 12:36:57', 0),
(584, 3, 2, '2,6,9,16,19,24,28,33', '21.50', '57562.00', '2024-07-17 12:36:57', '2024-07-17 12:36:57', 0),
(585, 3, 2, '2,6,9,16,20,23,27,32', '23.70', '56563.00', '2024-07-17 12:36:57', '2024-07-17 12:36:57', 0),
(586, 3, 2, '2,6,9,16,20,23,27,33', '24.20', '56723.00', '2024-07-17 12:36:57', '2024-07-17 12:36:57', 0),
(587, 3, 2, '2,6,9,16,20,23,28,32', '25.00', '57452.00', '2024-07-17 12:36:57', '2024-07-17 12:36:57', 0),
(588, 3, 2, '2,6,9,16,20,23,28,33', '25.50', '57612.00', '2024-07-17 12:36:57', '2024-07-17 12:36:57', 0),
(589, 3, 2, '2,6,9,16,20,24,27,32', '21.20', '56563.00', '2024-07-17 12:36:57', '2024-07-17 12:36:57', 0),
(590, 3, 2, '2,6,9,16,20,24,27,33', '21.70', '56723.00', '2024-07-17 12:36:57', '2024-07-17 12:36:57', 0),
(591, 3, 2, '2,6,9,16,20,24,28,32', '22.50', '57452.00', '2024-07-17 12:36:57', '2024-07-17 12:36:57', 0),
(592, 3, 2, '2,6,9,16,20,24,28,33', '23.00', '57612.00', '2024-07-17 12:36:57', '2024-07-17 12:36:57', 0),
(593, 3, 2, '2,6,9,17,19,23,27,32', '25.80', '56813.00', '2024-07-17 12:36:57', '2024-07-17 12:36:57', 0),
(594, 3, 2, '2,6,9,17,19,23,27,33', '26.30', '56973.00', '2024-07-17 12:36:57', '2024-07-17 12:36:57', 0),
(595, 3, 2, '2,6,9,17,19,23,28,32', '27.10', '57702.00', '2024-07-17 12:36:57', '2024-07-17 12:36:57', 0),
(596, 3, 2, '2,6,9,17,19,23,28,33', '27.60', '57862.00', '2024-07-17 12:36:57', '2024-07-17 12:36:57', 0),
(597, 3, 2, '2,6,9,17,19,24,27,32', '23.30', '56813.00', '2024-07-17 12:36:57', '2024-07-17 12:36:57', 0),
(598, 3, 2, '2,6,9,17,19,24,27,33', '23.80', '56973.00', '2024-07-17 12:36:57', '2024-07-17 12:36:57', 0),
(599, 3, 2, '2,6,9,17,19,24,28,32', '24.60', '57702.00', '2024-07-17 12:36:57', '2024-07-17 12:36:57', 0),
(600, 3, 2, '2,6,9,17,19,24,28,33', '25.10', '57862.00', '2024-07-17 12:36:57', '2024-07-17 12:36:57', 0);
INSERT INTO `ecm_result_combinations` (`id`, `combinationId`, `auditId`, `assemblyIds`, `totalCombinationECP`, `totalCombinationCost`, `createdAt`, `updatedAt`, `isDeleted`) VALUES
(601, 3, 2, '2,6,9,17,20,23,27,32', '27.30', '56863.00', '2024-07-17 12:36:57', '2024-07-17 12:36:57', 0),
(602, 3, 2, '2,6,9,17,20,23,27,33', '27.80', '57023.00', '2024-07-17 12:36:57', '2024-07-17 12:36:57', 0),
(603, 3, 2, '2,6,9,17,20,23,28,32', '28.60', '57752.00', '2024-07-17 12:36:57', '2024-07-17 12:36:57', 0),
(604, 3, 2, '2,6,9,17,20,23,28,33', '29.10', '57912.00', '2024-07-17 12:36:57', '2024-07-17 12:36:57', 0),
(605, 3, 2, '2,6,9,17,20,24,27,32', '24.80', '56863.00', '2024-07-17 12:36:57', '2024-07-17 12:36:57', 0),
(606, 3, 2, '2,6,9,17,20,24,27,33', '25.30', '57023.00', '2024-07-17 12:36:57', '2024-07-17 12:36:57', 0),
(607, 3, 2, '2,6,9,17,20,24,28,32', '26.10', '57752.00', '2024-07-17 12:36:57', '2024-07-17 12:36:57', 0),
(608, 3, 2, '2,6,9,17,20,24,28,33', '26.60', '57912.00', '2024-07-17 12:36:57', '2024-07-17 12:36:57', 0),
(609, 3, 2, '2,6,10,15,19,23,27,32', '21.70', '57463.00', '2024-07-17 12:36:57', '2024-07-17 12:36:57', 0),
(610, 3, 2, '2,6,10,15,19,23,27,33', '22.20', '57623.00', '2024-07-17 12:36:57', '2024-07-17 12:36:57', 0),
(611, 3, 2, '2,6,10,15,19,23,28,32', '23.00', '58352.00', '2024-07-17 12:36:57', '2024-07-17 12:36:57', 0),
(612, 3, 2, '2,6,10,15,19,23,28,33', '23.50', '58512.00', '2024-07-17 12:36:57', '2024-07-17 12:36:57', 0),
(613, 3, 2, '2,6,10,15,19,24,27,32', '19.20', '57463.00', '2024-07-17 12:36:57', '2024-07-17 12:36:57', 0),
(614, 3, 2, '2,6,10,15,19,24,27,33', '19.70', '57623.00', '2024-07-17 12:36:57', '2024-07-17 12:36:57', 0),
(615, 3, 2, '2,6,10,15,19,24,28,32', '20.50', '58352.00', '2024-07-17 12:36:57', '2024-07-17 12:36:57', 0),
(616, 3, 2, '2,6,10,15,19,24,28,33', '21.00', '58512.00', '2024-07-17 12:36:57', '2024-07-17 12:36:57', 0),
(617, 3, 2, '2,6,10,15,20,23,27,32', '23.20', '57513.00', '2024-07-17 12:36:57', '2024-07-17 12:36:57', 0),
(618, 3, 2, '2,6,10,15,20,23,27,33', '23.70', '57673.00', '2024-07-17 12:36:57', '2024-07-17 12:36:57', 0),
(619, 3, 2, '2,6,10,15,20,23,28,32', '24.50', '58402.00', '2024-07-17 12:36:57', '2024-07-17 12:36:57', 0),
(620, 3, 2, '2,6,10,15,20,23,28,33', '25.00', '58562.00', '2024-07-17 12:36:57', '2024-07-17 12:36:57', 0),
(621, 3, 2, '2,6,10,15,20,24,27,32', '20.70', '57513.00', '2024-07-17 12:36:57', '2024-07-17 12:36:57', 0),
(622, 3, 2, '2,6,10,15,20,24,27,33', '21.20', '57673.00', '2024-07-17 12:36:57', '2024-07-17 12:36:57', 0),
(623, 3, 2, '2,6,10,15,20,24,28,32', '22.00', '58402.00', '2024-07-17 12:36:57', '2024-07-17 12:36:57', 0),
(624, 3, 2, '2,6,10,15,20,24,28,33', '22.50', '58562.00', '2024-07-17 12:36:57', '2024-07-17 12:36:57', 0),
(625, 3, 2, '2,6,10,16,19,23,27,32', '25.20', '57763.00', '2024-07-17 12:36:57', '2024-07-17 12:36:57', 0),
(626, 3, 2, '2,6,10,16,19,23,27,33', '25.70', '57923.00', '2024-07-17 12:36:57', '2024-07-17 12:36:57', 0),
(627, 3, 2, '2,6,10,16,19,23,28,32', '26.50', '58652.00', '2024-07-17 12:36:57', '2024-07-17 12:36:57', 0),
(628, 3, 2, '2,6,10,16,19,23,28,33', '27.00', '58812.00', '2024-07-17 12:36:57', '2024-07-17 12:36:57', 0),
(629, 3, 2, '2,6,10,16,19,24,27,32', '22.70', '57763.00', '2024-07-17 12:36:57', '2024-07-17 12:36:57', 0),
(630, 3, 2, '2,6,10,16,19,24,27,33', '23.20', '57923.00', '2024-07-17 12:36:57', '2024-07-17 12:36:57', 0),
(631, 3, 2, '2,6,10,16,19,24,28,32', '24.00', '58652.00', '2024-07-17 12:36:57', '2024-07-17 12:36:57', 0),
(632, 3, 2, '2,6,10,16,19,24,28,33', '24.50', '58812.00', '2024-07-17 12:36:57', '2024-07-17 12:36:57', 0),
(633, 3, 2, '2,6,10,16,20,23,27,32', '26.70', '57813.00', '2024-07-17 12:36:57', '2024-07-17 12:36:57', 0),
(634, 3, 2, '2,6,10,16,20,23,27,33', '27.20', '57973.00', '2024-07-17 12:36:57', '2024-07-17 12:36:57', 0),
(635, 3, 2, '2,6,10,16,20,23,28,32', '28.00', '58702.00', '2024-07-17 12:36:57', '2024-07-17 12:36:57', 0),
(636, 3, 2, '2,6,10,16,20,23,28,33', '28.50', '58862.00', '2024-07-17 12:36:57', '2024-07-17 12:36:57', 0),
(637, 3, 2, '2,6,10,16,20,24,27,32', '24.20', '57813.00', '2024-07-17 12:36:57', '2024-07-17 12:36:57', 0),
(638, 3, 2, '2,6,10,16,20,24,27,33', '24.70', '57973.00', '2024-07-17 12:36:57', '2024-07-17 12:36:57', 0),
(639, 3, 2, '2,6,10,16,20,24,28,32', '25.50', '58702.00', '2024-07-17 12:36:57', '2024-07-17 12:36:57', 0),
(640, 3, 2, '2,6,10,16,20,24,28,33', '26.00', '58862.00', '2024-07-17 12:36:57', '2024-07-17 12:36:57', 0),
(641, 3, 2, '2,6,10,17,19,23,27,32', '28.80', '58063.00', '2024-07-17 12:36:57', '2024-07-17 12:36:57', 0),
(642, 3, 2, '2,6,10,17,19,23,27,33', '29.30', '58223.00', '2024-07-17 12:36:57', '2024-07-17 12:36:57', 0),
(643, 3, 2, '2,6,10,17,19,23,28,32', '30.10', '58952.00', '2024-07-17 12:36:57', '2024-07-17 12:36:57', 0),
(644, 3, 2, '2,6,10,17,19,23,28,33', '30.60', '59112.00', '2024-07-17 12:36:57', '2024-07-17 12:36:57', 0),
(645, 3, 2, '2,6,10,17,19,24,27,32', '26.30', '58063.00', '2024-07-17 12:36:57', '2024-07-17 12:36:57', 0),
(646, 3, 2, '2,6,10,17,19,24,27,33', '26.80', '58223.00', '2024-07-17 12:36:57', '2024-07-17 12:36:57', 0),
(647, 3, 2, '2,6,10,17,19,24,28,32', '27.60', '58952.00', '2024-07-17 12:36:57', '2024-07-17 12:36:57', 0),
(648, 3, 2, '2,6,10,17,19,24,28,33', '28.10', '59112.00', '2024-07-17 12:36:57', '2024-07-17 12:36:57', 0),
(649, 3, 2, '2,6,10,17,20,23,27,32', '30.30', '58113.00', '2024-07-17 12:36:57', '2024-07-17 12:36:57', 0),
(650, 3, 2, '2,6,10,17,20,23,27,33', '30.80', '58273.00', '2024-07-17 12:36:57', '2024-07-17 12:36:57', 0),
(651, 3, 2, '2,6,10,17,20,23,28,32', '31.60', '59002.00', '2024-07-17 12:36:57', '2024-07-17 12:36:57', 0),
(652, 3, 2, '2,6,10,17,20,23,28,33', '32.10', '59162.00', '2024-07-17 12:36:57', '2024-07-17 12:36:57', 0),
(653, 3, 2, '2,6,10,17,20,24,27,32', '27.80', '58113.00', '2024-07-17 12:36:57', '2024-07-17 12:36:57', 0),
(654, 3, 2, '2,6,10,17,20,24,27,33', '28.30', '58273.00', '2024-07-17 12:36:57', '2024-07-17 12:36:57', 0),
(655, 3, 2, '2,6,10,17,20,24,28,32', '29.10', '59002.00', '2024-07-17 12:36:57', '2024-07-17 12:36:57', 0),
(656, 3, 2, '2,6,10,17,20,24,28,33', '29.60', '59162.00', '2024-07-17 12:36:57', '2024-07-17 12:36:57', 0),
(657, 3, 2, '2,6,11,15,19,23,27,32', '17.10', '58863.00', '2024-07-17 12:36:57', '2024-07-17 12:36:57', 0),
(658, 3, 2, '2,6,11,15,19,23,27,33', '17.60', '59023.00', '2024-07-17 12:36:57', '2024-07-17 12:36:57', 0),
(659, 3, 2, '2,6,11,15,19,23,28,32', '18.40', '59752.00', '2024-07-17 12:36:57', '2024-07-17 12:36:57', 0),
(660, 3, 2, '2,6,11,15,19,23,28,33', '18.90', '59912.00', '2024-07-17 12:36:57', '2024-07-17 12:36:57', 0),
(661, 3, 2, '2,6,11,15,19,24,27,32', '14.60', '58863.00', '2024-07-17 12:36:57', '2024-07-17 12:36:57', 0),
(662, 3, 2, '2,6,11,15,19,24,27,33', '15.10', '59023.00', '2024-07-17 12:36:57', '2024-07-17 12:36:57', 0),
(663, 3, 2, '2,6,11,15,19,24,28,32', '15.90', '59752.00', '2024-07-17 12:36:57', '2024-07-17 12:36:57', 0),
(664, 3, 2, '2,6,11,15,19,24,28,33', '16.40', '59912.00', '2024-07-17 12:36:57', '2024-07-17 12:36:57', 0),
(665, 3, 2, '2,6,11,15,20,23,27,32', '18.60', '58913.00', '2024-07-17 12:36:57', '2024-07-17 12:36:57', 0),
(666, 3, 2, '2,6,11,15,20,23,27,33', '19.10', '59073.00', '2024-07-17 12:36:57', '2024-07-17 12:36:57', 0),
(667, 3, 2, '2,6,11,15,20,23,28,32', '19.90', '59802.00', '2024-07-17 12:36:57', '2024-07-17 12:36:57', 0),
(668, 3, 2, '2,6,11,15,20,23,28,33', '20.40', '59962.00', '2024-07-17 12:36:57', '2024-07-17 12:36:57', 0),
(669, 3, 2, '2,6,11,15,20,24,27,32', '16.10', '58913.00', '2024-07-17 12:36:57', '2024-07-17 12:36:57', 0),
(670, 3, 2, '2,6,11,15,20,24,27,33', '16.60', '59073.00', '2024-07-17 12:36:57', '2024-07-17 12:36:57', 0),
(671, 3, 2, '2,6,11,15,20,24,28,32', '17.40', '59802.00', '2024-07-17 12:36:57', '2024-07-17 12:36:57', 0),
(672, 3, 2, '2,6,11,15,20,24,28,33', '17.90', '59962.00', '2024-07-17 12:36:57', '2024-07-17 12:36:57', 0),
(673, 3, 2, '2,6,11,16,19,23,27,32', '20.60', '59163.00', '2024-07-17 12:36:57', '2024-07-17 12:36:57', 0),
(674, 3, 2, '2,6,11,16,19,23,27,33', '21.10', '59323.00', '2024-07-17 12:36:57', '2024-07-17 12:36:57', 0),
(675, 3, 2, '2,6,11,16,19,23,28,32', '21.90', '60052.00', '2024-07-17 12:36:57', '2024-07-17 12:36:57', 0),
(676, 3, 2, '2,6,11,16,19,23,28,33', '22.40', '60212.00', '2024-07-17 12:36:57', '2024-07-17 12:36:57', 0),
(677, 3, 2, '2,6,11,16,19,24,27,32', '18.10', '59163.00', '2024-07-17 12:36:57', '2024-07-17 12:36:57', 0),
(678, 3, 2, '2,6,11,16,19,24,27,33', '18.60', '59323.00', '2024-07-17 12:36:57', '2024-07-17 12:36:57', 0),
(679, 3, 2, '2,6,11,16,19,24,28,32', '19.40', '60052.00', '2024-07-17 12:36:57', '2024-07-17 12:36:57', 0),
(680, 3, 2, '2,6,11,16,19,24,28,33', '19.90', '60212.00', '2024-07-17 12:36:57', '2024-07-17 12:36:57', 0),
(681, 3, 2, '2,6,11,16,20,23,27,32', '22.10', '59213.00', '2024-07-17 12:36:57', '2024-07-17 12:36:57', 0),
(682, 3, 2, '2,6,11,16,20,23,27,33', '22.60', '59373.00', '2024-07-17 12:36:57', '2024-07-17 12:36:57', 0),
(683, 3, 2, '2,6,11,16,20,23,28,32', '23.40', '60102.00', '2024-07-17 12:36:57', '2024-07-17 12:36:57', 0),
(684, 3, 2, '2,6,11,16,20,23,28,33', '23.90', '60262.00', '2024-07-17 12:36:57', '2024-07-17 12:36:57', 0),
(685, 3, 2, '2,6,11,16,20,24,27,32', '19.60', '59213.00', '2024-07-17 12:36:57', '2024-07-17 12:36:57', 0),
(686, 3, 2, '2,6,11,16,20,24,27,33', '20.10', '59373.00', '2024-07-17 12:36:57', '2024-07-17 12:36:57', 0),
(687, 3, 2, '2,6,11,16,20,24,28,32', '20.90', '60102.00', '2024-07-17 12:36:57', '2024-07-17 12:36:57', 0),
(688, 3, 2, '2,6,11,16,20,24,28,33', '21.40', '60262.00', '2024-07-17 12:36:57', '2024-07-17 12:36:57', 0),
(689, 3, 2, '2,6,11,17,19,23,27,32', '24.20', '59463.00', '2024-07-17 12:36:57', '2024-07-17 12:36:57', 0),
(690, 3, 2, '2,6,11,17,19,23,27,33', '24.70', '59623.00', '2024-07-17 12:36:57', '2024-07-17 12:36:57', 0),
(691, 3, 2, '2,6,11,17,19,23,28,32', '25.50', '60352.00', '2024-07-17 12:36:57', '2024-07-17 12:36:57', 0),
(692, 3, 2, '2,6,11,17,19,23,28,33', '26.00', '60512.00', '2024-07-17 12:36:57', '2024-07-17 12:36:57', 0),
(693, 3, 2, '2,6,11,17,19,24,27,32', '21.70', '59463.00', '2024-07-17 12:36:57', '2024-07-17 12:36:57', 0),
(694, 3, 2, '2,6,11,17,19,24,27,33', '22.20', '59623.00', '2024-07-17 12:36:57', '2024-07-17 12:36:57', 0),
(695, 3, 2, '2,6,11,17,19,24,28,32', '23.00', '60352.00', '2024-07-17 12:36:57', '2024-07-17 12:36:57', 0),
(696, 3, 2, '2,6,11,17,19,24,28,33', '23.50', '60512.00', '2024-07-17 12:36:57', '2024-07-17 12:36:57', 0),
(697, 3, 2, '2,6,11,17,20,23,27,32', '25.70', '59513.00', '2024-07-17 12:36:57', '2024-07-17 12:36:57', 0),
(698, 3, 2, '2,6,11,17,20,23,27,33', '26.20', '59673.00', '2024-07-17 12:36:57', '2024-07-17 12:36:57', 0),
(699, 3, 2, '2,6,11,17,20,23,28,32', '27.00', '60402.00', '2024-07-17 12:36:57', '2024-07-17 12:36:57', 0),
(700, 3, 2, '2,6,11,17,20,23,28,33', '27.50', '60562.00', '2024-07-17 12:36:57', '2024-07-17 12:36:57', 0),
(701, 3, 2, '2,6,11,17,20,24,27,32', '23.20', '59513.00', '2024-07-17 12:36:57', '2024-07-17 12:36:57', 0),
(702, 3, 2, '2,6,11,17,20,24,27,33', '23.70', '59673.00', '2024-07-17 12:36:57', '2024-07-17 12:36:57', 0),
(703, 3, 2, '2,6,11,17,20,24,28,32', '24.50', '60402.00', '2024-07-17 12:36:57', '2024-07-17 12:36:57', 0),
(704, 3, 2, '2,6,11,17,20,24,28,33', '25.00', '60562.00', '2024-07-17 12:36:57', '2024-07-17 12:36:57', 0),
(705, 3, 2, '2,7,9,15,19,23,27,32', '20.10', '57784.00', '2024-07-17 12:36:57', '2024-07-17 12:36:57', 0),
(706, 3, 2, '2,7,9,15,19,23,27,33', '20.60', '57944.00', '2024-07-17 12:36:57', '2024-07-17 12:36:57', 0),
(707, 3, 2, '2,7,9,15,19,23,28,32', '21.40', '58673.00', '2024-07-17 12:36:57', '2024-07-17 12:36:57', 0),
(708, 3, 2, '2,7,9,15,19,23,28,33', '21.90', '58833.00', '2024-07-17 12:36:57', '2024-07-17 12:36:57', 0),
(709, 3, 2, '2,7,9,15,19,24,27,32', '17.60', '57784.00', '2024-07-17 12:36:57', '2024-07-17 12:36:57', 0),
(710, 3, 2, '2,7,9,15,19,24,27,33', '18.10', '57944.00', '2024-07-17 12:36:57', '2024-07-17 12:36:57', 0),
(711, 3, 2, '2,7,9,15,19,24,28,32', '18.90', '58673.00', '2024-07-17 12:36:57', '2024-07-17 12:36:57', 0),
(712, 3, 2, '2,7,9,15,19,24,28,33', '19.40', '58833.00', '2024-07-17 12:36:57', '2024-07-17 12:36:57', 0),
(713, 3, 2, '2,7,9,15,20,23,27,32', '21.60', '57834.00', '2024-07-17 12:36:57', '2024-07-17 12:36:57', 0),
(714, 3, 2, '2,7,9,15,20,23,27,33', '22.10', '57994.00', '2024-07-17 12:36:57', '2024-07-17 12:36:57', 0),
(715, 3, 2, '2,7,9,15,20,23,28,32', '22.90', '58723.00', '2024-07-17 12:36:57', '2024-07-17 12:36:57', 0),
(716, 3, 2, '2,7,9,15,20,23,28,33', '23.40', '58883.00', '2024-07-17 12:36:57', '2024-07-17 12:36:57', 0),
(717, 3, 2, '2,7,9,15,20,24,27,32', '19.10', '57834.00', '2024-07-17 12:36:57', '2024-07-17 12:36:57', 0),
(718, 3, 2, '2,7,9,15,20,24,27,33', '19.60', '57994.00', '2024-07-17 12:36:57', '2024-07-17 12:36:57', 0),
(719, 3, 2, '2,7,9,15,20,24,28,32', '20.40', '58723.00', '2024-07-17 12:36:57', '2024-07-17 12:36:57', 0),
(720, 3, 2, '2,7,9,15,20,24,28,33', '20.90', '58883.00', '2024-07-17 12:36:57', '2024-07-17 12:36:57', 0),
(721, 3, 2, '2,7,9,16,19,23,27,32', '23.60', '58084.00', '2024-07-17 12:36:57', '2024-07-17 12:36:57', 0),
(722, 3, 2, '2,7,9,16,19,23,27,33', '24.10', '58244.00', '2024-07-17 12:36:57', '2024-07-17 12:36:57', 0),
(723, 3, 2, '2,7,9,16,19,23,28,32', '24.90', '58973.00', '2024-07-17 12:36:57', '2024-07-17 12:36:57', 0),
(724, 3, 2, '2,7,9,16,19,23,28,33', '25.40', '59133.00', '2024-07-17 12:36:57', '2024-07-17 12:36:57', 0),
(725, 3, 2, '2,7,9,16,19,24,27,32', '21.10', '58084.00', '2024-07-17 12:36:57', '2024-07-17 12:36:57', 0),
(726, 3, 2, '2,7,9,16,19,24,27,33', '21.60', '58244.00', '2024-07-17 12:36:57', '2024-07-17 12:36:57', 0),
(727, 3, 2, '2,7,9,16,19,24,28,32', '22.40', '58973.00', '2024-07-17 12:36:57', '2024-07-17 12:36:57', 0),
(728, 3, 2, '2,7,9,16,19,24,28,33', '22.90', '59133.00', '2024-07-17 12:36:57', '2024-07-17 12:36:57', 0),
(729, 3, 2, '2,7,9,16,20,23,27,32', '25.10', '58134.00', '2024-07-17 12:36:57', '2024-07-17 12:36:57', 0),
(730, 3, 2, '2,7,9,16,20,23,27,33', '25.60', '58294.00', '2024-07-17 12:36:57', '2024-07-17 12:36:57', 0),
(731, 3, 2, '2,7,9,16,20,23,28,32', '26.40', '59023.00', '2024-07-17 12:36:57', '2024-07-17 12:36:57', 0),
(732, 3, 2, '2,7,9,16,20,23,28,33', '26.90', '59183.00', '2024-07-17 12:36:57', '2024-07-17 12:36:57', 0),
(733, 3, 2, '2,7,9,16,20,24,27,32', '22.60', '58134.00', '2024-07-17 12:36:57', '2024-07-17 12:36:57', 0),
(734, 3, 2, '2,7,9,16,20,24,27,33', '23.10', '58294.00', '2024-07-17 12:36:57', '2024-07-17 12:36:57', 0),
(735, 3, 2, '2,7,9,16,20,24,28,32', '23.90', '59023.00', '2024-07-17 12:36:57', '2024-07-17 12:36:57', 0),
(736, 3, 2, '2,7,9,16,20,24,28,33', '24.40', '59183.00', '2024-07-17 12:36:57', '2024-07-17 12:36:57', 0),
(737, 3, 2, '2,7,9,17,19,23,27,32', '27.20', '58384.00', '2024-07-17 12:36:57', '2024-07-17 12:36:57', 0),
(738, 3, 2, '2,7,9,17,19,23,27,33', '27.70', '58544.00', '2024-07-17 12:36:57', '2024-07-17 12:36:57', 0),
(739, 3, 2, '2,7,9,17,19,23,28,32', '28.50', '59273.00', '2024-07-17 12:36:57', '2024-07-17 12:36:57', 0),
(740, 3, 2, '2,7,9,17,19,23,28,33', '29.00', '59433.00', '2024-07-17 12:36:57', '2024-07-17 12:36:57', 0),
(741, 3, 2, '2,7,9,17,19,24,27,32', '24.70', '58384.00', '2024-07-17 12:36:57', '2024-07-17 12:36:57', 0),
(742, 3, 2, '2,7,9,17,19,24,27,33', '25.20', '58544.00', '2024-07-17 12:36:57', '2024-07-17 12:36:57', 0),
(743, 3, 2, '2,7,9,17,19,24,28,32', '26.00', '59273.00', '2024-07-17 12:36:57', '2024-07-17 12:36:57', 0),
(744, 3, 2, '2,7,9,17,19,24,28,33', '26.50', '59433.00', '2024-07-17 12:36:57', '2024-07-17 12:36:57', 0),
(745, 3, 2, '2,7,9,17,20,23,27,32', '28.70', '58434.00', '2024-07-17 12:36:57', '2024-07-17 12:36:57', 0),
(746, 3, 2, '2,7,9,17,20,23,27,33', '29.20', '58594.00', '2024-07-17 12:36:57', '2024-07-17 12:36:57', 0),
(747, 3, 2, '2,7,9,17,20,23,28,32', '30.00', '59323.00', '2024-07-17 12:36:57', '2024-07-17 12:36:57', 0),
(748, 3, 2, '2,7,9,17,20,23,28,33', '30.50', '59483.00', '2024-07-17 12:36:57', '2024-07-17 12:36:57', 0),
(749, 3, 2, '2,7,9,17,20,24,27,32', '26.20', '58434.00', '2024-07-17 12:36:57', '2024-07-17 12:36:57', 0),
(750, 3, 2, '2,7,9,17,20,24,27,33', '26.70', '58594.00', '2024-07-17 12:36:57', '2024-07-17 12:36:57', 0),
(751, 3, 2, '2,7,9,17,20,24,28,32', '27.50', '59323.00', '2024-07-17 12:36:57', '2024-07-17 12:36:57', 0),
(752, 3, 2, '2,7,9,17,20,24,28,33', '28.00', '59483.00', '2024-07-17 12:36:57', '2024-07-17 12:36:57', 0),
(753, 3, 2, '2,7,10,15,19,23,27,32', '23.10', '59034.00', '2024-07-17 12:36:57', '2024-07-17 12:36:57', 0),
(754, 3, 2, '2,7,10,15,19,23,27,33', '23.60', '59194.00', '2024-07-17 12:36:57', '2024-07-17 12:36:57', 0),
(755, 3, 2, '2,7,10,15,19,23,28,32', '24.40', '59923.00', '2024-07-17 12:36:57', '2024-07-17 12:36:57', 0),
(756, 3, 2, '2,7,10,15,19,23,28,33', '24.90', '60083.00', '2024-07-17 12:36:57', '2024-07-17 12:36:57', 0),
(757, 3, 2, '2,7,10,15,19,24,27,32', '20.60', '59034.00', '2024-07-17 12:36:57', '2024-07-17 12:36:57', 0),
(758, 3, 2, '2,7,10,15,19,24,27,33', '21.10', '59194.00', '2024-07-17 12:36:57', '2024-07-17 12:36:57', 0),
(759, 3, 2, '2,7,10,15,19,24,28,32', '21.90', '59923.00', '2024-07-17 12:36:57', '2024-07-17 12:36:57', 0),
(760, 3, 2, '2,7,10,15,19,24,28,33', '22.40', '60083.00', '2024-07-17 12:36:57', '2024-07-17 12:36:57', 0),
(761, 3, 2, '2,7,10,15,20,23,27,32', '24.60', '59084.00', '2024-07-17 12:36:57', '2024-07-17 12:36:57', 0),
(762, 3, 2, '2,7,10,15,20,23,27,33', '25.10', '59244.00', '2024-07-17 12:36:57', '2024-07-17 12:36:57', 0),
(763, 3, 2, '2,7,10,15,20,23,28,32', '25.90', '59973.00', '2024-07-17 12:36:57', '2024-07-17 12:36:57', 0),
(764, 3, 2, '2,7,10,15,20,23,28,33', '26.40', '60133.00', '2024-07-17 12:36:57', '2024-07-17 12:36:57', 0),
(765, 3, 2, '2,7,10,15,20,24,27,32', '22.10', '59084.00', '2024-07-17 12:36:57', '2024-07-17 12:36:57', 0),
(766, 3, 2, '2,7,10,15,20,24,27,33', '22.60', '59244.00', '2024-07-17 12:36:57', '2024-07-17 12:36:57', 0),
(767, 3, 2, '2,7,10,15,20,24,28,32', '23.40', '59973.00', '2024-07-17 12:36:57', '2024-07-17 12:36:57', 0),
(768, 3, 2, '2,7,10,15,20,24,28,33', '23.90', '60133.00', '2024-07-17 12:36:57', '2024-07-17 12:36:57', 0),
(769, 3, 2, '2,7,10,16,19,23,27,32', '26.60', '59334.00', '2024-07-17 12:36:57', '2024-07-17 12:36:57', 0),
(770, 3, 2, '2,7,10,16,19,23,27,33', '27.10', '59494.00', '2024-07-17 12:36:57', '2024-07-17 12:36:57', 0),
(771, 3, 2, '2,7,10,16,19,23,28,32', '27.90', '60223.00', '2024-07-17 12:36:57', '2024-07-17 12:36:57', 0),
(772, 3, 2, '2,7,10,16,19,23,28,33', '28.40', '60383.00', '2024-07-17 12:36:57', '2024-07-17 12:36:57', 0),
(773, 3, 2, '2,7,10,16,19,24,27,32', '24.10', '59334.00', '2024-07-17 12:36:57', '2024-07-17 12:36:57', 0),
(774, 3, 2, '2,7,10,16,19,24,27,33', '24.60', '59494.00', '2024-07-17 12:36:57', '2024-07-17 12:36:57', 0),
(775, 3, 2, '2,7,10,16,19,24,28,32', '25.40', '60223.00', '2024-07-17 12:36:57', '2024-07-17 12:36:57', 0),
(776, 3, 2, '2,7,10,16,19,24,28,33', '25.90', '60383.00', '2024-07-17 12:36:57', '2024-07-17 12:36:57', 0),
(777, 3, 2, '2,7,10,16,20,23,27,32', '28.10', '59384.00', '2024-07-17 12:36:57', '2024-07-17 12:36:57', 0),
(778, 3, 2, '2,7,10,16,20,23,27,33', '28.60', '59544.00', '2024-07-17 12:36:57', '2024-07-17 12:36:57', 0),
(779, 3, 2, '2,7,10,16,20,23,28,32', '29.40', '60273.00', '2024-07-17 12:36:57', '2024-07-17 12:36:57', 0),
(780, 3, 2, '2,7,10,16,20,23,28,33', '29.90', '60433.00', '2024-07-17 12:36:57', '2024-07-17 12:36:57', 0),
(781, 3, 2, '2,7,10,16,20,24,27,32', '25.60', '59384.00', '2024-07-17 12:36:57', '2024-07-17 12:36:57', 0),
(782, 3, 2, '2,7,10,16,20,24,27,33', '26.10', '59544.00', '2024-07-17 12:36:57', '2024-07-17 12:36:57', 0),
(783, 3, 2, '2,7,10,16,20,24,28,32', '26.90', '60273.00', '2024-07-17 12:36:57', '2024-07-17 12:36:57', 0),
(784, 3, 2, '2,7,10,16,20,24,28,33', '27.40', '60433.00', '2024-07-17 12:36:57', '2024-07-17 12:36:57', 0),
(785, 3, 2, '2,7,10,17,19,23,27,32', '30.20', '59634.00', '2024-07-17 12:36:57', '2024-07-17 12:36:57', 0),
(786, 3, 2, '2,7,10,17,19,23,27,33', '30.70', '59794.00', '2024-07-17 12:36:57', '2024-07-17 12:36:57', 0),
(787, 3, 2, '2,7,10,17,19,23,28,32', '31.50', '60523.00', '2024-07-17 12:36:57', '2024-07-17 12:36:57', 0),
(788, 3, 2, '2,7,10,17,19,23,28,33', '32.00', '60683.00', '2024-07-17 12:36:57', '2024-07-17 12:36:57', 0),
(789, 3, 2, '2,7,10,17,19,24,27,32', '27.70', '59634.00', '2024-07-17 12:36:57', '2024-07-17 12:36:57', 0),
(790, 3, 2, '2,7,10,17,19,24,27,33', '28.20', '59794.00', '2024-07-17 12:36:57', '2024-07-17 12:36:57', 0),
(791, 3, 2, '2,7,10,17,19,24,28,32', '29.00', '60523.00', '2024-07-17 12:36:57', '2024-07-17 12:36:57', 0),
(792, 3, 2, '2,7,10,17,19,24,28,33', '29.50', '60683.00', '2024-07-17 12:36:57', '2024-07-17 12:36:57', 0),
(793, 3, 2, '2,7,10,17,20,23,27,32', '31.70', '59684.00', '2024-07-17 12:36:57', '2024-07-17 12:36:57', 0),
(794, 3, 2, '2,7,10,17,20,23,27,33', '32.20', '59844.00', '2024-07-17 12:36:57', '2024-07-17 12:36:57', 0),
(795, 3, 2, '2,7,10,17,20,23,28,32', '33.00', '60573.00', '2024-07-17 12:36:57', '2024-07-17 12:36:57', 0),
(796, 3, 2, '2,7,10,17,20,23,28,33', '33.50', '60733.00', '2024-07-17 12:36:57', '2024-07-17 12:36:57', 0),
(797, 3, 2, '2,7,10,17,20,24,27,32', '29.20', '59684.00', '2024-07-17 12:36:57', '2024-07-17 12:36:57', 0),
(798, 3, 2, '2,7,10,17,20,24,27,33', '29.70', '59844.00', '2024-07-17 12:36:57', '2024-07-17 12:36:57', 0),
(799, 3, 2, '2,7,10,17,20,24,28,32', '30.50', '60573.00', '2024-07-17 12:36:57', '2024-07-17 12:36:57', 0),
(800, 3, 2, '2,7,10,17,20,24,28,33', '31.00', '60733.00', '2024-07-17 12:36:57', '2024-07-17 12:36:57', 0),
(801, 3, 2, '2,7,11,15,19,23,27,32', '18.50', '60434.00', '2024-07-17 12:36:57', '2024-07-17 12:36:57', 0),
(802, 3, 2, '2,7,11,15,19,23,27,33', '19.00', '60594.00', '2024-07-17 12:36:57', '2024-07-17 12:36:57', 0),
(803, 3, 2, '2,7,11,15,19,23,28,32', '19.80', '61323.00', '2024-07-17 12:36:57', '2024-07-17 12:36:57', 0),
(804, 3, 2, '2,7,11,15,19,23,28,33', '20.30', '61483.00', '2024-07-17 12:36:57', '2024-07-17 12:36:57', 0),
(805, 3, 2, '2,7,11,15,19,24,27,32', '16.00', '60434.00', '2024-07-17 12:36:57', '2024-07-17 12:36:57', 0),
(806, 3, 2, '2,7,11,15,19,24,27,33', '16.50', '60594.00', '2024-07-17 12:36:57', '2024-07-17 12:36:57', 0),
(807, 3, 2, '2,7,11,15,19,24,28,32', '17.30', '61323.00', '2024-07-17 12:36:57', '2024-07-17 12:36:57', 0),
(808, 3, 2, '2,7,11,15,19,24,28,33', '17.80', '61483.00', '2024-07-17 12:36:57', '2024-07-17 12:36:57', 0),
(809, 3, 2, '2,7,11,15,20,23,27,32', '20.00', '60484.00', '2024-07-17 12:36:57', '2024-07-17 12:36:57', 0),
(810, 3, 2, '2,7,11,15,20,23,27,33', '20.50', '60644.00', '2024-07-17 12:36:57', '2024-07-17 12:36:57', 0),
(811, 3, 2, '2,7,11,15,20,23,28,32', '21.30', '61373.00', '2024-07-17 12:36:57', '2024-07-17 12:36:57', 0),
(812, 3, 2, '2,7,11,15,20,23,28,33', '21.80', '61533.00', '2024-07-17 12:36:57', '2024-07-17 12:36:57', 0),
(813, 3, 2, '2,7,11,15,20,24,27,32', '17.50', '60484.00', '2024-07-17 12:36:57', '2024-07-17 12:36:57', 0),
(814, 3, 2, '2,7,11,15,20,24,27,33', '18.00', '60644.00', '2024-07-17 12:36:57', '2024-07-17 12:36:57', 0),
(815, 3, 2, '2,7,11,15,20,24,28,32', '18.80', '61373.00', '2024-07-17 12:36:57', '2024-07-17 12:36:57', 0),
(816, 3, 2, '2,7,11,15,20,24,28,33', '19.30', '61533.00', '2024-07-17 12:36:57', '2024-07-17 12:36:57', 0),
(817, 3, 2, '2,7,11,16,19,23,27,32', '22.00', '60734.00', '2024-07-17 12:36:57', '2024-07-17 12:36:57', 0),
(818, 3, 2, '2,7,11,16,19,23,27,33', '22.50', '60894.00', '2024-07-17 12:36:57', '2024-07-17 12:36:57', 0),
(819, 3, 2, '2,7,11,16,19,23,28,32', '23.30', '61623.00', '2024-07-17 12:36:57', '2024-07-17 12:36:57', 0),
(820, 3, 2, '2,7,11,16,19,23,28,33', '23.80', '61783.00', '2024-07-17 12:36:57', '2024-07-17 12:36:57', 0),
(821, 3, 2, '2,7,11,16,19,24,27,32', '19.50', '60734.00', '2024-07-17 12:36:57', '2024-07-17 12:36:57', 0),
(822, 3, 2, '2,7,11,16,19,24,27,33', '20.00', '60894.00', '2024-07-17 12:36:57', '2024-07-17 12:36:57', 0),
(823, 3, 2, '2,7,11,16,19,24,28,32', '20.80', '61623.00', '2024-07-17 12:36:57', '2024-07-17 12:36:57', 0),
(824, 3, 2, '2,7,11,16,19,24,28,33', '21.30', '61783.00', '2024-07-17 12:36:57', '2024-07-17 12:36:57', 0),
(825, 3, 2, '2,7,11,16,20,23,27,32', '23.50', '60784.00', '2024-07-17 12:36:57', '2024-07-17 12:36:57', 0),
(826, 3, 2, '2,7,11,16,20,23,27,33', '24.00', '60944.00', '2024-07-17 12:36:57', '2024-07-17 12:36:57', 0),
(827, 3, 2, '2,7,11,16,20,23,28,32', '24.80', '61673.00', '2024-07-17 12:36:57', '2024-07-17 12:36:57', 0),
(828, 3, 2, '2,7,11,16,20,23,28,33', '25.30', '61833.00', '2024-07-17 12:36:57', '2024-07-17 12:36:57', 0),
(829, 3, 2, '2,7,11,16,20,24,27,32', '21.00', '60784.00', '2024-07-17 12:36:57', '2024-07-17 12:36:57', 0),
(830, 3, 2, '2,7,11,16,20,24,27,33', '21.50', '60944.00', '2024-07-17 12:36:57', '2024-07-17 12:36:57', 0),
(831, 3, 2, '2,7,11,16,20,24,28,32', '22.30', '61673.00', '2024-07-17 12:36:57', '2024-07-17 12:36:57', 0),
(832, 3, 2, '2,7,11,16,20,24,28,33', '22.80', '61833.00', '2024-07-17 12:36:57', '2024-07-17 12:36:57', 0),
(833, 3, 2, '2,7,11,17,19,23,27,32', '25.60', '61034.00', '2024-07-17 12:36:57', '2024-07-17 12:36:57', 0),
(834, 3, 2, '2,7,11,17,19,23,27,33', '26.10', '61194.00', '2024-07-17 12:36:57', '2024-07-17 12:36:57', 0),
(835, 3, 2, '2,7,11,17,19,23,28,32', '26.90', '61923.00', '2024-07-17 12:36:57', '2024-07-17 12:36:57', 0),
(836, 3, 2, '2,7,11,17,19,23,28,33', '27.40', '62083.00', '2024-07-17 12:36:57', '2024-07-17 12:36:57', 0),
(837, 3, 2, '2,7,11,17,19,24,27,32', '23.10', '61034.00', '2024-07-17 12:36:57', '2024-07-17 12:36:57', 0),
(838, 3, 2, '2,7,11,17,19,24,27,33', '23.60', '61194.00', '2024-07-17 12:36:57', '2024-07-17 12:36:57', 0),
(839, 3, 2, '2,7,11,17,19,24,28,32', '24.40', '61923.00', '2024-07-17 12:36:57', '2024-07-17 12:36:57', 0),
(840, 3, 2, '2,7,11,17,19,24,28,33', '24.90', '62083.00', '2024-07-17 12:36:57', '2024-07-17 12:36:57', 0),
(841, 3, 2, '2,7,11,17,20,23,27,32', '27.10', '61084.00', '2024-07-17 12:36:57', '2024-07-17 12:36:57', 0),
(842, 3, 2, '2,7,11,17,20,23,27,33', '27.60', '61244.00', '2024-07-17 12:36:57', '2024-07-17 12:36:57', 0),
(843, 3, 2, '2,7,11,17,20,23,28,32', '28.40', '61973.00', '2024-07-17 12:36:57', '2024-07-17 12:36:57', 0),
(844, 3, 2, '2,7,11,17,20,23,28,33', '28.90', '62133.00', '2024-07-17 12:36:57', '2024-07-17 12:36:57', 0),
(845, 3, 2, '2,7,11,17,20,24,27,32', '24.60', '61084.00', '2024-07-17 12:36:57', '2024-07-17 12:36:57', 0),
(846, 3, 2, '2,7,11,17,20,24,27,33', '25.10', '61244.00', '2024-07-17 12:36:57', '2024-07-17 12:36:57', 0),
(847, 3, 2, '2,7,11,17,20,24,28,32', '25.90', '61973.00', '2024-07-17 12:36:57', '2024-07-17 12:36:57', 0),
(848, 3, 2, '2,7,11,17,20,24,28,33', '26.40', '62133.00', '2024-07-17 12:36:57', '2024-07-17 12:36:57', 0),
(849, 3, 2, '3,6,9,15,19,23,27,32', '23.30', '61913.00', '2024-07-17 12:36:57', '2024-07-17 12:36:57', 0),
(850, 3, 2, '3,6,9,15,19,23,27,33', '23.80', '62073.00', '2024-07-17 12:36:57', '2024-07-17 12:36:57', 0),
(851, 3, 2, '3,6,9,15,19,23,28,32', '24.60', '62802.00', '2024-07-17 12:36:57', '2024-07-17 12:36:57', 0),
(852, 3, 2, '3,6,9,15,19,23,28,33', '25.10', '62962.00', '2024-07-17 12:36:57', '2024-07-17 12:36:57', 0),
(853, 3, 2, '3,6,9,15,19,24,27,32', '20.80', '61913.00', '2024-07-17 12:36:57', '2024-07-17 12:36:57', 0),
(854, 3, 2, '3,6,9,15,19,24,27,33', '21.30', '62073.00', '2024-07-17 12:36:57', '2024-07-17 12:36:57', 0),
(855, 3, 2, '3,6,9,15,19,24,28,32', '22.10', '62802.00', '2024-07-17 12:36:57', '2024-07-17 12:36:57', 0),
(856, 3, 2, '3,6,9,15,19,24,28,33', '22.60', '62962.00', '2024-07-17 12:36:57', '2024-07-17 12:36:57', 0),
(857, 3, 2, '3,6,9,15,20,23,27,32', '24.80', '61963.00', '2024-07-17 12:36:57', '2024-07-17 12:36:57', 0),
(858, 3, 2, '3,6,9,15,20,23,27,33', '25.30', '62123.00', '2024-07-17 12:36:57', '2024-07-17 12:36:57', 0),
(859, 3, 2, '3,6,9,15,20,23,28,32', '26.10', '62852.00', '2024-07-17 12:36:57', '2024-07-17 12:36:57', 0),
(860, 3, 2, '3,6,9,15,20,23,28,33', '26.60', '63012.00', '2024-07-17 12:36:57', '2024-07-17 12:36:57', 0),
(861, 3, 2, '3,6,9,15,20,24,27,32', '22.30', '61963.00', '2024-07-17 12:36:57', '2024-07-17 12:36:57', 0),
(862, 3, 2, '3,6,9,15,20,24,27,33', '22.80', '62123.00', '2024-07-17 12:36:57', '2024-07-17 12:36:57', 0),
(863, 3, 2, '3,6,9,15,20,24,28,32', '23.60', '62852.00', '2024-07-17 12:36:57', '2024-07-17 12:36:57', 0),
(864, 3, 2, '3,6,9,15,20,24,28,33', '24.10', '63012.00', '2024-07-17 12:36:57', '2024-07-17 12:36:57', 0),
(865, 3, 2, '3,6,9,16,19,23,27,32', '26.80', '62213.00', '2024-07-17 12:36:57', '2024-07-17 12:36:57', 0),
(866, 3, 2, '3,6,9,16,19,23,27,33', '27.30', '62373.00', '2024-07-17 12:36:57', '2024-07-17 12:36:57', 0),
(867, 3, 2, '3,6,9,16,19,23,28,32', '28.10', '63102.00', '2024-07-17 12:36:57', '2024-07-17 12:36:57', 0),
(868, 3, 2, '3,6,9,16,19,23,28,33', '28.60', '63262.00', '2024-07-17 12:36:57', '2024-07-17 12:36:57', 0),
(869, 3, 2, '3,6,9,16,19,24,27,32', '24.30', '62213.00', '2024-07-17 12:36:57', '2024-07-17 12:36:57', 0),
(870, 3, 2, '3,6,9,16,19,24,27,33', '24.80', '62373.00', '2024-07-17 12:36:57', '2024-07-17 12:36:57', 0),
(871, 3, 2, '3,6,9,16,19,24,28,32', '25.60', '63102.00', '2024-07-17 12:36:57', '2024-07-17 12:36:57', 0),
(872, 3, 2, '3,6,9,16,19,24,28,33', '26.10', '63262.00', '2024-07-17 12:36:57', '2024-07-17 12:36:57', 0),
(873, 3, 2, '3,6,9,16,20,23,27,32', '28.30', '62263.00', '2024-07-17 12:36:57', '2024-07-17 12:36:57', 0),
(874, 3, 2, '3,6,9,16,20,23,27,33', '28.80', '62423.00', '2024-07-17 12:36:57', '2024-07-17 12:36:57', 0),
(875, 3, 2, '3,6,9,16,20,23,28,32', '29.60', '63152.00', '2024-07-17 12:36:57', '2024-07-17 12:36:57', 0),
(876, 3, 2, '3,6,9,16,20,23,28,33', '30.10', '63312.00', '2024-07-17 12:36:57', '2024-07-17 12:36:57', 0),
(877, 3, 2, '3,6,9,16,20,24,27,32', '25.80', '62263.00', '2024-07-17 12:36:57', '2024-07-17 12:36:57', 0),
(878, 3, 2, '3,6,9,16,20,24,27,33', '26.30', '62423.00', '2024-07-17 12:36:57', '2024-07-17 12:36:57', 0),
(879, 3, 2, '3,6,9,16,20,24,28,32', '27.10', '63152.00', '2024-07-17 12:36:57', '2024-07-17 12:36:57', 0),
(880, 3, 2, '3,6,9,16,20,24,28,33', '27.60', '63312.00', '2024-07-17 12:36:57', '2024-07-17 12:36:57', 0),
(881, 3, 2, '3,6,9,17,19,23,27,32', '30.40', '62513.00', '2024-07-17 12:36:57', '2024-07-17 12:36:57', 0),
(882, 3, 2, '3,6,9,17,19,23,27,33', '30.90', '62673.00', '2024-07-17 12:36:57', '2024-07-17 12:36:57', 0),
(883, 3, 2, '3,6,9,17,19,23,28,32', '31.70', '63402.00', '2024-07-17 12:36:57', '2024-07-17 12:36:57', 0),
(884, 3, 2, '3,6,9,17,19,23,28,33', '32.20', '63562.00', '2024-07-17 12:36:57', '2024-07-17 12:36:57', 0),
(885, 3, 2, '3,6,9,17,19,24,27,32', '27.90', '62513.00', '2024-07-17 12:36:57', '2024-07-17 12:36:57', 0),
(886, 3, 2, '3,6,9,17,19,24,27,33', '28.40', '62673.00', '2024-07-17 12:36:57', '2024-07-17 12:36:57', 0),
(887, 3, 2, '3,6,9,17,19,24,28,32', '29.20', '63402.00', '2024-07-17 12:36:57', '2024-07-17 12:36:57', 0),
(888, 3, 2, '3,6,9,17,19,24,28,33', '29.70', '63562.00', '2024-07-17 12:36:57', '2024-07-17 12:36:57', 0),
(889, 3, 2, '3,6,9,17,20,23,27,32', '31.90', '62563.00', '2024-07-17 12:36:57', '2024-07-17 12:36:57', 0),
(890, 3, 2, '3,6,9,17,20,23,27,33', '32.40', '62723.00', '2024-07-17 12:36:57', '2024-07-17 12:36:57', 0),
(891, 3, 2, '3,6,9,17,20,23,28,32', '33.20', '63452.00', '2024-07-17 12:36:57', '2024-07-17 12:36:57', 0),
(892, 3, 2, '3,6,9,17,20,23,28,33', '33.70', '63612.00', '2024-07-17 12:36:57', '2024-07-17 12:36:57', 0),
(893, 3, 2, '3,6,9,17,20,24,27,32', '29.40', '62563.00', '2024-07-17 12:36:57', '2024-07-17 12:36:57', 0),
(894, 3, 2, '3,6,9,17,20,24,27,33', '29.90', '62723.00', '2024-07-17 12:36:57', '2024-07-17 12:36:57', 0),
(895, 3, 2, '3,6,9,17,20,24,28,32', '30.70', '63452.00', '2024-07-17 12:36:57', '2024-07-17 12:36:57', 0),
(896, 3, 2, '3,6,9,17,20,24,28,33', '31.20', '63612.00', '2024-07-17 12:36:57', '2024-07-17 12:36:57', 0),
(897, 3, 2, '3,6,10,15,19,23,27,32', '26.30', '63163.00', '2024-07-17 12:36:57', '2024-07-17 12:36:57', 0),
(898, 3, 2, '3,6,10,15,19,23,27,33', '26.80', '63323.00', '2024-07-17 12:36:57', '2024-07-17 12:36:57', 0),
(899, 3, 2, '3,6,10,15,19,23,28,32', '27.60', '64052.00', '2024-07-17 12:36:57', '2024-07-17 12:36:57', 0),
(900, 3, 2, '3,6,10,15,19,23,28,33', '28.10', '64212.00', '2024-07-17 12:36:57', '2024-07-17 12:36:57', 0),
(901, 3, 2, '3,6,10,15,19,24,27,32', '23.80', '63163.00', '2024-07-17 12:36:57', '2024-07-17 12:36:57', 0),
(902, 3, 2, '3,6,10,15,19,24,27,33', '24.30', '63323.00', '2024-07-17 12:36:57', '2024-07-17 12:36:57', 0),
(903, 3, 2, '3,6,10,15,19,24,28,32', '25.10', '64052.00', '2024-07-17 12:36:57', '2024-07-17 12:36:57', 0),
(904, 3, 2, '3,6,10,15,19,24,28,33', '25.60', '64212.00', '2024-07-17 12:36:57', '2024-07-17 12:36:57', 0),
(905, 3, 2, '3,6,10,15,20,23,27,32', '27.80', '63213.00', '2024-07-17 12:36:57', '2024-07-17 12:36:57', 0),
(906, 3, 2, '3,6,10,15,20,23,27,33', '28.30', '63373.00', '2024-07-17 12:36:57', '2024-07-17 12:36:57', 0),
(907, 3, 2, '3,6,10,15,20,23,28,32', '29.10', '64102.00', '2024-07-17 12:36:57', '2024-07-17 12:36:57', 0),
(908, 3, 2, '3,6,10,15,20,23,28,33', '29.60', '64262.00', '2024-07-17 12:36:57', '2024-07-17 12:36:57', 0),
(909, 3, 2, '3,6,10,15,20,24,27,32', '25.30', '63213.00', '2024-07-17 12:36:57', '2024-07-17 12:36:57', 0),
(910, 3, 2, '3,6,10,15,20,24,27,33', '25.80', '63373.00', '2024-07-17 12:36:57', '2024-07-17 12:36:57', 0),
(911, 3, 2, '3,6,10,15,20,24,28,32', '26.60', '64102.00', '2024-07-17 12:36:57', '2024-07-17 12:36:57', 0),
(912, 3, 2, '3,6,10,15,20,24,28,33', '27.10', '64262.00', '2024-07-17 12:36:57', '2024-07-17 12:36:57', 0),
(913, 3, 2, '3,6,10,16,19,23,27,32', '29.80', '63463.00', '2024-07-17 12:36:57', '2024-07-17 12:36:57', 0),
(914, 3, 2, '3,6,10,16,19,23,27,33', '30.30', '63623.00', '2024-07-17 12:36:57', '2024-07-17 12:36:57', 0),
(915, 3, 2, '3,6,10,16,19,23,28,32', '31.10', '64352.00', '2024-07-17 12:36:57', '2024-07-17 12:36:57', 0),
(916, 3, 2, '3,6,10,16,19,23,28,33', '31.60', '64512.00', '2024-07-17 12:36:57', '2024-07-17 12:36:57', 0),
(917, 3, 2, '3,6,10,16,19,24,27,32', '27.30', '63463.00', '2024-07-17 12:36:57', '2024-07-17 12:36:57', 0),
(918, 3, 2, '3,6,10,16,19,24,27,33', '27.80', '63623.00', '2024-07-17 12:36:57', '2024-07-17 12:36:57', 0),
(919, 3, 2, '3,6,10,16,19,24,28,32', '28.60', '64352.00', '2024-07-17 12:36:57', '2024-07-17 12:36:57', 0),
(920, 3, 2, '3,6,10,16,19,24,28,33', '29.10', '64512.00', '2024-07-17 12:36:57', '2024-07-17 12:36:57', 0),
(921, 3, 2, '3,6,10,16,20,23,27,32', '31.30', '63513.00', '2024-07-17 12:36:57', '2024-07-17 12:36:57', 0),
(922, 3, 2, '3,6,10,16,20,23,27,33', '31.80', '63673.00', '2024-07-17 12:36:57', '2024-07-17 12:36:57', 0),
(923, 3, 2, '3,6,10,16,20,23,28,32', '32.60', '64402.00', '2024-07-17 12:36:57', '2024-07-17 12:36:57', 0),
(924, 3, 2, '3,6,10,16,20,23,28,33', '33.10', '64562.00', '2024-07-17 12:36:57', '2024-07-17 12:36:57', 0),
(925, 3, 2, '3,6,10,16,20,24,27,32', '28.80', '63513.00', '2024-07-17 12:36:57', '2024-07-17 12:36:57', 0),
(926, 3, 2, '3,6,10,16,20,24,27,33', '29.30', '63673.00', '2024-07-17 12:36:57', '2024-07-17 12:36:57', 0),
(927, 3, 2, '3,6,10,16,20,24,28,32', '30.10', '64402.00', '2024-07-17 12:36:57', '2024-07-17 12:36:57', 0),
(928, 3, 2, '3,6,10,16,20,24,28,33', '30.60', '64562.00', '2024-07-17 12:36:57', '2024-07-17 12:36:57', 0),
(929, 3, 2, '3,6,10,17,19,23,27,32', '33.40', '63763.00', '2024-07-17 12:36:57', '2024-07-17 12:36:57', 0),
(930, 3, 2, '3,6,10,17,19,23,27,33', '33.90', '63923.00', '2024-07-17 12:36:57', '2024-07-17 12:36:57', 0),
(931, 3, 2, '3,6,10,17,19,23,28,32', '34.70', '64652.00', '2024-07-17 12:36:57', '2024-07-17 12:36:57', 0),
(932, 3, 2, '3,6,10,17,19,23,28,33', '35.20', '64812.00', '2024-07-17 12:36:57', '2024-07-17 12:36:57', 0),
(933, 3, 2, '3,6,10,17,19,24,27,32', '30.90', '63763.00', '2024-07-17 12:36:57', '2024-07-17 12:36:57', 0),
(934, 3, 2, '3,6,10,17,19,24,27,33', '31.40', '63923.00', '2024-07-17 12:36:57', '2024-07-17 12:36:57', 0),
(935, 3, 2, '3,6,10,17,19,24,28,32', '32.20', '64652.00', '2024-07-17 12:36:57', '2024-07-17 12:36:57', 0),
(936, 3, 2, '3,6,10,17,19,24,28,33', '32.70', '64812.00', '2024-07-17 12:36:57', '2024-07-17 12:36:57', 0),
(937, 3, 2, '3,6,10,17,20,23,27,32', '34.90', '63813.00', '2024-07-17 12:36:57', '2024-07-17 12:36:57', 0),
(938, 3, 2, '3,6,10,17,20,23,27,33', '35.40', '63973.00', '2024-07-17 12:36:57', '2024-07-17 12:36:57', 0),
(939, 3, 2, '3,6,10,17,20,23,28,32', '36.20', '64702.00', '2024-07-17 12:36:57', '2024-07-17 12:36:57', 0),
(940, 3, 2, '3,6,10,17,20,23,28,33', '36.70', '64862.00', '2024-07-17 12:36:57', '2024-07-17 12:36:57', 0),
(941, 3, 2, '3,6,10,17,20,24,27,32', '32.40', '63813.00', '2024-07-17 12:36:57', '2024-07-17 12:36:57', 0),
(942, 3, 2, '3,6,10,17,20,24,27,33', '32.90', '63973.00', '2024-07-17 12:36:57', '2024-07-17 12:36:57', 0),
(943, 3, 2, '3,6,10,17,20,24,28,32', '33.70', '64702.00', '2024-07-17 12:36:57', '2024-07-17 12:36:57', 0),
(944, 3, 2, '3,6,10,17,20,24,28,33', '34.20', '64862.00', '2024-07-17 12:36:57', '2024-07-17 12:36:57', 0),
(945, 3, 2, '3,6,11,15,19,23,27,32', '21.70', '64563.00', '2024-07-17 12:36:57', '2024-07-17 12:36:57', 0),
(946, 3, 2, '3,6,11,15,19,23,27,33', '22.20', '64723.00', '2024-07-17 12:36:57', '2024-07-17 12:36:57', 0),
(947, 3, 2, '3,6,11,15,19,23,28,32', '23.00', '65452.00', '2024-07-17 12:36:57', '2024-07-17 12:36:57', 0),
(948, 3, 2, '3,6,11,15,19,23,28,33', '23.50', '65612.00', '2024-07-17 12:36:57', '2024-07-17 12:36:57', 0),
(949, 3, 2, '3,6,11,15,19,24,27,32', '19.20', '64563.00', '2024-07-17 12:36:57', '2024-07-17 12:36:57', 0),
(950, 3, 2, '3,6,11,15,19,24,27,33', '19.70', '64723.00', '2024-07-17 12:36:57', '2024-07-17 12:36:57', 0),
(951, 3, 2, '3,6,11,15,19,24,28,32', '20.50', '65452.00', '2024-07-17 12:36:57', '2024-07-17 12:36:57', 0),
(952, 3, 2, '3,6,11,15,19,24,28,33', '21.00', '65612.00', '2024-07-17 12:36:57', '2024-07-17 12:36:57', 0),
(953, 3, 2, '3,6,11,15,20,23,27,32', '23.20', '64613.00', '2024-07-17 12:36:57', '2024-07-17 12:36:57', 0),
(954, 3, 2, '3,6,11,15,20,23,27,33', '23.70', '64773.00', '2024-07-17 12:36:57', '2024-07-17 12:36:57', 0),
(955, 3, 2, '3,6,11,15,20,23,28,32', '24.50', '65502.00', '2024-07-17 12:36:57', '2024-07-17 12:36:57', 0),
(956, 3, 2, '3,6,11,15,20,23,28,33', '25.00', '65662.00', '2024-07-17 12:36:57', '2024-07-17 12:36:57', 0),
(957, 3, 2, '3,6,11,15,20,24,27,32', '20.70', '64613.00', '2024-07-17 12:36:57', '2024-07-17 12:36:57', 0),
(958, 3, 2, '3,6,11,15,20,24,27,33', '21.20', '64773.00', '2024-07-17 12:36:57', '2024-07-17 12:36:57', 0),
(959, 3, 2, '3,6,11,15,20,24,28,32', '22.00', '65502.00', '2024-07-17 12:36:57', '2024-07-17 12:36:57', 0),
(960, 3, 2, '3,6,11,15,20,24,28,33', '22.50', '65662.00', '2024-07-17 12:36:57', '2024-07-17 12:36:57', 0),
(961, 3, 2, '3,6,11,16,19,23,27,32', '25.20', '64863.00', '2024-07-17 12:36:57', '2024-07-17 12:36:57', 0),
(962, 3, 2, '3,6,11,16,19,23,27,33', '25.70', '65023.00', '2024-07-17 12:36:57', '2024-07-17 12:36:57', 0),
(963, 3, 2, '3,6,11,16,19,23,28,32', '26.50', '65752.00', '2024-07-17 12:36:57', '2024-07-17 12:36:57', 0),
(964, 3, 2, '3,6,11,16,19,23,28,33', '27.00', '65912.00', '2024-07-17 12:36:57', '2024-07-17 12:36:57', 0),
(965, 3, 2, '3,6,11,16,19,24,27,32', '22.70', '64863.00', '2024-07-17 12:36:57', '2024-07-17 12:36:57', 0),
(966, 3, 2, '3,6,11,16,19,24,27,33', '23.20', '65023.00', '2024-07-17 12:36:57', '2024-07-17 12:36:57', 0),
(967, 3, 2, '3,6,11,16,19,24,28,32', '24.00', '65752.00', '2024-07-17 12:36:57', '2024-07-17 12:36:57', 0),
(968, 3, 2, '3,6,11,16,19,24,28,33', '24.50', '65912.00', '2024-07-17 12:36:57', '2024-07-17 12:36:57', 0),
(969, 3, 2, '3,6,11,16,20,23,27,32', '26.70', '64913.00', '2024-07-17 12:36:57', '2024-07-17 12:36:57', 0),
(970, 3, 2, '3,6,11,16,20,23,27,33', '27.20', '65073.00', '2024-07-17 12:36:57', '2024-07-17 12:36:57', 0),
(971, 3, 2, '3,6,11,16,20,23,28,32', '28.00', '65802.00', '2024-07-17 12:36:57', '2024-07-17 12:36:57', 0),
(972, 3, 2, '3,6,11,16,20,23,28,33', '28.50', '65962.00', '2024-07-17 12:36:57', '2024-07-17 12:36:57', 0),
(973, 3, 2, '3,6,11,16,20,24,27,32', '24.20', '64913.00', '2024-07-17 12:36:57', '2024-07-17 12:36:57', 0),
(974, 3, 2, '3,6,11,16,20,24,27,33', '24.70', '65073.00', '2024-07-17 12:36:57', '2024-07-17 12:36:57', 0),
(975, 3, 2, '3,6,11,16,20,24,28,32', '25.50', '65802.00', '2024-07-17 12:36:57', '2024-07-17 12:36:57', 0),
(976, 3, 2, '3,6,11,16,20,24,28,33', '26.00', '65962.00', '2024-07-17 12:36:57', '2024-07-17 12:36:57', 0),
(977, 3, 2, '3,6,11,17,19,23,27,32', '28.80', '65163.00', '2024-07-17 12:36:57', '2024-07-17 12:36:57', 0),
(978, 3, 2, '3,6,11,17,19,23,27,33', '29.30', '65323.00', '2024-07-17 12:36:57', '2024-07-17 12:36:57', 0),
(979, 3, 2, '3,6,11,17,19,23,28,32', '30.10', '66052.00', '2024-07-17 12:36:57', '2024-07-17 12:36:57', 0),
(980, 3, 2, '3,6,11,17,19,23,28,33', '30.60', '66212.00', '2024-07-17 12:36:57', '2024-07-17 12:36:57', 0),
(981, 3, 2, '3,6,11,17,19,24,27,32', '26.30', '65163.00', '2024-07-17 12:36:57', '2024-07-17 12:36:57', 0),
(982, 3, 2, '3,6,11,17,19,24,27,33', '26.80', '65323.00', '2024-07-17 12:36:57', '2024-07-17 12:36:57', 0),
(983, 3, 2, '3,6,11,17,19,24,28,32', '27.60', '66052.00', '2024-07-17 12:36:57', '2024-07-17 12:36:57', 0),
(984, 3, 2, '3,6,11,17,19,24,28,33', '28.10', '66212.00', '2024-07-17 12:36:57', '2024-07-17 12:36:57', 0),
(985, 3, 2, '3,6,11,17,20,23,27,32', '30.30', '65213.00', '2024-07-17 12:36:57', '2024-07-17 12:36:57', 0),
(986, 3, 2, '3,6,11,17,20,23,27,33', '30.80', '65373.00', '2024-07-17 12:36:57', '2024-07-17 12:36:57', 0),
(987, 3, 2, '3,6,11,17,20,23,28,32', '31.60', '66102.00', '2024-07-17 12:36:57', '2024-07-17 12:36:57', 0),
(988, 3, 2, '3,6,11,17,20,23,28,33', '32.10', '66262.00', '2024-07-17 12:36:57', '2024-07-17 12:36:57', 0),
(989, 3, 2, '3,6,11,17,20,24,27,32', '27.80', '65213.00', '2024-07-17 12:36:57', '2024-07-17 12:36:57', 0),
(990, 3, 2, '3,6,11,17,20,24,27,33', '28.30', '65373.00', '2024-07-17 12:36:57', '2024-07-17 12:36:57', 0),
(991, 3, 2, '3,6,11,17,20,24,28,32', '29.10', '66102.00', '2024-07-17 12:36:57', '2024-07-17 12:36:57', 0),
(992, 3, 2, '3,6,11,17,20,24,28,33', '29.60', '66262.00', '2024-07-17 12:36:57', '2024-07-17 12:36:57', 0),
(993, 3, 2, '3,7,9,15,19,23,27,32', '24.70', '63484.00', '2024-07-17 12:36:57', '2024-07-17 12:36:57', 0),
(994, 3, 2, '3,7,9,15,19,23,27,33', '25.20', '63644.00', '2024-07-17 12:36:57', '2024-07-17 12:36:57', 0),
(995, 3, 2, '3,7,9,15,19,23,28,32', '26.00', '64373.00', '2024-07-17 12:36:57', '2024-07-17 12:36:57', 0),
(996, 3, 2, '3,7,9,15,19,23,28,33', '26.50', '64533.00', '2024-07-17 12:36:57', '2024-07-17 12:36:57', 0),
(997, 3, 2, '3,7,9,15,19,24,27,32', '22.20', '63484.00', '2024-07-17 12:36:57', '2024-07-17 12:36:57', 0),
(998, 3, 2, '3,7,9,15,19,24,27,33', '22.70', '63644.00', '2024-07-17 12:36:57', '2024-07-17 12:36:57', 0),
(999, 3, 2, '3,7,9,15,19,24,28,32', '23.50', '64373.00', '2024-07-17 12:36:57', '2024-07-17 12:36:57', 0),
(1000, 3, 2, '3,7,9,15,19,24,28,33', '24.00', '64533.00', '2024-07-17 12:36:57', '2024-07-17 12:36:57', 0),
(1001, 3, 2, '3,7,9,15,20,23,27,32', '26.20', '63534.00', '2024-07-17 12:36:57', '2024-07-17 12:36:57', 0),
(1002, 3, 2, '3,7,9,15,20,23,27,33', '26.70', '63694.00', '2024-07-17 12:36:57', '2024-07-17 12:36:57', 0),
(1003, 3, 2, '3,7,9,15,20,23,28,32', '27.50', '64423.00', '2024-07-17 12:36:57', '2024-07-17 12:36:57', 0),
(1004, 3, 2, '3,7,9,15,20,23,28,33', '28.00', '64583.00', '2024-07-17 12:36:57', '2024-07-17 12:36:57', 0),
(1005, 3, 2, '3,7,9,15,20,24,27,32', '23.70', '63534.00', '2024-07-17 12:36:57', '2024-07-17 12:36:57', 0),
(1006, 3, 2, '3,7,9,15,20,24,27,33', '24.20', '63694.00', '2024-07-17 12:36:57', '2024-07-17 12:36:57', 0),
(1007, 3, 2, '3,7,9,15,20,24,28,32', '25.00', '64423.00', '2024-07-17 12:36:57', '2024-07-17 12:36:57', 0),
(1008, 3, 2, '3,7,9,15,20,24,28,33', '25.50', '64583.00', '2024-07-17 12:36:57', '2024-07-17 12:36:57', 0),
(1009, 3, 2, '3,7,9,16,19,23,27,32', '28.20', '63784.00', '2024-07-17 12:36:57', '2024-07-17 12:36:57', 0),
(1010, 3, 2, '3,7,9,16,19,23,27,33', '28.70', '63944.00', '2024-07-17 12:36:57', '2024-07-17 12:36:57', 0),
(1011, 3, 2, '3,7,9,16,19,23,28,32', '29.50', '64673.00', '2024-07-17 12:36:57', '2024-07-17 12:36:57', 0),
(1012, 3, 2, '3,7,9,16,19,23,28,33', '30.00', '64833.00', '2024-07-17 12:36:57', '2024-07-17 12:36:57', 0),
(1013, 3, 2, '3,7,9,16,19,24,27,32', '25.70', '63784.00', '2024-07-17 12:36:57', '2024-07-17 12:36:57', 0),
(1014, 3, 2, '3,7,9,16,19,24,27,33', '26.20', '63944.00', '2024-07-17 12:36:57', '2024-07-17 12:36:57', 0),
(1015, 3, 2, '3,7,9,16,19,24,28,32', '27.00', '64673.00', '2024-07-17 12:36:57', '2024-07-17 12:36:57', 0),
(1016, 3, 2, '3,7,9,16,19,24,28,33', '27.50', '64833.00', '2024-07-17 12:36:57', '2024-07-17 12:36:57', 0),
(1017, 3, 2, '3,7,9,16,20,23,27,32', '29.70', '63834.00', '2024-07-17 12:36:57', '2024-07-17 12:36:57', 0),
(1018, 3, 2, '3,7,9,16,20,23,27,33', '30.20', '63994.00', '2024-07-17 12:36:57', '2024-07-17 12:36:57', 0),
(1019, 3, 2, '3,7,9,16,20,23,28,32', '31.00', '64723.00', '2024-07-17 12:36:57', '2024-07-17 12:36:57', 0),
(1020, 3, 2, '3,7,9,16,20,23,28,33', '31.50', '64883.00', '2024-07-17 12:36:57', '2024-07-17 12:36:57', 0),
(1021, 3, 2, '3,7,9,16,20,24,27,32', '27.20', '63834.00', '2024-07-17 12:36:57', '2024-07-17 12:36:57', 0),
(1022, 3, 2, '3,7,9,16,20,24,27,33', '27.70', '63994.00', '2024-07-17 12:36:57', '2024-07-17 12:36:57', 0),
(1023, 3, 2, '3,7,9,16,20,24,28,32', '28.50', '64723.00', '2024-07-17 12:36:57', '2024-07-17 12:36:57', 0),
(1024, 3, 2, '3,7,9,16,20,24,28,33', '29.00', '64883.00', '2024-07-17 12:36:57', '2024-07-17 12:36:57', 0),
(1025, 3, 2, '3,7,9,17,19,23,27,32', '31.80', '64084.00', '2024-07-17 12:36:57', '2024-07-17 12:36:57', 0),
(1026, 3, 2, '3,7,9,17,19,23,27,33', '32.30', '64244.00', '2024-07-17 12:36:57', '2024-07-17 12:36:57', 0),
(1027, 3, 2, '3,7,9,17,19,23,28,32', '33.10', '64973.00', '2024-07-17 12:36:57', '2024-07-17 12:36:57', 0),
(1028, 3, 2, '3,7,9,17,19,23,28,33', '33.60', '65133.00', '2024-07-17 12:36:57', '2024-07-17 12:36:57', 0),
(1029, 3, 2, '3,7,9,17,19,24,27,32', '29.30', '64084.00', '2024-07-17 12:36:57', '2024-07-17 12:36:57', 0),
(1030, 3, 2, '3,7,9,17,19,24,27,33', '29.80', '64244.00', '2024-07-17 12:36:57', '2024-07-17 12:36:57', 0),
(1031, 3, 2, '3,7,9,17,19,24,28,32', '30.60', '64973.00', '2024-07-17 12:36:57', '2024-07-17 12:36:57', 0),
(1032, 3, 2, '3,7,9,17,19,24,28,33', '31.10', '65133.00', '2024-07-17 12:36:57', '2024-07-17 12:36:57', 0),
(1033, 3, 2, '3,7,9,17,20,23,27,32', '33.30', '64134.00', '2024-07-17 12:36:57', '2024-07-17 12:36:57', 0),
(1034, 3, 2, '3,7,9,17,20,23,27,33', '33.80', '64294.00', '2024-07-17 12:36:57', '2024-07-17 12:36:57', 0),
(1035, 3, 2, '3,7,9,17,20,23,28,32', '34.60', '65023.00', '2024-07-17 12:36:57', '2024-07-17 12:36:57', 0),
(1036, 3, 2, '3,7,9,17,20,23,28,33', '35.10', '65183.00', '2024-07-17 12:36:57', '2024-07-17 12:36:57', 0),
(1037, 3, 2, '3,7,9,17,20,24,27,32', '30.80', '64134.00', '2024-07-17 12:36:57', '2024-07-17 12:36:57', 0),
(1038, 3, 2, '3,7,9,17,20,24,27,33', '31.30', '64294.00', '2024-07-17 12:36:57', '2024-07-17 12:36:57', 0),
(1039, 3, 2, '3,7,9,17,20,24,28,32', '32.10', '65023.00', '2024-07-17 12:36:57', '2024-07-17 12:36:57', 0),
(1040, 3, 2, '3,7,9,17,20,24,28,33', '32.60', '65183.00', '2024-07-17 12:36:57', '2024-07-17 12:36:57', 0),
(1041, 3, 2, '3,7,10,15,19,23,27,32', '27.70', '64734.00', '2024-07-17 12:36:57', '2024-07-17 12:36:57', 0),
(1042, 3, 2, '3,7,10,15,19,23,27,33', '28.20', '64894.00', '2024-07-17 12:36:57', '2024-07-17 12:36:57', 0),
(1043, 3, 2, '3,7,10,15,19,23,28,32', '29.00', '65623.00', '2024-07-17 12:36:57', '2024-07-17 12:36:57', 0),
(1044, 3, 2, '3,7,10,15,19,23,28,33', '29.50', '65783.00', '2024-07-17 12:36:57', '2024-07-17 12:36:57', 0),
(1045, 3, 2, '3,7,10,15,19,24,27,32', '25.20', '64734.00', '2024-07-17 12:36:57', '2024-07-17 12:36:57', 0),
(1046, 3, 2, '3,7,10,15,19,24,27,33', '25.70', '64894.00', '2024-07-17 12:36:57', '2024-07-17 12:36:57', 0),
(1047, 3, 2, '3,7,10,15,19,24,28,32', '26.50', '65623.00', '2024-07-17 12:36:57', '2024-07-17 12:36:57', 0),
(1048, 3, 2, '3,7,10,15,19,24,28,33', '27.00', '65783.00', '2024-07-17 12:36:57', '2024-07-17 12:36:57', 0),
(1049, 3, 2, '3,7,10,15,20,23,27,32', '29.20', '64784.00', '2024-07-17 12:36:57', '2024-07-17 12:36:57', 0),
(1050, 3, 2, '3,7,10,15,20,23,27,33', '29.70', '64944.00', '2024-07-17 12:36:57', '2024-07-17 12:36:57', 0),
(1051, 3, 2, '3,7,10,15,20,23,28,32', '30.50', '65673.00', '2024-07-17 12:36:57', '2024-07-17 12:36:57', 0),
(1052, 3, 2, '3,7,10,15,20,23,28,33', '31.00', '65833.00', '2024-07-17 12:36:57', '2024-07-17 12:36:57', 0),
(1053, 3, 2, '3,7,10,15,20,24,27,32', '26.70', '64784.00', '2024-07-17 12:36:57', '2024-07-17 12:36:57', 0),
(1054, 3, 2, '3,7,10,15,20,24,27,33', '27.20', '64944.00', '2024-07-17 12:36:57', '2024-07-17 12:36:57', 0),
(1055, 3, 2, '3,7,10,15,20,24,28,32', '28.00', '65673.00', '2024-07-17 12:36:57', '2024-07-17 12:36:57', 0),
(1056, 3, 2, '3,7,10,15,20,24,28,33', '28.50', '65833.00', '2024-07-17 12:36:57', '2024-07-17 12:36:57', 0),
(1057, 3, 2, '3,7,10,16,19,23,27,32', '31.20', '65034.00', '2024-07-17 12:36:57', '2024-07-17 12:36:57', 0),
(1058, 3, 2, '3,7,10,16,19,23,27,33', '31.70', '65194.00', '2024-07-17 12:36:57', '2024-07-17 12:36:57', 0),
(1059, 3, 2, '3,7,10,16,19,23,28,32', '32.50', '65923.00', '2024-07-17 12:36:57', '2024-07-17 12:36:57', 0),
(1060, 3, 2, '3,7,10,16,19,23,28,33', '33.00', '66083.00', '2024-07-17 12:36:57', '2024-07-17 12:36:57', 0),
(1061, 3, 2, '3,7,10,16,19,24,27,32', '28.70', '65034.00', '2024-07-17 12:36:57', '2024-07-17 12:36:57', 0),
(1062, 3, 2, '3,7,10,16,19,24,27,33', '29.20', '65194.00', '2024-07-17 12:36:57', '2024-07-17 12:36:57', 0),
(1063, 3, 2, '3,7,10,16,19,24,28,32', '30.00', '65923.00', '2024-07-17 12:36:57', '2024-07-17 12:36:57', 0),
(1064, 3, 2, '3,7,10,16,19,24,28,33', '30.50', '66083.00', '2024-07-17 12:36:57', '2024-07-17 12:36:57', 0),
(1065, 3, 2, '3,7,10,16,20,23,27,32', '32.70', '65084.00', '2024-07-17 12:36:57', '2024-07-17 12:36:57', 0),
(1066, 3, 2, '3,7,10,16,20,23,27,33', '33.20', '65244.00', '2024-07-17 12:36:57', '2024-07-17 12:36:57', 0),
(1067, 3, 2, '3,7,10,16,20,23,28,32', '34.00', '65973.00', '2024-07-17 12:36:57', '2024-07-17 12:36:57', 0),
(1068, 3, 2, '3,7,10,16,20,23,28,33', '34.50', '66133.00', '2024-07-17 12:36:57', '2024-07-17 12:36:57', 0),
(1069, 3, 2, '3,7,10,16,20,24,27,32', '30.20', '65084.00', '2024-07-17 12:36:57', '2024-07-17 12:36:57', 0),
(1070, 3, 2, '3,7,10,16,20,24,27,33', '30.70', '65244.00', '2024-07-17 12:36:57', '2024-07-17 12:36:57', 0);
INSERT INTO `ecm_result_combinations` (`id`, `combinationId`, `auditId`, `assemblyIds`, `totalCombinationECP`, `totalCombinationCost`, `createdAt`, `updatedAt`, `isDeleted`) VALUES
(1071, 3, 2, '3,7,10,16,20,24,28,32', '31.50', '65973.00', '2024-07-17 12:36:57', '2024-07-17 12:36:57', 0),
(1072, 3, 2, '3,7,10,16,20,24,28,33', '32.00', '66133.00', '2024-07-17 12:36:57', '2024-07-17 12:36:57', 0),
(1073, 3, 2, '3,7,10,17,19,23,27,32', '34.80', '65334.00', '2024-07-17 12:36:57', '2024-07-17 12:36:57', 0),
(1074, 3, 2, '3,7,10,17,19,23,27,33', '35.30', '65494.00', '2024-07-17 12:36:57', '2024-07-17 12:36:57', 0),
(1075, 3, 2, '3,7,10,17,19,23,28,32', '36.10', '66223.00', '2024-07-17 12:36:57', '2024-07-17 12:36:57', 0),
(1076, 3, 2, '3,7,10,17,19,23,28,33', '36.60', '66383.00', '2024-07-17 12:36:57', '2024-07-17 12:36:57', 0),
(1077, 3, 2, '3,7,10,17,19,24,27,32', '32.30', '65334.00', '2024-07-17 12:36:57', '2024-07-17 12:36:57', 0),
(1078, 3, 2, '3,7,10,17,19,24,27,33', '32.80', '65494.00', '2024-07-17 12:36:57', '2024-07-17 12:36:57', 0),
(1079, 3, 2, '3,7,10,17,19,24,28,32', '33.60', '66223.00', '2024-07-17 12:36:57', '2024-07-17 12:36:57', 0),
(1080, 3, 2, '3,7,10,17,19,24,28,33', '34.10', '66383.00', '2024-07-17 12:36:57', '2024-07-17 12:36:57', 0),
(1081, 3, 2, '3,7,10,17,20,23,27,32', '36.30', '65384.00', '2024-07-17 12:36:57', '2024-07-17 12:36:57', 0),
(1082, 3, 2, '3,7,10,17,20,23,27,33', '36.80', '65544.00', '2024-07-17 12:36:57', '2024-07-17 12:36:57', 0),
(1083, 3, 2, '3,7,10,17,20,23,28,32', '37.60', '66273.00', '2024-07-17 12:36:57', '2024-07-17 12:36:57', 0),
(1084, 3, 2, '3,7,10,17,20,23,28,33', '38.10', '66433.00', '2024-07-17 12:36:57', '2024-07-17 12:36:57', 0),
(1085, 3, 2, '3,7,10,17,20,24,27,32', '33.80', '65384.00', '2024-07-17 12:36:57', '2024-07-17 12:36:57', 0),
(1086, 3, 2, '3,7,10,17,20,24,27,33', '34.30', '65544.00', '2024-07-17 12:36:57', '2024-07-17 12:36:57', 0),
(1087, 3, 2, '3,7,10,17,20,24,28,32', '35.10', '66273.00', '2024-07-17 12:36:57', '2024-07-17 12:36:57', 0),
(1088, 3, 2, '3,7,10,17,20,24,28,33', '35.60', '66433.00', '2024-07-17 12:36:57', '2024-07-17 12:36:57', 0),
(1089, 3, 2, '3,7,11,15,19,23,27,32', '23.10', '66134.00', '2024-07-17 12:36:57', '2024-07-17 12:36:57', 0),
(1090, 3, 2, '3,7,11,15,19,23,27,33', '23.60', '66294.00', '2024-07-17 12:36:57', '2024-07-17 12:36:57', 0),
(1091, 3, 2, '3,7,11,15,19,23,28,32', '24.40', '67023.00', '2024-07-17 12:36:57', '2024-07-17 12:36:57', 0),
(1092, 3, 2, '3,7,11,15,19,23,28,33', '24.90', '67183.00', '2024-07-17 12:36:57', '2024-07-17 12:36:57', 0),
(1093, 3, 2, '3,7,11,15,19,24,27,32', '20.60', '66134.00', '2024-07-17 12:36:57', '2024-07-17 12:36:57', 0),
(1094, 3, 2, '3,7,11,15,19,24,27,33', '21.10', '66294.00', '2024-07-17 12:36:57', '2024-07-17 12:36:57', 0),
(1095, 3, 2, '3,7,11,15,19,24,28,32', '21.90', '67023.00', '2024-07-17 12:36:57', '2024-07-17 12:36:57', 0),
(1096, 3, 2, '3,7,11,15,19,24,28,33', '22.40', '67183.00', '2024-07-17 12:36:57', '2024-07-17 12:36:57', 0),
(1097, 3, 2, '3,7,11,15,20,23,27,32', '24.60', '66184.00', '2024-07-17 12:36:57', '2024-07-17 12:36:57', 0),
(1098, 3, 2, '3,7,11,15,20,23,27,33', '25.10', '66344.00', '2024-07-17 12:36:57', '2024-07-17 12:36:57', 0),
(1099, 3, 2, '3,7,11,15,20,23,28,32', '25.90', '67073.00', '2024-07-17 12:36:57', '2024-07-17 12:36:57', 0),
(1100, 3, 2, '3,7,11,15,20,23,28,33', '26.40', '67233.00', '2024-07-17 12:36:57', '2024-07-17 12:36:57', 0),
(1101, 3, 2, '3,7,11,15,20,24,27,32', '22.10', '66184.00', '2024-07-17 12:36:57', '2024-07-17 12:36:57', 0),
(1102, 3, 2, '3,7,11,15,20,24,27,33', '22.60', '66344.00', '2024-07-17 12:36:57', '2024-07-17 12:36:57', 0),
(1103, 3, 2, '3,7,11,15,20,24,28,32', '23.40', '67073.00', '2024-07-17 12:36:57', '2024-07-17 12:36:57', 0),
(1104, 3, 2, '3,7,11,15,20,24,28,33', '23.90', '67233.00', '2024-07-17 12:36:57', '2024-07-17 12:36:57', 0),
(1105, 3, 2, '3,7,11,16,19,23,27,32', '26.60', '66434.00', '2024-07-17 12:36:57', '2024-07-17 12:36:57', 0),
(1106, 3, 2, '3,7,11,16,19,23,27,33', '27.10', '66594.00', '2024-07-17 12:36:57', '2024-07-17 12:36:57', 0),
(1107, 3, 2, '3,7,11,16,19,23,28,32', '27.90', '67323.00', '2024-07-17 12:36:57', '2024-07-17 12:36:57', 0),
(1108, 3, 2, '3,7,11,16,19,23,28,33', '28.40', '67483.00', '2024-07-17 12:36:57', '2024-07-17 12:36:57', 0),
(1109, 3, 2, '3,7,11,16,19,24,27,32', '24.10', '66434.00', '2024-07-17 12:36:57', '2024-07-17 12:36:57', 0),
(1110, 3, 2, '3,7,11,16,19,24,27,33', '24.60', '66594.00', '2024-07-17 12:36:57', '2024-07-17 12:36:57', 0),
(1111, 3, 2, '3,7,11,16,19,24,28,32', '25.40', '67323.00', '2024-07-17 12:36:57', '2024-07-17 12:36:57', 0),
(1112, 3, 2, '3,7,11,16,19,24,28,33', '25.90', '67483.00', '2024-07-17 12:36:57', '2024-07-17 12:36:57', 0),
(1113, 3, 2, '3,7,11,16,20,23,27,32', '28.10', '66484.00', '2024-07-17 12:36:57', '2024-07-17 12:36:57', 0),
(1114, 3, 2, '3,7,11,16,20,23,27,33', '28.60', '66644.00', '2024-07-17 12:36:57', '2024-07-17 12:36:57', 0),
(1115, 3, 2, '3,7,11,16,20,23,28,32', '29.40', '67373.00', '2024-07-17 12:36:57', '2024-07-17 12:36:57', 0),
(1116, 3, 2, '3,7,11,16,20,23,28,33', '29.90', '67533.00', '2024-07-17 12:36:57', '2024-07-17 12:36:57', 0),
(1117, 3, 2, '3,7,11,16,20,24,27,32', '25.60', '66484.00', '2024-07-17 12:36:57', '2024-07-17 12:36:57', 0),
(1118, 3, 2, '3,7,11,16,20,24,27,33', '26.10', '66644.00', '2024-07-17 12:36:57', '2024-07-17 12:36:57', 0),
(1119, 3, 2, '3,7,11,16,20,24,28,32', '26.90', '67373.00', '2024-07-17 12:36:57', '2024-07-17 12:36:57', 0),
(1120, 3, 2, '3,7,11,16,20,24,28,33', '27.40', '67533.00', '2024-07-17 12:36:57', '2024-07-17 12:36:57', 0),
(1121, 3, 2, '3,7,11,17,19,23,27,32', '30.20', '66734.00', '2024-07-17 12:36:57', '2024-07-17 12:36:57', 0),
(1122, 3, 2, '3,7,11,17,19,23,27,33', '30.70', '66894.00', '2024-07-17 12:36:57', '2024-07-17 12:36:57', 0),
(1123, 3, 2, '3,7,11,17,19,23,28,32', '31.50', '67623.00', '2024-07-17 12:36:57', '2024-07-17 12:36:57', 0),
(1124, 3, 2, '3,7,11,17,19,23,28,33', '32.00', '67783.00', '2024-07-17 12:36:57', '2024-07-17 12:36:57', 0),
(1125, 3, 2, '3,7,11,17,19,24,27,32', '27.70', '66734.00', '2024-07-17 12:36:57', '2024-07-17 12:36:57', 0),
(1126, 3, 2, '3,7,11,17,19,24,27,33', '28.20', '66894.00', '2024-07-17 12:36:57', '2024-07-17 12:36:57', 0),
(1127, 3, 2, '3,7,11,17,19,24,28,32', '29.00', '67623.00', '2024-07-17 12:36:57', '2024-07-17 12:36:57', 0),
(1128, 3, 2, '3,7,11,17,19,24,28,33', '29.50', '67783.00', '2024-07-17 12:36:57', '2024-07-17 12:36:57', 0),
(1129, 3, 2, '3,7,11,17,20,23,27,32', '31.70', '66784.00', '2024-07-17 12:36:57', '2024-07-17 12:36:57', 0),
(1130, 3, 2, '3,7,11,17,20,23,27,33', '32.20', '66944.00', '2024-07-17 12:36:57', '2024-07-17 12:36:57', 0),
(1131, 3, 2, '3,7,11,17,20,23,28,32', '33.00', '67673.00', '2024-07-17 12:36:57', '2024-07-17 12:36:57', 0),
(1132, 3, 2, '3,7,11,17,20,23,28,33', '33.50', '67833.00', '2024-07-17 12:36:57', '2024-07-17 12:36:57', 0),
(1133, 3, 2, '3,7,11,17,20,24,27,32', '29.20', '66784.00', '2024-07-17 12:36:57', '2024-07-17 12:36:57', 0),
(1134, 3, 2, '3,7,11,17,20,24,27,33', '29.70', '66944.00', '2024-07-17 12:36:57', '2024-07-17 12:36:57', 0),
(1135, 3, 2, '3,7,11,17,20,24,28,32', '30.50', '67673.00', '2024-07-17 12:36:57', '2024-07-17 12:36:57', 0),
(1136, 3, 2, '3,7,11,17,20,24,28,33', '31.00', '67833.00', '2024-07-17 12:36:57', '2024-07-17 12:36:57', 0),
(1137, 3, 2, '37,6,9,15,19,23,27,32', '28.20', '64513.00', '2024-07-17 12:36:57', '2024-07-17 12:36:57', 0),
(1138, 3, 2, '37,6,9,15,19,23,27,33', '28.70', '64673.00', '2024-07-17 12:36:57', '2024-07-17 12:36:57', 0),
(1139, 3, 2, '37,6,9,15,19,23,28,32', '29.50', '65402.00', '2024-07-17 12:36:57', '2024-07-17 12:36:57', 0),
(1140, 3, 2, '37,6,9,15,19,23,28,33', '30.00', '65562.00', '2024-07-17 12:36:57', '2024-07-17 12:36:57', 0),
(1141, 3, 2, '37,6,9,15,19,24,27,32', '25.70', '64513.00', '2024-07-17 12:36:57', '2024-07-17 12:36:57', 0),
(1142, 3, 2, '37,6,9,15,19,24,27,33', '26.20', '64673.00', '2024-07-17 12:36:57', '2024-07-17 12:36:57', 0),
(1143, 3, 2, '37,6,9,15,19,24,28,32', '27.00', '65402.00', '2024-07-17 12:36:57', '2024-07-17 12:36:57', 0),
(1144, 3, 2, '37,6,9,15,19,24,28,33', '27.50', '65562.00', '2024-07-17 12:36:57', '2024-07-17 12:36:57', 0),
(1145, 3, 2, '37,6,9,15,20,23,27,32', '29.70', '64563.00', '2024-07-17 12:36:57', '2024-07-17 12:36:57', 0),
(1146, 3, 2, '37,6,9,15,20,23,27,33', '30.20', '64723.00', '2024-07-17 12:36:57', '2024-07-17 12:36:57', 0),
(1147, 3, 2, '37,6,9,15,20,23,28,32', '31.00', '65452.00', '2024-07-17 12:36:57', '2024-07-17 12:36:57', 0),
(1148, 3, 2, '37,6,9,15,20,23,28,33', '31.50', '65612.00', '2024-07-17 12:36:57', '2024-07-17 12:36:57', 0),
(1149, 3, 2, '37,6,9,15,20,24,27,32', '27.20', '64563.00', '2024-07-17 12:36:57', '2024-07-17 12:36:57', 0),
(1150, 3, 2, '37,6,9,15,20,24,27,33', '27.70', '64723.00', '2024-07-17 12:36:57', '2024-07-17 12:36:57', 0),
(1151, 3, 2, '37,6,9,15,20,24,28,32', '28.50', '65452.00', '2024-07-17 12:36:57', '2024-07-17 12:36:57', 0),
(1152, 3, 2, '37,6,9,15,20,24,28,33', '29.00', '65612.00', '2024-07-17 12:36:57', '2024-07-17 12:36:57', 0),
(1153, 3, 2, '37,6,9,16,19,23,27,32', '31.70', '64813.00', '2024-07-17 12:36:57', '2024-07-17 12:36:57', 0),
(1154, 3, 2, '37,6,9,16,19,23,27,33', '32.20', '64973.00', '2024-07-17 12:36:57', '2024-07-17 12:36:57', 0),
(1155, 3, 2, '37,6,9,16,19,23,28,32', '33.00', '65702.00', '2024-07-17 12:36:57', '2024-07-17 12:36:57', 0),
(1156, 3, 2, '37,6,9,16,19,23,28,33', '33.50', '65862.00', '2024-07-17 12:36:57', '2024-07-17 12:36:57', 0),
(1157, 3, 2, '37,6,9,16,19,24,27,32', '29.20', '64813.00', '2024-07-17 12:36:57', '2024-07-17 12:36:57', 0),
(1158, 3, 2, '37,6,9,16,19,24,27,33', '29.70', '64973.00', '2024-07-17 12:36:57', '2024-07-17 12:36:57', 0),
(1159, 3, 2, '37,6,9,16,19,24,28,32', '30.50', '65702.00', '2024-07-17 12:36:57', '2024-07-17 12:36:57', 0),
(1160, 3, 2, '37,6,9,16,19,24,28,33', '31.00', '65862.00', '2024-07-17 12:36:57', '2024-07-17 12:36:57', 0),
(1161, 3, 2, '37,6,9,16,20,23,27,32', '33.20', '64863.00', '2024-07-17 12:36:57', '2024-07-17 12:36:57', 0),
(1162, 3, 2, '37,6,9,16,20,23,27,33', '33.70', '65023.00', '2024-07-17 12:36:57', '2024-07-17 12:36:57', 0),
(1163, 3, 2, '37,6,9,16,20,23,28,32', '34.50', '65752.00', '2024-07-17 12:36:57', '2024-07-17 12:36:57', 0),
(1164, 3, 2, '37,6,9,16,20,23,28,33', '35.00', '65912.00', '2024-07-17 12:36:57', '2024-07-17 12:36:57', 0),
(1165, 3, 2, '37,6,9,16,20,24,27,32', '30.70', '64863.00', '2024-07-17 12:36:57', '2024-07-17 12:36:57', 0),
(1166, 3, 2, '37,6,9,16,20,24,27,33', '31.20', '65023.00', '2024-07-17 12:36:57', '2024-07-17 12:36:57', 0),
(1167, 3, 2, '37,6,9,16,20,24,28,32', '32.00', '65752.00', '2024-07-17 12:36:57', '2024-07-17 12:36:57', 0),
(1168, 3, 2, '37,6,9,16,20,24,28,33', '32.50', '65912.00', '2024-07-17 12:36:57', '2024-07-17 12:36:57', 0),
(1169, 3, 2, '37,6,9,17,19,23,27,32', '35.30', '65113.00', '2024-07-17 12:36:57', '2024-07-17 12:36:57', 0),
(1170, 3, 2, '37,6,9,17,19,23,27,33', '35.80', '65273.00', '2024-07-17 12:36:57', '2024-07-17 12:36:57', 0),
(1171, 3, 2, '37,6,9,17,19,23,28,32', '36.60', '66002.00', '2024-07-17 12:36:57', '2024-07-17 12:36:57', 0),
(1172, 3, 2, '37,6,9,17,19,23,28,33', '37.10', '66162.00', '2024-07-17 12:36:57', '2024-07-17 12:36:57', 0),
(1173, 3, 2, '37,6,9,17,19,24,27,32', '32.80', '65113.00', '2024-07-17 12:36:57', '2024-07-17 12:36:57', 0),
(1174, 3, 2, '37,6,9,17,19,24,27,33', '33.30', '65273.00', '2024-07-17 12:36:57', '2024-07-17 12:36:57', 0),
(1175, 3, 2, '37,6,9,17,19,24,28,32', '34.10', '66002.00', '2024-07-17 12:36:57', '2024-07-17 12:36:57', 0),
(1176, 3, 2, '37,6,9,17,19,24,28,33', '34.60', '66162.00', '2024-07-17 12:36:57', '2024-07-17 12:36:57', 0),
(1177, 3, 2, '37,6,9,17,20,23,27,32', '36.80', '65163.00', '2024-07-17 12:36:57', '2024-07-17 12:36:57', 0),
(1178, 3, 2, '37,6,9,17,20,23,27,33', '37.30', '65323.00', '2024-07-17 12:36:57', '2024-07-17 12:36:57', 0),
(1179, 3, 2, '37,6,9,17,20,23,28,32', '38.10', '66052.00', '2024-07-17 12:36:57', '2024-07-17 12:36:57', 0),
(1180, 3, 2, '37,6,9,17,20,23,28,33', '38.60', '66212.00', '2024-07-17 12:36:57', '2024-07-17 12:36:57', 0),
(1181, 3, 2, '37,6,9,17,20,24,27,32', '34.30', '65163.00', '2024-07-17 12:36:57', '2024-07-17 12:36:57', 0),
(1182, 3, 2, '37,6,9,17,20,24,27,33', '34.80', '65323.00', '2024-07-17 12:36:57', '2024-07-17 12:36:57', 0),
(1183, 3, 2, '37,6,9,17,20,24,28,32', '35.60', '66052.00', '2024-07-17 12:36:57', '2024-07-17 12:36:57', 0),
(1184, 3, 2, '37,6,9,17,20,24,28,33', '36.10', '66212.00', '2024-07-17 12:36:57', '2024-07-17 12:36:57', 0),
(1185, 3, 2, '37,6,10,15,19,23,27,32', '31.20', '65763.00', '2024-07-17 12:36:57', '2024-07-17 12:36:57', 0),
(1186, 3, 2, '37,6,10,15,19,23,27,33', '31.70', '65923.00', '2024-07-17 12:36:57', '2024-07-17 12:36:57', 0),
(1187, 3, 2, '37,6,10,15,19,23,28,32', '32.50', '66652.00', '2024-07-17 12:36:57', '2024-07-17 12:36:57', 0),
(1188, 3, 2, '37,6,10,15,19,23,28,33', '33.00', '66812.00', '2024-07-17 12:36:57', '2024-07-17 12:36:57', 0),
(1189, 3, 2, '37,6,10,15,19,24,27,32', '28.70', '65763.00', '2024-07-17 12:36:57', '2024-07-17 12:36:57', 0),
(1190, 3, 2, '37,6,10,15,19,24,27,33', '29.20', '65923.00', '2024-07-17 12:36:57', '2024-07-17 12:36:57', 0),
(1191, 3, 2, '37,6,10,15,19,24,28,32', '30.00', '66652.00', '2024-07-17 12:36:57', '2024-07-17 12:36:57', 0),
(1192, 3, 2, '37,6,10,15,19,24,28,33', '30.50', '66812.00', '2024-07-17 12:36:57', '2024-07-17 12:36:57', 0),
(1193, 3, 2, '37,6,10,15,20,23,27,32', '32.70', '65813.00', '2024-07-17 12:36:57', '2024-07-17 12:36:57', 0),
(1194, 3, 2, '37,6,10,15,20,23,27,33', '33.20', '65973.00', '2024-07-17 12:36:57', '2024-07-17 12:36:57', 0),
(1195, 3, 2, '37,6,10,15,20,23,28,32', '34.00', '66702.00', '2024-07-17 12:36:57', '2024-07-17 12:36:57', 0),
(1196, 3, 2, '37,6,10,15,20,23,28,33', '34.50', '66862.00', '2024-07-17 12:36:57', '2024-07-17 12:36:57', 0),
(1197, 3, 2, '37,6,10,15,20,24,27,32', '30.20', '65813.00', '2024-07-17 12:36:57', '2024-07-17 12:36:57', 0),
(1198, 3, 2, '37,6,10,15,20,24,27,33', '30.70', '65973.00', '2024-07-17 12:36:57', '2024-07-17 12:36:57', 0),
(1199, 3, 2, '37,6,10,15,20,24,28,32', '31.50', '66702.00', '2024-07-17 12:36:57', '2024-07-17 12:36:57', 0),
(1200, 3, 2, '37,6,10,15,20,24,28,33', '32.00', '66862.00', '2024-07-17 12:36:57', '2024-07-17 12:36:57', 0),
(1201, 3, 2, '37,6,10,16,19,23,27,32', '34.70', '66063.00', '2024-07-17 12:36:57', '2024-07-17 12:36:57', 0),
(1202, 3, 2, '37,6,10,16,19,23,27,33', '35.20', '66223.00', '2024-07-17 12:36:57', '2024-07-17 12:36:57', 0),
(1203, 3, 2, '37,6,10,16,19,23,28,32', '36.00', '66952.00', '2024-07-17 12:36:57', '2024-07-17 12:36:57', 0),
(1204, 3, 2, '37,6,10,16,19,23,28,33', '36.50', '67112.00', '2024-07-17 12:36:57', '2024-07-17 12:36:57', 0),
(1205, 3, 2, '37,6,10,16,19,24,27,32', '32.20', '66063.00', '2024-07-17 12:36:57', '2024-07-17 12:36:57', 0),
(1206, 3, 2, '37,6,10,16,19,24,27,33', '32.70', '66223.00', '2024-07-17 12:36:57', '2024-07-17 12:36:57', 0),
(1207, 3, 2, '37,6,10,16,19,24,28,32', '33.50', '66952.00', '2024-07-17 12:36:57', '2024-07-17 12:36:57', 0),
(1208, 3, 2, '37,6,10,16,19,24,28,33', '34.00', '67112.00', '2024-07-17 12:36:57', '2024-07-17 12:36:57', 0),
(1209, 3, 2, '37,6,10,16,20,23,27,32', '36.20', '66113.00', '2024-07-17 12:36:57', '2024-07-17 12:36:57', 0),
(1210, 3, 2, '37,6,10,16,20,23,27,33', '36.70', '66273.00', '2024-07-17 12:36:57', '2024-07-17 12:36:57', 0),
(1211, 3, 2, '37,6,10,16,20,23,28,32', '37.50', '67002.00', '2024-07-17 12:36:57', '2024-07-17 12:36:57', 0),
(1212, 3, 2, '37,6,10,16,20,23,28,33', '38.00', '67162.00', '2024-07-17 12:36:57', '2024-07-17 12:36:57', 0),
(1213, 3, 2, '37,6,10,16,20,24,27,32', '33.70', '66113.00', '2024-07-17 12:36:57', '2024-07-17 12:36:57', 0),
(1214, 3, 2, '37,6,10,16,20,24,27,33', '34.20', '66273.00', '2024-07-17 12:36:57', '2024-07-17 12:36:57', 0),
(1215, 3, 2, '37,6,10,16,20,24,28,32', '35.00', '67002.00', '2024-07-17 12:36:57', '2024-07-17 12:36:57', 0),
(1216, 3, 2, '37,6,10,16,20,24,28,33', '35.50', '67162.00', '2024-07-17 12:36:57', '2024-07-17 12:36:57', 0),
(1217, 3, 2, '37,6,10,17,19,23,27,32', '38.30', '66363.00', '2024-07-17 12:36:57', '2024-07-17 12:36:57', 0),
(1218, 3, 2, '37,6,10,17,19,23,27,33', '38.80', '66523.00', '2024-07-17 12:36:57', '2024-07-17 12:36:57', 0),
(1219, 3, 2, '37,6,10,17,19,23,28,32', '39.60', '67252.00', '2024-07-17 12:36:57', '2024-07-17 12:36:57', 0),
(1220, 3, 2, '37,6,10,17,19,23,28,33', '40.10', '67412.00', '2024-07-17 12:36:57', '2024-07-17 12:36:57', 0),
(1221, 3, 2, '37,6,10,17,19,24,27,32', '35.80', '66363.00', '2024-07-17 12:36:57', '2024-07-17 12:36:57', 0),
(1222, 3, 2, '37,6,10,17,19,24,27,33', '36.30', '66523.00', '2024-07-17 12:36:57', '2024-07-17 12:36:57', 0),
(1223, 3, 2, '37,6,10,17,19,24,28,32', '37.10', '67252.00', '2024-07-17 12:36:57', '2024-07-17 12:36:57', 0),
(1224, 3, 2, '37,6,10,17,19,24,28,33', '37.60', '67412.00', '2024-07-17 12:36:57', '2024-07-17 12:36:57', 0),
(1225, 3, 2, '37,6,10,17,20,23,27,32', '39.80', '66413.00', '2024-07-17 12:36:57', '2024-07-17 12:36:57', 0),
(1226, 3, 2, '37,6,10,17,20,23,27,33', '40.30', '66573.00', '2024-07-17 12:36:57', '2024-07-17 12:36:57', 0),
(1227, 3, 2, '37,6,10,17,20,23,28,32', '41.10', '67302.00', '2024-07-17 12:36:57', '2024-07-17 12:36:57', 0),
(1228, 3, 2, '37,6,10,17,20,23,28,33', '41.60', '67462.00', '2024-07-17 12:36:57', '2024-07-17 12:36:57', 0),
(1229, 3, 2, '37,6,10,17,20,24,27,32', '37.30', '66413.00', '2024-07-17 12:36:57', '2024-07-17 12:36:57', 0),
(1230, 3, 2, '37,6,10,17,20,24,27,33', '37.80', '66573.00', '2024-07-17 12:36:57', '2024-07-17 12:36:57', 0),
(1231, 3, 2, '37,6,10,17,20,24,28,32', '38.60', '67302.00', '2024-07-17 12:36:57', '2024-07-17 12:36:57', 0),
(1232, 3, 2, '37,6,10,17,20,24,28,33', '39.10', '67462.00', '2024-07-17 12:36:57', '2024-07-17 12:36:57', 0),
(1233, 3, 2, '37,6,11,15,19,23,27,32', '26.60', '67163.00', '2024-07-17 12:36:57', '2024-07-17 12:36:57', 0),
(1234, 3, 2, '37,6,11,15,19,23,27,33', '27.10', '67323.00', '2024-07-17 12:36:57', '2024-07-17 12:36:57', 0),
(1235, 3, 2, '37,6,11,15,19,23,28,32', '27.90', '68052.00', '2024-07-17 12:36:57', '2024-07-17 12:36:57', 0),
(1236, 3, 2, '37,6,11,15,19,23,28,33', '28.40', '68212.00', '2024-07-17 12:36:57', '2024-07-17 12:36:57', 0),
(1237, 3, 2, '37,6,11,15,19,24,27,32', '24.10', '67163.00', '2024-07-17 12:36:57', '2024-07-17 12:36:57', 0),
(1238, 3, 2, '37,6,11,15,19,24,27,33', '24.60', '67323.00', '2024-07-17 12:36:57', '2024-07-17 12:36:57', 0),
(1239, 3, 2, '37,6,11,15,19,24,28,32', '25.40', '68052.00', '2024-07-17 12:36:57', '2024-07-17 12:36:57', 0),
(1240, 3, 2, '37,6,11,15,19,24,28,33', '25.90', '68212.00', '2024-07-17 12:36:57', '2024-07-17 12:36:57', 0),
(1241, 3, 2, '37,6,11,15,20,23,27,32', '28.10', '67213.00', '2024-07-17 12:36:57', '2024-07-17 12:36:57', 0),
(1242, 3, 2, '37,6,11,15,20,23,27,33', '28.60', '67373.00', '2024-07-17 12:36:57', '2024-07-17 12:36:57', 0),
(1243, 3, 2, '37,6,11,15,20,23,28,32', '29.40', '68102.00', '2024-07-17 12:36:57', '2024-07-17 12:36:57', 0),
(1244, 3, 2, '37,6,11,15,20,23,28,33', '29.90', '68262.00', '2024-07-17 12:36:57', '2024-07-17 12:36:57', 0),
(1245, 3, 2, '37,6,11,15,20,24,27,32', '25.60', '67213.00', '2024-07-17 12:36:57', '2024-07-17 12:36:57', 0),
(1246, 3, 2, '37,6,11,15,20,24,27,33', '26.10', '67373.00', '2024-07-17 12:36:57', '2024-07-17 12:36:57', 0),
(1247, 3, 2, '37,6,11,15,20,24,28,32', '26.90', '68102.00', '2024-07-17 12:36:57', '2024-07-17 12:36:57', 0),
(1248, 3, 2, '37,6,11,15,20,24,28,33', '27.40', '68262.00', '2024-07-17 12:36:57', '2024-07-17 12:36:57', 0),
(1249, 3, 2, '37,6,11,16,19,23,27,32', '30.10', '67463.00', '2024-07-17 12:36:57', '2024-07-17 12:36:57', 0),
(1250, 3, 2, '37,6,11,16,19,23,27,33', '30.60', '67623.00', '2024-07-17 12:36:57', '2024-07-17 12:36:57', 0),
(1251, 3, 2, '37,6,11,16,19,23,28,32', '31.40', '68352.00', '2024-07-17 12:36:57', '2024-07-17 12:36:57', 0),
(1252, 3, 2, '37,6,11,16,19,23,28,33', '31.90', '68512.00', '2024-07-17 12:36:57', '2024-07-17 12:36:57', 0),
(1253, 3, 2, '37,6,11,16,19,24,27,32', '27.60', '67463.00', '2024-07-17 12:36:57', '2024-07-17 12:36:57', 0),
(1254, 3, 2, '37,6,11,16,19,24,27,33', '28.10', '67623.00', '2024-07-17 12:36:57', '2024-07-17 12:36:57', 0),
(1255, 3, 2, '37,6,11,16,19,24,28,32', '28.90', '68352.00', '2024-07-17 12:36:57', '2024-07-17 12:36:57', 0),
(1256, 3, 2, '37,6,11,16,19,24,28,33', '29.40', '68512.00', '2024-07-17 12:36:57', '2024-07-17 12:36:57', 0),
(1257, 3, 2, '37,6,11,16,20,23,27,32', '31.60', '67513.00', '2024-07-17 12:36:57', '2024-07-17 12:36:57', 0),
(1258, 3, 2, '37,6,11,16,20,23,27,33', '32.10', '67673.00', '2024-07-17 12:36:57', '2024-07-17 12:36:57', 0),
(1259, 3, 2, '37,6,11,16,20,23,28,32', '32.90', '68402.00', '2024-07-17 12:36:57', '2024-07-17 12:36:57', 0),
(1260, 3, 2, '37,6,11,16,20,23,28,33', '33.40', '68562.00', '2024-07-17 12:36:57', '2024-07-17 12:36:57', 0),
(1261, 3, 2, '37,6,11,16,20,24,27,32', '29.10', '67513.00', '2024-07-17 12:36:57', '2024-07-17 12:36:57', 0),
(1262, 3, 2, '37,6,11,16,20,24,27,33', '29.60', '67673.00', '2024-07-17 12:36:57', '2024-07-17 12:36:57', 0),
(1263, 3, 2, '37,6,11,16,20,24,28,32', '30.40', '68402.00', '2024-07-17 12:36:57', '2024-07-17 12:36:57', 0),
(1264, 3, 2, '37,6,11,16,20,24,28,33', '30.90', '68562.00', '2024-07-17 12:36:57', '2024-07-17 12:36:57', 0),
(1265, 3, 2, '37,6,11,17,19,23,27,32', '33.70', '67763.00', '2024-07-17 12:36:57', '2024-07-17 12:36:57', 0),
(1266, 3, 2, '37,6,11,17,19,23,27,33', '34.20', '67923.00', '2024-07-17 12:36:57', '2024-07-17 12:36:57', 0),
(1267, 3, 2, '37,6,11,17,19,23,28,32', '35.00', '68652.00', '2024-07-17 12:36:57', '2024-07-17 12:36:57', 0),
(1268, 3, 2, '37,6,11,17,19,23,28,33', '35.50', '68812.00', '2024-07-17 12:36:57', '2024-07-17 12:36:57', 0),
(1269, 3, 2, '37,6,11,17,19,24,27,32', '31.20', '67763.00', '2024-07-17 12:36:57', '2024-07-17 12:36:57', 0),
(1270, 3, 2, '37,6,11,17,19,24,27,33', '31.70', '67923.00', '2024-07-17 12:36:57', '2024-07-17 12:36:57', 0),
(1271, 3, 2, '37,6,11,17,19,24,28,32', '32.50', '68652.00', '2024-07-17 12:36:57', '2024-07-17 12:36:57', 0),
(1272, 3, 2, '37,6,11,17,19,24,28,33', '33.00', '68812.00', '2024-07-17 12:36:57', '2024-07-17 12:36:57', 0),
(1273, 3, 2, '37,6,11,17,20,23,27,32', '35.20', '67813.00', '2024-07-17 12:36:57', '2024-07-17 12:36:57', 0),
(1274, 3, 2, '37,6,11,17,20,23,27,33', '35.70', '67973.00', '2024-07-17 12:36:57', '2024-07-17 12:36:57', 0),
(1275, 3, 2, '37,6,11,17,20,23,28,32', '36.50', '68702.00', '2024-07-17 12:36:57', '2024-07-17 12:36:57', 0),
(1276, 3, 2, '37,6,11,17,20,23,28,33', '37.00', '68862.00', '2024-07-17 12:36:57', '2024-07-17 12:36:57', 0),
(1277, 3, 2, '37,6,11,17,20,24,27,32', '32.70', '67813.00', '2024-07-17 12:36:57', '2024-07-17 12:36:57', 0),
(1278, 3, 2, '37,6,11,17,20,24,27,33', '33.20', '67973.00', '2024-07-17 12:36:57', '2024-07-17 12:36:57', 0),
(1279, 3, 2, '37,6,11,17,20,24,28,32', '34.00', '68702.00', '2024-07-17 12:36:57', '2024-07-17 12:36:57', 0),
(1280, 3, 2, '37,6,11,17,20,24,28,33', '34.50', '68862.00', '2024-07-17 12:36:57', '2024-07-17 12:36:57', 0),
(1281, 3, 2, '37,7,9,15,19,23,27,32', '29.60', '66084.00', '2024-07-17 12:36:57', '2024-07-17 12:36:57', 0),
(1282, 3, 2, '37,7,9,15,19,23,27,33', '30.10', '66244.00', '2024-07-17 12:36:57', '2024-07-17 12:36:57', 0),
(1283, 3, 2, '37,7,9,15,19,23,28,32', '30.90', '66973.00', '2024-07-17 12:36:57', '2024-07-17 12:36:57', 0),
(1284, 3, 2, '37,7,9,15,19,23,28,33', '31.40', '67133.00', '2024-07-17 12:36:57', '2024-07-17 12:36:57', 0),
(1285, 3, 2, '37,7,9,15,19,24,27,32', '27.10', '66084.00', '2024-07-17 12:36:57', '2024-07-17 12:36:57', 0),
(1286, 3, 2, '37,7,9,15,19,24,27,33', '27.60', '66244.00', '2024-07-17 12:36:57', '2024-07-17 12:36:57', 0),
(1287, 3, 2, '37,7,9,15,19,24,28,32', '28.40', '66973.00', '2024-07-17 12:36:57', '2024-07-17 12:36:57', 0),
(1288, 3, 2, '37,7,9,15,19,24,28,33', '28.90', '67133.00', '2024-07-17 12:36:57', '2024-07-17 12:36:57', 0),
(1289, 3, 2, '37,7,9,15,20,23,27,32', '31.10', '66134.00', '2024-07-17 12:36:57', '2024-07-17 12:36:57', 0),
(1290, 3, 2, '37,7,9,15,20,23,27,33', '31.60', '66294.00', '2024-07-17 12:36:57', '2024-07-17 12:36:57', 0),
(1291, 3, 2, '37,7,9,15,20,23,28,32', '32.40', '67023.00', '2024-07-17 12:36:57', '2024-07-17 12:36:57', 0),
(1292, 3, 2, '37,7,9,15,20,23,28,33', '32.90', '67183.00', '2024-07-17 12:36:57', '2024-07-17 12:36:57', 0),
(1293, 3, 2, '37,7,9,15,20,24,27,32', '28.60', '66134.00', '2024-07-17 12:36:57', '2024-07-17 12:36:57', 0),
(1294, 3, 2, '37,7,9,15,20,24,27,33', '29.10', '66294.00', '2024-07-17 12:36:57', '2024-07-17 12:36:57', 0),
(1295, 3, 2, '37,7,9,15,20,24,28,32', '29.90', '67023.00', '2024-07-17 12:36:57', '2024-07-17 12:36:57', 0),
(1296, 3, 2, '37,7,9,15,20,24,28,33', '30.40', '67183.00', '2024-07-17 12:36:57', '2024-07-17 12:36:57', 0),
(1297, 3, 2, '37,7,9,16,19,23,27,32', '33.10', '66384.00', '2024-07-17 12:36:57', '2024-07-17 12:36:57', 0),
(1298, 3, 2, '37,7,9,16,19,23,27,33', '33.60', '66544.00', '2024-07-17 12:36:57', '2024-07-17 12:36:57', 0),
(1299, 3, 2, '37,7,9,16,19,23,28,32', '34.40', '67273.00', '2024-07-17 12:36:57', '2024-07-17 12:36:57', 0),
(1300, 3, 2, '37,7,9,16,19,23,28,33', '34.90', '67433.00', '2024-07-17 12:36:57', '2024-07-17 12:36:57', 0),
(1301, 3, 2, '37,7,9,16,19,24,27,32', '30.60', '66384.00', '2024-07-17 12:36:57', '2024-07-17 12:36:57', 0),
(1302, 3, 2, '37,7,9,16,19,24,27,33', '31.10', '66544.00', '2024-07-17 12:36:57', '2024-07-17 12:36:57', 0),
(1303, 3, 2, '37,7,9,16,19,24,28,32', '31.90', '67273.00', '2024-07-17 12:36:57', '2024-07-17 12:36:57', 0),
(1304, 3, 2, '37,7,9,16,19,24,28,33', '32.40', '67433.00', '2024-07-17 12:36:57', '2024-07-17 12:36:57', 0),
(1305, 3, 2, '37,7,9,16,20,23,27,32', '34.60', '66434.00', '2024-07-17 12:36:57', '2024-07-17 12:36:57', 0),
(1306, 3, 2, '37,7,9,16,20,23,27,33', '35.10', '66594.00', '2024-07-17 12:36:57', '2024-07-17 12:36:57', 0),
(1307, 3, 2, '37,7,9,16,20,23,28,32', '35.90', '67323.00', '2024-07-17 12:36:57', '2024-07-17 12:36:57', 0),
(1308, 3, 2, '37,7,9,16,20,23,28,33', '36.40', '67483.00', '2024-07-17 12:36:57', '2024-07-17 12:36:57', 0),
(1309, 3, 2, '37,7,9,16,20,24,27,32', '32.10', '66434.00', '2024-07-17 12:36:57', '2024-07-17 12:36:57', 0),
(1310, 3, 2, '37,7,9,16,20,24,27,33', '32.60', '66594.00', '2024-07-17 12:36:57', '2024-07-17 12:36:57', 0),
(1311, 3, 2, '37,7,9,16,20,24,28,32', '33.40', '67323.00', '2024-07-17 12:36:57', '2024-07-17 12:36:57', 0),
(1312, 3, 2, '37,7,9,16,20,24,28,33', '33.90', '67483.00', '2024-07-17 12:36:57', '2024-07-17 12:36:57', 0),
(1313, 3, 2, '37,7,9,17,19,23,27,32', '36.70', '66684.00', '2024-07-17 12:36:57', '2024-07-17 12:36:57', 0),
(1314, 3, 2, '37,7,9,17,19,23,27,33', '37.20', '66844.00', '2024-07-17 12:36:57', '2024-07-17 12:36:57', 0),
(1315, 3, 2, '37,7,9,17,19,23,28,32', '38.00', '67573.00', '2024-07-17 12:36:57', '2024-07-17 12:36:57', 0),
(1316, 3, 2, '37,7,9,17,19,23,28,33', '38.50', '67733.00', '2024-07-17 12:36:57', '2024-07-17 12:36:57', 0),
(1317, 3, 2, '37,7,9,17,19,24,27,32', '34.20', '66684.00', '2024-07-17 12:36:57', '2024-07-17 12:36:57', 0),
(1318, 3, 2, '37,7,9,17,19,24,27,33', '34.70', '66844.00', '2024-07-17 12:36:57', '2024-07-17 12:36:57', 0),
(1319, 3, 2, '37,7,9,17,19,24,28,32', '35.50', '67573.00', '2024-07-17 12:36:57', '2024-07-17 12:36:57', 0),
(1320, 3, 2, '37,7,9,17,19,24,28,33', '36.00', '67733.00', '2024-07-17 12:36:57', '2024-07-17 12:36:57', 0),
(1321, 3, 2, '37,7,9,17,20,23,27,32', '38.20', '66734.00', '2024-07-17 12:36:57', '2024-07-17 12:36:57', 0),
(1322, 3, 2, '37,7,9,17,20,23,27,33', '38.70', '66894.00', '2024-07-17 12:36:57', '2024-07-17 12:36:57', 0),
(1323, 3, 2, '37,7,9,17,20,23,28,32', '39.50', '67623.00', '2024-07-17 12:36:57', '2024-07-17 12:36:57', 0),
(1324, 3, 2, '37,7,9,17,20,23,28,33', '40.00', '67783.00', '2024-07-17 12:36:57', '2024-07-17 12:36:57', 0),
(1325, 3, 2, '37,7,9,17,20,24,27,32', '35.70', '66734.00', '2024-07-17 12:36:57', '2024-07-17 12:36:57', 0),
(1326, 3, 2, '37,7,9,17,20,24,27,33', '36.20', '66894.00', '2024-07-17 12:36:57', '2024-07-17 12:36:57', 0),
(1327, 3, 2, '37,7,9,17,20,24,28,32', '37.00', '67623.00', '2024-07-17 12:36:57', '2024-07-17 12:36:57', 0),
(1328, 3, 2, '37,7,9,17,20,24,28,33', '37.50', '67783.00', '2024-07-17 12:36:57', '2024-07-17 12:36:57', 0),
(1329, 3, 2, '37,7,10,15,19,23,27,32', '32.60', '67334.00', '2024-07-17 12:36:57', '2024-07-17 12:36:57', 0),
(1330, 3, 2, '37,7,10,15,19,23,27,33', '33.10', '67494.00', '2024-07-17 12:36:57', '2024-07-17 12:36:57', 0),
(1331, 3, 2, '37,7,10,15,19,23,28,32', '33.90', '68223.00', '2024-07-17 12:36:57', '2024-07-17 12:36:57', 0),
(1332, 3, 2, '37,7,10,15,19,23,28,33', '34.40', '68383.00', '2024-07-17 12:36:57', '2024-07-17 12:36:57', 0),
(1333, 3, 2, '37,7,10,15,19,24,27,32', '30.10', '67334.00', '2024-07-17 12:36:57', '2024-07-17 12:36:57', 0),
(1334, 3, 2, '37,7,10,15,19,24,27,33', '30.60', '67494.00', '2024-07-17 12:36:57', '2024-07-17 12:36:57', 0),
(1335, 3, 2, '37,7,10,15,19,24,28,32', '31.40', '68223.00', '2024-07-17 12:36:57', '2024-07-17 12:36:57', 0),
(1336, 3, 2, '37,7,10,15,19,24,28,33', '31.90', '68383.00', '2024-07-17 12:36:57', '2024-07-17 12:36:57', 0),
(1337, 3, 2, '37,7,10,15,20,23,27,32', '34.10', '67384.00', '2024-07-17 12:36:57', '2024-07-17 12:36:57', 0),
(1338, 3, 2, '37,7,10,15,20,23,27,33', '34.60', '67544.00', '2024-07-17 12:36:57', '2024-07-17 12:36:57', 0),
(1339, 3, 2, '37,7,10,15,20,23,28,32', '35.40', '68273.00', '2024-07-17 12:36:57', '2024-07-17 12:36:57', 0),
(1340, 3, 2, '37,7,10,15,20,23,28,33', '35.90', '68433.00', '2024-07-17 12:36:57', '2024-07-17 12:36:57', 0),
(1341, 3, 2, '37,7,10,15,20,24,27,32', '31.60', '67384.00', '2024-07-17 12:36:57', '2024-07-17 12:36:57', 0),
(1342, 3, 2, '37,7,10,15,20,24,27,33', '32.10', '67544.00', '2024-07-17 12:36:57', '2024-07-17 12:36:57', 0),
(1343, 3, 2, '37,7,10,15,20,24,28,32', '32.90', '68273.00', '2024-07-17 12:36:57', '2024-07-17 12:36:57', 0),
(1344, 3, 2, '37,7,10,15,20,24,28,33', '33.40', '68433.00', '2024-07-17 12:36:57', '2024-07-17 12:36:57', 0),
(1345, 3, 2, '37,7,10,16,19,23,27,32', '36.10', '67634.00', '2024-07-17 12:36:57', '2024-07-17 12:36:57', 0),
(1346, 3, 2, '37,7,10,16,19,23,27,33', '36.60', '67794.00', '2024-07-17 12:36:57', '2024-07-17 12:36:57', 0),
(1347, 3, 2, '37,7,10,16,19,23,28,32', '37.40', '68523.00', '2024-07-17 12:36:57', '2024-07-17 12:36:57', 0),
(1348, 3, 2, '37,7,10,16,19,23,28,33', '37.90', '68683.00', '2024-07-17 12:36:57', '2024-07-17 12:36:57', 0),
(1349, 3, 2, '37,7,10,16,19,24,27,32', '33.60', '67634.00', '2024-07-17 12:36:57', '2024-07-17 12:36:57', 0),
(1350, 3, 2, '37,7,10,16,19,24,27,33', '34.10', '67794.00', '2024-07-17 12:36:57', '2024-07-17 12:36:57', 0),
(1351, 3, 2, '37,7,10,16,19,24,28,32', '34.90', '68523.00', '2024-07-17 12:36:57', '2024-07-17 12:36:57', 0),
(1352, 3, 2, '37,7,10,16,19,24,28,33', '35.40', '68683.00', '2024-07-17 12:36:57', '2024-07-17 12:36:57', 0),
(1353, 3, 2, '37,7,10,16,20,23,27,32', '37.60', '67684.00', '2024-07-17 12:36:57', '2024-07-17 12:36:57', 0),
(1354, 3, 2, '37,7,10,16,20,23,27,33', '38.10', '67844.00', '2024-07-17 12:36:57', '2024-07-17 12:36:57', 0),
(1355, 3, 2, '37,7,10,16,20,23,28,32', '38.90', '68573.00', '2024-07-17 12:36:57', '2024-07-17 12:36:57', 0),
(1356, 3, 2, '37,7,10,16,20,23,28,33', '39.40', '68733.00', '2024-07-17 12:36:57', '2024-07-17 12:36:57', 0),
(1357, 3, 2, '37,7,10,16,20,24,27,32', '35.10', '67684.00', '2024-07-17 12:36:57', '2024-07-17 12:36:57', 0),
(1358, 3, 2, '37,7,10,16,20,24,27,33', '35.60', '67844.00', '2024-07-17 12:36:57', '2024-07-17 12:36:57', 0),
(1359, 3, 2, '37,7,10,16,20,24,28,32', '36.40', '68573.00', '2024-07-17 12:36:57', '2024-07-17 12:36:57', 0),
(1360, 3, 2, '37,7,10,16,20,24,28,33', '36.90', '68733.00', '2024-07-17 12:36:57', '2024-07-17 12:36:57', 0),
(1361, 3, 2, '37,7,10,17,19,23,27,32', '39.70', '67934.00', '2024-07-17 12:36:57', '2024-07-17 12:36:57', 0),
(1362, 3, 2, '37,7,10,17,19,23,27,33', '40.20', '68094.00', '2024-07-17 12:36:57', '2024-07-17 12:36:57', 0),
(1363, 3, 2, '37,7,10,17,19,23,28,32', '41.00', '68823.00', '2024-07-17 12:36:57', '2024-07-17 12:36:57', 0),
(1364, 3, 2, '37,7,10,17,19,23,28,33', '41.50', '68983.00', '2024-07-17 12:36:57', '2024-07-17 12:36:57', 0),
(1365, 3, 2, '37,7,10,17,19,24,27,32', '37.20', '67934.00', '2024-07-17 12:36:57', '2024-07-17 12:36:57', 0),
(1366, 3, 2, '37,7,10,17,19,24,27,33', '37.70', '68094.00', '2024-07-17 12:36:57', '2024-07-17 12:36:57', 0),
(1367, 3, 2, '37,7,10,17,19,24,28,32', '38.50', '68823.00', '2024-07-17 12:36:57', '2024-07-17 12:36:57', 0),
(1368, 3, 2, '37,7,10,17,19,24,28,33', '39.00', '68983.00', '2024-07-17 12:36:57', '2024-07-17 12:36:57', 0),
(1369, 3, 2, '37,7,10,17,20,23,27,32', '41.20', '67984.00', '2024-07-17 12:36:57', '2024-07-17 12:36:57', 0),
(1370, 3, 2, '37,7,10,17,20,23,27,33', '41.70', '68144.00', '2024-07-17 12:36:57', '2024-07-17 12:36:57', 0),
(1371, 3, 2, '37,7,10,17,20,23,28,32', '42.50', '68873.00', '2024-07-17 12:36:57', '2024-07-17 12:36:57', 0),
(1372, 3, 2, '37,7,10,17,20,23,28,33', '43.00', '69033.00', '2024-07-17 12:36:57', '2024-07-17 12:36:57', 0),
(1373, 3, 2, '37,7,10,17,20,24,27,32', '38.70', '67984.00', '2024-07-17 12:36:57', '2024-07-17 12:36:57', 0),
(1374, 3, 2, '37,7,10,17,20,24,27,33', '39.20', '68144.00', '2024-07-17 12:36:57', '2024-07-17 12:36:57', 0),
(1375, 3, 2, '37,7,10,17,20,24,28,32', '40.00', '68873.00', '2024-07-17 12:36:57', '2024-07-17 12:36:57', 0),
(1376, 3, 2, '37,7,10,17,20,24,28,33', '40.50', '69033.00', '2024-07-17 12:36:57', '2024-07-17 12:36:57', 0),
(1377, 3, 2, '37,7,11,15,19,23,27,32', '28.00', '68734.00', '2024-07-17 12:36:57', '2024-07-17 12:36:57', 0),
(1378, 3, 2, '37,7,11,15,19,23,27,33', '28.50', '68894.00', '2024-07-17 12:36:57', '2024-07-17 12:36:57', 0),
(1379, 3, 2, '37,7,11,15,19,23,28,32', '29.30', '69623.00', '2024-07-17 12:36:57', '2024-07-17 12:36:57', 0),
(1380, 3, 2, '37,7,11,15,19,23,28,33', '29.80', '69783.00', '2024-07-17 12:36:57', '2024-07-17 12:36:57', 0),
(1381, 3, 2, '37,7,11,15,19,24,27,32', '25.50', '68734.00', '2024-07-17 12:36:57', '2024-07-17 12:36:57', 0),
(1382, 3, 2, '37,7,11,15,19,24,27,33', '26.00', '68894.00', '2024-07-17 12:36:57', '2024-07-17 12:36:57', 0),
(1383, 3, 2, '37,7,11,15,19,24,28,32', '26.80', '69623.00', '2024-07-17 12:36:57', '2024-07-17 12:36:57', 0),
(1384, 3, 2, '37,7,11,15,19,24,28,33', '27.30', '69783.00', '2024-07-17 12:36:57', '2024-07-17 12:36:57', 0),
(1385, 3, 2, '37,7,11,15,20,23,27,32', '29.50', '68784.00', '2024-07-17 12:36:57', '2024-07-17 12:36:57', 0),
(1386, 3, 2, '37,7,11,15,20,23,27,33', '30.00', '68944.00', '2024-07-17 12:36:57', '2024-07-17 12:36:57', 0),
(1387, 3, 2, '37,7,11,15,20,23,28,32', '30.80', '69673.00', '2024-07-17 12:36:57', '2024-07-17 12:36:57', 0),
(1388, 3, 2, '37,7,11,15,20,23,28,33', '31.30', '69833.00', '2024-07-17 12:36:57', '2024-07-17 12:36:57', 0),
(1389, 3, 2, '37,7,11,15,20,24,27,32', '27.00', '68784.00', '2024-07-17 12:36:57', '2024-07-17 12:36:57', 0),
(1390, 3, 2, '37,7,11,15,20,24,27,33', '27.50', '68944.00', '2024-07-17 12:36:57', '2024-07-17 12:36:57', 0),
(1391, 3, 2, '37,7,11,15,20,24,28,32', '28.30', '69673.00', '2024-07-17 12:36:57', '2024-07-17 12:36:57', 0),
(1392, 3, 2, '37,7,11,15,20,24,28,33', '28.80', '69833.00', '2024-07-17 12:36:57', '2024-07-17 12:36:57', 0),
(1393, 3, 2, '37,7,11,16,19,23,27,32', '31.50', '69034.00', '2024-07-17 12:36:57', '2024-07-17 12:36:57', 0),
(1394, 3, 2, '37,7,11,16,19,23,27,33', '32.00', '69194.00', '2024-07-17 12:36:57', '2024-07-17 12:36:57', 0),
(1395, 3, 2, '37,7,11,16,19,23,28,32', '32.80', '69923.00', '2024-07-17 12:36:57', '2024-07-17 12:36:57', 0),
(1396, 3, 2, '37,7,11,16,19,23,28,33', '33.30', '70083.00', '2024-07-17 12:36:57', '2024-07-17 12:36:57', 0),
(1397, 3, 2, '37,7,11,16,19,24,27,32', '29.00', '69034.00', '2024-07-17 12:36:57', '2024-07-17 12:36:57', 0),
(1398, 3, 2, '37,7,11,16,19,24,27,33', '29.50', '69194.00', '2024-07-17 12:36:57', '2024-07-17 12:36:57', 0),
(1399, 3, 2, '37,7,11,16,19,24,28,32', '30.30', '69923.00', '2024-07-17 12:36:57', '2024-07-17 12:36:57', 0),
(1400, 3, 2, '37,7,11,16,19,24,28,33', '30.80', '70083.00', '2024-07-17 12:36:57', '2024-07-17 12:36:57', 0),
(1401, 3, 2, '37,7,11,16,20,23,27,32', '33.00', '69084.00', '2024-07-17 12:36:57', '2024-07-17 12:36:57', 0),
(1402, 3, 2, '37,7,11,16,20,23,27,33', '33.50', '69244.00', '2024-07-17 12:36:57', '2024-07-17 12:36:57', 0),
(1403, 3, 2, '37,7,11,16,20,23,28,32', '34.30', '69973.00', '2024-07-17 12:36:57', '2024-07-17 12:36:57', 0),
(1404, 3, 2, '37,7,11,16,20,23,28,33', '34.80', '70133.00', '2024-07-17 12:36:57', '2024-07-17 12:36:57', 0),
(1405, 3, 2, '37,7,11,16,20,24,27,32', '30.50', '69084.00', '2024-07-17 12:36:57', '2024-07-17 12:36:57', 0),
(1406, 3, 2, '37,7,11,16,20,24,27,33', '31.00', '69244.00', '2024-07-17 12:36:57', '2024-07-17 12:36:57', 0),
(1407, 3, 2, '37,7,11,16,20,24,28,32', '31.80', '69973.00', '2024-07-17 12:36:57', '2024-07-17 12:36:57', 0),
(1408, 3, 2, '37,7,11,16,20,24,28,33', '32.30', '70133.00', '2024-07-17 12:36:57', '2024-07-17 12:36:57', 0),
(1409, 3, 2, '37,7,11,17,19,23,27,32', '35.10', '69334.00', '2024-07-17 12:36:57', '2024-07-17 12:36:57', 0),
(1410, 3, 2, '37,7,11,17,19,23,27,33', '35.60', '69494.00', '2024-07-17 12:36:57', '2024-07-17 12:36:57', 0),
(1411, 3, 2, '37,7,11,17,19,23,28,32', '36.40', '70223.00', '2024-07-17 12:36:57', '2024-07-17 12:36:57', 0),
(1412, 3, 2, '37,7,11,17,19,23,28,33', '36.90', '70383.00', '2024-07-17 12:36:57', '2024-07-17 12:36:57', 0),
(1413, 3, 2, '37,7,11,17,19,24,27,32', '32.60', '69334.00', '2024-07-17 12:36:57', '2024-07-17 12:36:57', 0),
(1414, 3, 2, '37,7,11,17,19,24,27,33', '33.10', '69494.00', '2024-07-17 12:36:57', '2024-07-17 12:36:57', 0),
(1415, 3, 2, '37,7,11,17,19,24,28,32', '33.90', '70223.00', '2024-07-17 12:36:57', '2024-07-17 12:36:57', 0),
(1416, 3, 2, '37,7,11,17,19,24,28,33', '34.40', '70383.00', '2024-07-17 12:36:57', '2024-07-17 12:36:57', 0),
(1417, 3, 2, '37,7,11,17,20,23,27,32', '36.60', '69384.00', '2024-07-17 12:36:57', '2024-07-17 12:36:57', 0),
(1418, 3, 2, '37,7,11,17,20,23,27,33', '37.10', '69544.00', '2024-07-17 12:36:57', '2024-07-17 12:36:57', 0),
(1419, 3, 2, '37,7,11,17,20,23,28,32', '37.90', '70273.00', '2024-07-17 12:36:57', '2024-07-17 12:36:57', 0),
(1420, 3, 2, '37,7,11,17,20,23,28,33', '38.40', '70433.00', '2024-07-17 12:36:57', '2024-07-17 12:36:57', 0),
(1421, 3, 2, '37,7,11,17,20,24,27,32', '34.10', '69384.00', '2024-07-17 12:36:57', '2024-07-17 12:36:57', 0),
(1422, 3, 2, '37,7,11,17,20,24,27,33', '34.60', '69544.00', '2024-07-17 12:36:57', '2024-07-17 12:36:57', 0),
(1423, 3, 2, '37,7,11,17,20,24,28,32', '35.40', '70273.00', '2024-07-17 12:36:57', '2024-07-17 12:36:57', 0),
(1424, 3, 2, '37,7,11,17,20,24,28,33', '35.90', '70433.00', '2024-07-17 12:36:57', '2024-07-17 12:36:57', 0),
(1425, 4, 4, '1,5,8,41,19,22,47,29', '11.70', '37900.00', '2024-07-18 06:24:08', '2024-07-18 06:24:08', 0),
(1426, 4, 4, '1,5,8,41,19,22,47,31', '14.10', '38799.00', '2024-07-18 06:24:08', '2024-07-18 06:24:08', 0),
(1427, 4, 4, '1,5,8,41,19,23,47,29', '11.70', '37150.00', '2024-07-18 06:24:08', '2024-07-18 06:24:08', 0),
(1428, 4, 4, '1,5,8,41,19,23,47,31', '14.10', '38049.00', '2024-07-18 06:24:08', '2024-07-18 06:24:08', 0),
(1429, 4, 4, '1,5,8,41,20,22,47,29', '13.10', '37950.00', '2024-07-18 06:24:08', '2024-07-18 06:24:08', 0),
(1430, 4, 4, '1,5,8,41,20,22,47,31', '15.50', '38849.00', '2024-07-18 06:24:08', '2024-07-18 06:24:08', 0),
(1431, 4, 4, '1,5,8,41,20,23,47,29', '13.10', '37200.00', '2024-07-18 06:24:08', '2024-07-18 06:24:08', 0),
(1432, 4, 4, '1,5,8,41,20,23,47,31', '15.50', '38099.00', '2024-07-18 06:24:08', '2024-07-18 06:24:08', 0),
(1433, 4, 4, '1,5,8,46,19,22,47,29', '8.50', '36400.00', '2024-07-18 06:24:08', '2024-07-18 06:24:08', 0),
(1434, 4, 4, '1,5,8,46,19,22,47,31', '10.90', '37299.00', '2024-07-18 06:24:08', '2024-07-18 06:24:08', 0),
(1435, 4, 4, '1,5,8,46,19,23,47,29', '8.50', '35650.00', '2024-07-18 06:24:08', '2024-07-18 06:24:08', 0),
(1436, 4, 4, '1,5,8,46,19,23,47,31', '10.90', '36549.00', '2024-07-18 06:24:08', '2024-07-18 06:24:08', 0),
(1437, 4, 4, '1,5,8,46,20,22,47,29', '9.90', '36450.00', '2024-07-18 06:24:08', '2024-07-18 06:24:08', 0),
(1438, 4, 4, '1,5,8,46,20,22,47,31', '12.30', '37349.00', '2024-07-18 06:24:08', '2024-07-18 06:24:08', 0),
(1439, 4, 4, '1,5,8,46,20,23,47,29', '9.90', '35700.00', '2024-07-18 06:24:08', '2024-07-18 06:24:08', 0),
(1440, 4, 4, '1,5,8,46,20,23,47,31', '12.30', '36599.00', '2024-07-18 06:24:08', '2024-07-18 06:24:08', 0),
(1441, 4, 4, '1,5,9,41,19,22,47,29', '13.50', '39000.00', '2024-07-18 06:24:08', '2024-07-18 06:24:08', 0),
(1442, 4, 4, '1,5,9,41,19,22,47,31', '15.90', '39899.00', '2024-07-18 06:24:08', '2024-07-18 06:24:08', 0),
(1443, 4, 4, '1,5,9,41,19,23,47,29', '13.50', '38250.00', '2024-07-18 06:24:08', '2024-07-18 06:24:08', 0),
(1444, 4, 4, '1,5,9,41,19,23,47,31', '15.90', '39149.00', '2024-07-18 06:24:08', '2024-07-18 06:24:08', 0),
(1445, 4, 4, '1,5,9,41,20,22,47,29', '14.90', '39050.00', '2024-07-18 06:24:08', '2024-07-18 06:24:08', 0),
(1446, 4, 4, '1,5,9,41,20,22,47,31', '17.30', '39949.00', '2024-07-18 06:24:08', '2024-07-18 06:24:08', 0),
(1447, 4, 4, '1,5,9,41,20,23,47,29', '14.90', '38300.00', '2024-07-18 06:24:08', '2024-07-18 06:24:08', 0),
(1448, 4, 4, '1,5,9,41,20,23,47,31', '17.30', '39199.00', '2024-07-18 06:24:08', '2024-07-18 06:24:08', 0),
(1449, 4, 4, '1,5,9,46,19,22,47,29', '10.30', '37500.00', '2024-07-18 06:24:08', '2024-07-18 06:24:08', 0),
(1450, 4, 4, '1,5,9,46,19,22,47,31', '12.70', '38399.00', '2024-07-18 06:24:08', '2024-07-18 06:24:08', 0),
(1451, 4, 4, '1,5,9,46,19,23,47,29', '10.30', '36750.00', '2024-07-18 06:24:08', '2024-07-18 06:24:08', 0),
(1452, 4, 4, '1,5,9,46,19,23,47,31', '12.70', '37649.00', '2024-07-18 06:24:08', '2024-07-18 06:24:08', 0),
(1453, 4, 4, '1,5,9,46,20,22,47,29', '11.70', '37550.00', '2024-07-18 06:24:08', '2024-07-18 06:24:08', 0),
(1454, 4, 4, '1,5,9,46,20,22,47,31', '14.10', '38449.00', '2024-07-18 06:24:08', '2024-07-18 06:24:08', 0),
(1455, 4, 4, '1,5,9,46,20,23,47,29', '11.70', '36800.00', '2024-07-18 06:24:08', '2024-07-18 06:24:08', 0),
(1456, 4, 4, '1,5,9,46,20,23,47,31', '14.10', '37699.00', '2024-07-18 06:24:08', '2024-07-18 06:24:08', 0),
(1457, 4, 4, '1,6,8,41,19,22,47,29', '11.10', '48800.00', '2024-07-18 06:24:08', '2024-07-18 06:24:08', 0),
(1458, 4, 4, '1,6,8,41,19,22,47,31', '13.50', '49699.00', '2024-07-18 06:24:08', '2024-07-18 06:24:08', 0),
(1459, 4, 4, '1,6,8,41,19,23,47,29', '11.10', '48050.00', '2024-07-18 06:24:08', '2024-07-18 06:24:08', 0),
(1460, 4, 4, '1,6,8,41,19,23,47,31', '13.50', '48949.00', '2024-07-18 06:24:08', '2024-07-18 06:24:08', 0),
(1461, 4, 4, '1,6,8,41,20,22,47,29', '12.50', '48850.00', '2024-07-18 06:24:08', '2024-07-18 06:24:08', 0),
(1462, 4, 4, '1,6,8,41,20,22,47,31', '14.90', '49749.00', '2024-07-18 06:24:08', '2024-07-18 06:24:08', 0),
(1463, 4, 4, '1,6,8,41,20,23,47,29', '12.50', '48100.00', '2024-07-18 06:24:08', '2024-07-18 06:24:08', 0),
(1464, 4, 4, '1,6,8,41,20,23,47,31', '14.90', '48999.00', '2024-07-18 06:24:08', '2024-07-18 06:24:08', 0),
(1465, 4, 4, '1,6,8,46,19,22,47,29', '7.90', '47300.00', '2024-07-18 06:24:08', '2024-07-18 06:24:08', 0),
(1466, 4, 4, '1,6,8,46,19,22,47,31', '10.30', '48199.00', '2024-07-18 06:24:08', '2024-07-18 06:24:08', 0),
(1467, 4, 4, '1,6,8,46,19,23,47,29', '7.90', '46550.00', '2024-07-18 06:24:08', '2024-07-18 06:24:08', 0),
(1468, 4, 4, '1,6,8,46,19,23,47,31', '10.30', '47449.00', '2024-07-18 06:24:08', '2024-07-18 06:24:08', 0),
(1469, 4, 4, '1,6,8,46,20,22,47,29', '9.30', '47350.00', '2024-07-18 06:24:08', '2024-07-18 06:24:08', 0),
(1470, 4, 4, '1,6,8,46,20,22,47,31', '11.70', '48249.00', '2024-07-18 06:24:08', '2024-07-18 06:24:08', 0),
(1471, 4, 4, '1,6,8,46,20,23,47,29', '9.30', '46600.00', '2024-07-18 06:24:08', '2024-07-18 06:24:08', 0),
(1472, 4, 4, '1,6,8,46,20,23,47,31', '11.70', '47499.00', '2024-07-18 06:24:08', '2024-07-18 06:24:08', 0),
(1473, 4, 4, '1,6,9,41,19,22,47,29', '12.90', '49900.00', '2024-07-18 06:24:08', '2024-07-18 06:24:08', 0),
(1474, 4, 4, '1,6,9,41,19,22,47,31', '15.30', '50799.00', '2024-07-18 06:24:08', '2024-07-18 06:24:08', 0),
(1475, 4, 4, '1,6,9,41,19,23,47,29', '12.90', '49150.00', '2024-07-18 06:24:08', '2024-07-18 06:24:08', 0),
(1476, 4, 4, '1,6,9,41,19,23,47,31', '15.30', '50049.00', '2024-07-18 06:24:08', '2024-07-18 06:24:08', 0),
(1477, 4, 4, '1,6,9,41,20,22,47,29', '14.30', '49950.00', '2024-07-18 06:24:08', '2024-07-18 06:24:08', 0),
(1478, 4, 4, '1,6,9,41,20,22,47,31', '16.70', '50849.00', '2024-07-18 06:24:08', '2024-07-18 06:24:08', 0),
(1479, 4, 4, '1,6,9,41,20,23,47,29', '14.30', '49200.00', '2024-07-18 06:24:08', '2024-07-18 06:24:08', 0),
(1480, 4, 4, '1,6,9,41,20,23,47,31', '16.70', '50099.00', '2024-07-18 06:24:08', '2024-07-18 06:24:08', 0),
(1481, 4, 4, '1,6,9,46,19,22,47,29', '9.70', '48400.00', '2024-07-18 06:24:08', '2024-07-18 06:24:08', 0),
(1482, 4, 4, '1,6,9,46,19,22,47,31', '12.10', '49299.00', '2024-07-18 06:24:08', '2024-07-18 06:24:08', 0),
(1483, 4, 4, '1,6,9,46,19,23,47,29', '9.70', '47650.00', '2024-07-18 06:24:08', '2024-07-18 06:24:08', 0),
(1484, 4, 4, '1,6,9,46,19,23,47,31', '12.10', '48549.00', '2024-07-18 06:24:08', '2024-07-18 06:24:08', 0),
(1485, 4, 4, '1,6,9,46,20,22,47,29', '11.10', '48450.00', '2024-07-18 06:24:08', '2024-07-18 06:24:08', 0),
(1486, 4, 4, '1,6,9,46,20,22,47,31', '13.50', '49349.00', '2024-07-18 06:24:08', '2024-07-18 06:24:08', 0),
(1487, 4, 4, '1,6,9,46,20,23,47,29', '11.10', '47700.00', '2024-07-18 06:24:08', '2024-07-18 06:24:08', 0),
(1488, 4, 4, '1,6,9,46,20,23,47,31', '13.50', '48599.00', '2024-07-18 06:24:08', '2024-07-18 06:24:08', 0),
(1489, 4, 4, '2,5,8,41,19,22,47,29', '13.10', '41900.00', '2024-07-18 06:24:08', '2024-07-18 06:24:08', 0),
(1490, 4, 4, '2,5,8,41,19,22,47,31', '15.50', '42799.00', '2024-07-18 06:24:08', '2024-07-18 06:24:08', 0),
(1491, 4, 4, '2,5,8,41,19,23,47,29', '13.10', '41150.00', '2024-07-18 06:24:08', '2024-07-18 06:24:08', 0),
(1492, 4, 4, '2,5,8,41,19,23,47,31', '15.50', '42049.00', '2024-07-18 06:24:08', '2024-07-18 06:24:08', 0),
(1493, 4, 4, '2,5,8,41,20,22,47,29', '14.50', '41950.00', '2024-07-18 06:24:08', '2024-07-18 06:24:08', 0),
(1494, 4, 4, '2,5,8,41,20,22,47,31', '16.90', '42849.00', '2024-07-18 06:24:08', '2024-07-18 06:24:08', 0),
(1495, 4, 4, '2,5,8,41,20,23,47,29', '14.50', '41200.00', '2024-07-18 06:24:08', '2024-07-18 06:24:08', 0),
(1496, 4, 4, '2,5,8,41,20,23,47,31', '16.90', '42099.00', '2024-07-18 06:24:08', '2024-07-18 06:24:08', 0),
(1497, 4, 4, '2,5,8,46,19,22,47,29', '9.90', '40400.00', '2024-07-18 06:24:08', '2024-07-18 06:24:08', 0),
(1498, 4, 4, '2,5,8,46,19,22,47,31', '12.30', '41299.00', '2024-07-18 06:24:08', '2024-07-18 06:24:08', 0),
(1499, 4, 4, '2,5,8,46,19,23,47,29', '9.90', '39650.00', '2024-07-18 06:24:08', '2024-07-18 06:24:08', 0),
(1500, 4, 4, '2,5,8,46,19,23,47,31', '12.30', '40549.00', '2024-07-18 06:24:08', '2024-07-18 06:24:08', 0),
(1501, 4, 4, '2,5,8,46,20,22,47,29', '11.30', '40450.00', '2024-07-18 06:24:08', '2024-07-18 06:24:08', 0),
(1502, 4, 4, '2,5,8,46,20,22,47,31', '13.70', '41349.00', '2024-07-18 06:24:08', '2024-07-18 06:24:08', 0),
(1503, 4, 4, '2,5,8,46,20,23,47,29', '11.30', '39700.00', '2024-07-18 06:24:08', '2024-07-18 06:24:08', 0),
(1504, 4, 4, '2,5,8,46,20,23,47,31', '13.70', '40599.00', '2024-07-18 06:24:08', '2024-07-18 06:24:08', 0),
(1505, 4, 4, '2,5,9,41,19,22,47,29', '14.90', '43000.00', '2024-07-18 06:24:08', '2024-07-18 06:24:08', 0),
(1506, 4, 4, '2,5,9,41,19,22,47,31', '17.30', '43899.00', '2024-07-18 06:24:08', '2024-07-18 06:24:08', 0),
(1507, 4, 4, '2,5,9,41,19,23,47,29', '14.90', '42250.00', '2024-07-18 06:24:08', '2024-07-18 06:24:08', 0),
(1508, 4, 4, '2,5,9,41,19,23,47,31', '17.30', '43149.00', '2024-07-18 06:24:08', '2024-07-18 06:24:08', 0),
(1509, 4, 4, '2,5,9,41,20,22,47,29', '16.30', '43050.00', '2024-07-18 06:24:08', '2024-07-18 06:24:08', 0),
(1510, 4, 4, '2,5,9,41,20,22,47,31', '18.70', '43949.00', '2024-07-18 06:24:08', '2024-07-18 06:24:08', 0),
(1511, 4, 4, '2,5,9,41,20,23,47,29', '16.30', '42300.00', '2024-07-18 06:24:08', '2024-07-18 06:24:08', 0),
(1512, 4, 4, '2,5,9,41,20,23,47,31', '18.70', '43199.00', '2024-07-18 06:24:08', '2024-07-18 06:24:08', 0),
(1513, 4, 4, '2,5,9,46,19,22,47,29', '11.70', '41500.00', '2024-07-18 06:24:08', '2024-07-18 06:24:08', 0),
(1514, 4, 4, '2,5,9,46,19,22,47,31', '14.10', '42399.00', '2024-07-18 06:24:08', '2024-07-18 06:24:08', 0),
(1515, 4, 4, '2,5,9,46,19,23,47,29', '11.70', '40750.00', '2024-07-18 06:24:08', '2024-07-18 06:24:08', 0),
(1516, 4, 4, '2,5,9,46,19,23,47,31', '14.10', '41649.00', '2024-07-18 06:24:08', '2024-07-18 06:24:08', 0),
(1517, 4, 4, '2,5,9,46,20,22,47,29', '13.10', '41550.00', '2024-07-18 06:24:08', '2024-07-18 06:24:08', 0),
(1518, 4, 4, '2,5,9,46,20,22,47,31', '15.50', '42449.00', '2024-07-18 06:24:08', '2024-07-18 06:24:08', 0),
(1519, 4, 4, '2,5,9,46,20,23,47,29', '13.10', '40800.00', '2024-07-18 06:24:08', '2024-07-18 06:24:08', 0),
(1520, 4, 4, '2,5,9,46,20,23,47,31', '15.50', '41699.00', '2024-07-18 06:24:08', '2024-07-18 06:24:08', 0),
(1521, 4, 4, '2,6,8,41,19,22,47,29', '12.50', '52800.00', '2024-07-18 06:24:08', '2024-07-18 06:24:08', 0),
(1522, 4, 4, '2,6,8,41,19,22,47,31', '14.90', '53699.00', '2024-07-18 06:24:08', '2024-07-18 06:24:08', 0),
(1523, 4, 4, '2,6,8,41,19,23,47,29', '12.50', '52050.00', '2024-07-18 06:24:08', '2024-07-18 06:24:08', 0),
(1524, 4, 4, '2,6,8,41,19,23,47,31', '14.90', '52949.00', '2024-07-18 06:24:08', '2024-07-18 06:24:08', 0),
(1525, 4, 4, '2,6,8,41,20,22,47,29', '13.90', '52850.00', '2024-07-18 06:24:08', '2024-07-18 06:24:08', 0),
(1526, 4, 4, '2,6,8,41,20,22,47,31', '16.30', '53749.00', '2024-07-18 06:24:08', '2024-07-18 06:24:08', 0),
(1527, 4, 4, '2,6,8,41,20,23,47,29', '13.90', '52100.00', '2024-07-18 06:24:08', '2024-07-18 06:24:08', 0),
(1528, 4, 4, '2,6,8,41,20,23,47,31', '16.30', '52999.00', '2024-07-18 06:24:08', '2024-07-18 06:24:08', 0),
(1529, 4, 4, '2,6,8,46,19,22,47,29', '9.30', '51300.00', '2024-07-18 06:24:08', '2024-07-18 06:24:08', 0),
(1530, 4, 4, '2,6,8,46,19,22,47,31', '11.70', '52199.00', '2024-07-18 06:24:08', '2024-07-18 06:24:08', 0),
(1531, 4, 4, '2,6,8,46,19,23,47,29', '9.30', '50550.00', '2024-07-18 06:24:08', '2024-07-18 06:24:08', 0),
(1532, 4, 4, '2,6,8,46,19,23,47,31', '11.70', '51449.00', '2024-07-18 06:24:08', '2024-07-18 06:24:08', 0),
(1533, 4, 4, '2,6,8,46,20,22,47,29', '10.70', '51350.00', '2024-07-18 06:24:08', '2024-07-18 06:24:08', 0),
(1534, 4, 4, '2,6,8,46,20,22,47,31', '13.10', '52249.00', '2024-07-18 06:24:08', '2024-07-18 06:24:08', 0);
INSERT INTO `ecm_result_combinations` (`id`, `combinationId`, `auditId`, `assemblyIds`, `totalCombinationECP`, `totalCombinationCost`, `createdAt`, `updatedAt`, `isDeleted`) VALUES
(1535, 4, 4, '2,6,8,46,20,23,47,29', '10.70', '50600.00', '2024-07-18 06:24:08', '2024-07-18 06:24:08', 0),
(1536, 4, 4, '2,6,8,46,20,23,47,31', '13.10', '51499.00', '2024-07-18 06:24:08', '2024-07-18 06:24:08', 0),
(1537, 4, 4, '2,6,9,41,19,22,47,29', '14.30', '53900.00', '2024-07-18 06:24:08', '2024-07-18 06:24:08', 0),
(1538, 4, 4, '2,6,9,41,19,22,47,31', '16.70', '54799.00', '2024-07-18 06:24:08', '2024-07-18 06:24:08', 0),
(1539, 4, 4, '2,6,9,41,19,23,47,29', '14.30', '53150.00', '2024-07-18 06:24:08', '2024-07-18 06:24:08', 0),
(1540, 4, 4, '2,6,9,41,19,23,47,31', '16.70', '54049.00', '2024-07-18 06:24:08', '2024-07-18 06:24:08', 0),
(1541, 4, 4, '2,6,9,41,20,22,47,29', '15.70', '53950.00', '2024-07-18 06:24:08', '2024-07-18 06:24:08', 0),
(1542, 4, 4, '2,6,9,41,20,22,47,31', '18.10', '54849.00', '2024-07-18 06:24:08', '2024-07-18 06:24:08', 0),
(1543, 4, 4, '2,6,9,41,20,23,47,29', '15.70', '53200.00', '2024-07-18 06:24:08', '2024-07-18 06:24:08', 0),
(1544, 4, 4, '2,6,9,41,20,23,47,31', '18.10', '54099.00', '2024-07-18 06:24:08', '2024-07-18 06:24:08', 0),
(1545, 4, 4, '2,6,9,46,19,22,47,29', '11.10', '52400.00', '2024-07-18 06:24:08', '2024-07-18 06:24:08', 0),
(1546, 4, 4, '2,6,9,46,19,22,47,31', '13.50', '53299.00', '2024-07-18 06:24:08', '2024-07-18 06:24:08', 0),
(1547, 4, 4, '2,6,9,46,19,23,47,29', '11.10', '51650.00', '2024-07-18 06:24:08', '2024-07-18 06:24:08', 0),
(1548, 4, 4, '2,6,9,46,19,23,47,31', '13.50', '52549.00', '2024-07-18 06:24:08', '2024-07-18 06:24:08', 0),
(1549, 4, 4, '2,6,9,46,20,22,47,29', '12.50', '52450.00', '2024-07-18 06:24:08', '2024-07-18 06:24:08', 0),
(1550, 4, 4, '2,6,9,46,20,22,47,31', '14.90', '53349.00', '2024-07-18 06:24:08', '2024-07-18 06:24:08', 0),
(1551, 4, 4, '2,6,9,46,20,23,47,29', '12.50', '51700.00', '2024-07-18 06:24:08', '2024-07-18 06:24:08', 0),
(1552, 4, 4, '2,6,9,46,20,23,47,31', '14.90', '52599.00', '2024-07-18 06:24:08', '2024-07-18 06:24:08', 0),
(1553, 4, 4, '3,5,8,41,19,22,47,29', '17.10', '47600.00', '2024-07-18 06:24:08', '2024-07-18 06:24:08', 0),
(1554, 4, 4, '3,5,8,41,19,22,47,31', '19.50', '48499.00', '2024-07-18 06:24:08', '2024-07-18 06:24:08', 0),
(1555, 4, 4, '3,5,8,41,19,23,47,29', '17.10', '46850.00', '2024-07-18 06:24:08', '2024-07-18 06:24:08', 0),
(1556, 4, 4, '3,5,8,41,19,23,47,31', '19.50', '47749.00', '2024-07-18 06:24:08', '2024-07-18 06:24:08', 0),
(1557, 4, 4, '3,5,8,41,20,22,47,29', '18.50', '47650.00', '2024-07-18 06:24:08', '2024-07-18 06:24:08', 0),
(1558, 4, 4, '3,5,8,41,20,22,47,31', '20.90', '48549.00', '2024-07-18 06:24:08', '2024-07-18 06:24:08', 0),
(1559, 4, 4, '3,5,8,41,20,23,47,29', '18.50', '46900.00', '2024-07-18 06:24:08', '2024-07-18 06:24:08', 0),
(1560, 4, 4, '3,5,8,41,20,23,47,31', '20.90', '47799.00', '2024-07-18 06:24:08', '2024-07-18 06:24:08', 0),
(1561, 4, 4, '3,5,8,46,19,22,47,29', '13.90', '46100.00', '2024-07-18 06:24:08', '2024-07-18 06:24:08', 0),
(1562, 4, 4, '3,5,8,46,19,22,47,31', '16.30', '46999.00', '2024-07-18 06:24:08', '2024-07-18 06:24:08', 0),
(1563, 4, 4, '3,5,8,46,19,23,47,29', '13.90', '45350.00', '2024-07-18 06:24:08', '2024-07-18 06:24:08', 0),
(1564, 4, 4, '3,5,8,46,19,23,47,31', '16.30', '46249.00', '2024-07-18 06:24:08', '2024-07-18 06:24:08', 0),
(1565, 4, 4, '3,5,8,46,20,22,47,29', '15.30', '46150.00', '2024-07-18 06:24:08', '2024-07-18 06:24:08', 0),
(1566, 4, 4, '3,5,8,46,20,22,47,31', '17.70', '47049.00', '2024-07-18 06:24:08', '2024-07-18 06:24:08', 0),
(1567, 4, 4, '3,5,8,46,20,23,47,29', '15.30', '45400.00', '2024-07-18 06:24:08', '2024-07-18 06:24:08', 0),
(1568, 4, 4, '3,5,8,46,20,23,47,31', '17.70', '46299.00', '2024-07-18 06:24:08', '2024-07-18 06:24:08', 0),
(1569, 4, 4, '3,5,9,41,19,22,47,29', '18.90', '48700.00', '2024-07-18 06:24:08', '2024-07-18 06:24:08', 0),
(1570, 4, 4, '3,5,9,41,19,22,47,31', '21.30', '49599.00', '2024-07-18 06:24:08', '2024-07-18 06:24:08', 0),
(1571, 4, 4, '3,5,9,41,19,23,47,29', '18.90', '47950.00', '2024-07-18 06:24:08', '2024-07-18 06:24:08', 0),
(1572, 4, 4, '3,5,9,41,19,23,47,31', '21.30', '48849.00', '2024-07-18 06:24:08', '2024-07-18 06:24:08', 0),
(1573, 4, 4, '3,5,9,41,20,22,47,29', '20.30', '48750.00', '2024-07-18 06:24:08', '2024-07-18 06:24:08', 0),
(1574, 4, 4, '3,5,9,41,20,22,47,31', '22.70', '49649.00', '2024-07-18 06:24:08', '2024-07-18 06:24:08', 0),
(1575, 4, 4, '3,5,9,41,20,23,47,29', '20.30', '48000.00', '2024-07-18 06:24:08', '2024-07-18 06:24:08', 0),
(1576, 4, 4, '3,5,9,41,20,23,47,31', '22.70', '48899.00', '2024-07-18 06:24:08', '2024-07-18 06:24:08', 0),
(1577, 4, 4, '3,5,9,46,19,22,47,29', '15.70', '47200.00', '2024-07-18 06:24:08', '2024-07-18 06:24:08', 0),
(1578, 4, 4, '3,5,9,46,19,22,47,31', '18.10', '48099.00', '2024-07-18 06:24:08', '2024-07-18 06:24:08', 0),
(1579, 4, 4, '3,5,9,46,19,23,47,29', '15.70', '46450.00', '2024-07-18 06:24:08', '2024-07-18 06:24:08', 0),
(1580, 4, 4, '3,5,9,46,19,23,47,31', '18.10', '47349.00', '2024-07-18 06:24:08', '2024-07-18 06:24:08', 0),
(1581, 4, 4, '3,5,9,46,20,22,47,29', '17.10', '47250.00', '2024-07-18 06:24:08', '2024-07-18 06:24:08', 0),
(1582, 4, 4, '3,5,9,46,20,22,47,31', '19.50', '48149.00', '2024-07-18 06:24:08', '2024-07-18 06:24:08', 0),
(1583, 4, 4, '3,5,9,46,20,23,47,29', '17.10', '46500.00', '2024-07-18 06:24:08', '2024-07-18 06:24:08', 0),
(1584, 4, 4, '3,5,9,46,20,23,47,31', '19.50', '47399.00', '2024-07-18 06:24:08', '2024-07-18 06:24:08', 0),
(1585, 4, 4, '3,6,8,41,19,22,47,29', '16.50', '58500.00', '2024-07-18 06:24:08', '2024-07-18 06:24:08', 0),
(1586, 4, 4, '3,6,8,41,19,22,47,31', '18.90', '59399.00', '2024-07-18 06:24:08', '2024-07-18 06:24:08', 0),
(1587, 4, 4, '3,6,8,41,19,23,47,29', '16.50', '57750.00', '2024-07-18 06:24:08', '2024-07-18 06:24:08', 0),
(1588, 4, 4, '3,6,8,41,19,23,47,31', '18.90', '58649.00', '2024-07-18 06:24:08', '2024-07-18 06:24:08', 0),
(1589, 4, 4, '3,6,8,41,20,22,47,29', '17.90', '58550.00', '2024-07-18 06:24:08', '2024-07-18 06:24:08', 0),
(1590, 4, 4, '3,6,8,41,20,22,47,31', '20.30', '59449.00', '2024-07-18 06:24:08', '2024-07-18 06:24:08', 0),
(1591, 4, 4, '3,6,8,41,20,23,47,29', '17.90', '57800.00', '2024-07-18 06:24:08', '2024-07-18 06:24:08', 0),
(1592, 4, 4, '3,6,8,41,20,23,47,31', '20.30', '58699.00', '2024-07-18 06:24:08', '2024-07-18 06:24:08', 0),
(1593, 4, 4, '3,6,8,46,19,22,47,29', '13.30', '57000.00', '2024-07-18 06:24:08', '2024-07-18 06:24:08', 0),
(1594, 4, 4, '3,6,8,46,19,22,47,31', '15.70', '57899.00', '2024-07-18 06:24:08', '2024-07-18 06:24:08', 0),
(1595, 4, 4, '3,6,8,46,19,23,47,29', '13.30', '56250.00', '2024-07-18 06:24:08', '2024-07-18 06:24:08', 0),
(1596, 4, 4, '3,6,8,46,19,23,47,31', '15.70', '57149.00', '2024-07-18 06:24:08', '2024-07-18 06:24:08', 0),
(1597, 4, 4, '3,6,8,46,20,22,47,29', '14.70', '57050.00', '2024-07-18 06:24:08', '2024-07-18 06:24:08', 0),
(1598, 4, 4, '3,6,8,46,20,22,47,31', '17.10', '57949.00', '2024-07-18 06:24:08', '2024-07-18 06:24:08', 0),
(1599, 4, 4, '3,6,8,46,20,23,47,29', '14.70', '56300.00', '2024-07-18 06:24:08', '2024-07-18 06:24:08', 0),
(1600, 4, 4, '3,6,8,46,20,23,47,31', '17.10', '57199.00', '2024-07-18 06:24:08', '2024-07-18 06:24:08', 0),
(1601, 4, 4, '3,6,9,41,19,22,47,29', '18.30', '59600.00', '2024-07-18 06:24:08', '2024-07-18 06:24:08', 0),
(1602, 4, 4, '3,6,9,41,19,22,47,31', '20.70', '60499.00', '2024-07-18 06:24:08', '2024-07-18 06:24:08', 0),
(1603, 4, 4, '3,6,9,41,19,23,47,29', '18.30', '58850.00', '2024-07-18 06:24:08', '2024-07-18 06:24:08', 0),
(1604, 4, 4, '3,6,9,41,19,23,47,31', '20.70', '59749.00', '2024-07-18 06:24:08', '2024-07-18 06:24:08', 0),
(1605, 4, 4, '3,6,9,41,20,22,47,29', '19.70', '59650.00', '2024-07-18 06:24:08', '2024-07-18 06:24:08', 0),
(1606, 4, 4, '3,6,9,41,20,22,47,31', '22.10', '60549.00', '2024-07-18 06:24:08', '2024-07-18 06:24:08', 0),
(1607, 4, 4, '3,6,9,41,20,23,47,29', '19.70', '58900.00', '2024-07-18 06:24:08', '2024-07-18 06:24:08', 0),
(1608, 4, 4, '3,6,9,41,20,23,47,31', '22.10', '59799.00', '2024-07-18 06:24:08', '2024-07-18 06:24:08', 0),
(1609, 4, 4, '3,6,9,46,19,22,47,29', '15.10', '58100.00', '2024-07-18 06:24:08', '2024-07-18 06:24:08', 0),
(1610, 4, 4, '3,6,9,46,19,22,47,31', '17.50', '58999.00', '2024-07-18 06:24:08', '2024-07-18 06:24:08', 0),
(1611, 4, 4, '3,6,9,46,19,23,47,29', '15.10', '57350.00', '2024-07-18 06:24:08', '2024-07-18 06:24:08', 0),
(1612, 4, 4, '3,6,9,46,19,23,47,31', '17.50', '58249.00', '2024-07-18 06:24:08', '2024-07-18 06:24:08', 0),
(1613, 4, 4, '3,6,9,46,20,22,47,29', '16.50', '58150.00', '2024-07-18 06:24:08', '2024-07-18 06:24:08', 0),
(1614, 4, 4, '3,6,9,46,20,22,47,31', '18.90', '59049.00', '2024-07-18 06:24:08', '2024-07-18 06:24:08', 0),
(1615, 4, 4, '3,6,9,46,20,23,47,29', '16.50', '57400.00', '2024-07-18 06:24:08', '2024-07-18 06:24:08', 0),
(1616, 4, 4, '3,6,9,46,20,23,47,31', '18.90', '58299.00', '2024-07-18 06:24:08', '2024-07-18 06:24:08', 0),
(1617, 4, 4, '4,5,8,41,19,22,47,29', '20.40', '49650.00', '2024-07-18 06:24:08', '2024-07-18 06:24:08', 0),
(1618, 4, 4, '4,5,8,41,19,22,47,31', '22.80', '50549.00', '2024-07-18 06:24:08', '2024-07-18 06:24:08', 0),
(1619, 4, 4, '4,5,8,41,19,23,47,29', '20.40', '48900.00', '2024-07-18 06:24:08', '2024-07-18 06:24:08', 0),
(1620, 4, 4, '4,5,8,41,19,23,47,31', '22.80', '49799.00', '2024-07-18 06:24:08', '2024-07-18 06:24:08', 0),
(1621, 4, 4, '4,5,8,41,20,22,47,29', '21.80', '49700.00', '2024-07-18 06:24:08', '2024-07-18 06:24:08', 0),
(1622, 4, 4, '4,5,8,41,20,22,47,31', '24.20', '50599.00', '2024-07-18 06:24:08', '2024-07-18 06:24:08', 0),
(1623, 4, 4, '4,5,8,41,20,23,47,29', '21.80', '48950.00', '2024-07-18 06:24:08', '2024-07-18 06:24:08', 0),
(1624, 4, 4, '4,5,8,41,20,23,47,31', '24.20', '49849.00', '2024-07-18 06:24:08', '2024-07-18 06:24:08', 0),
(1625, 4, 4, '4,5,8,46,19,22,47,29', '17.20', '48150.00', '2024-07-18 06:24:08', '2024-07-18 06:24:08', 0),
(1626, 4, 4, '4,5,8,46,19,22,47,31', '19.60', '49049.00', '2024-07-18 06:24:08', '2024-07-18 06:24:08', 0),
(1627, 4, 4, '4,5,8,46,19,23,47,29', '17.20', '47400.00', '2024-07-18 06:24:08', '2024-07-18 06:24:08', 0),
(1628, 4, 4, '4,5,8,46,19,23,47,31', '19.60', '48299.00', '2024-07-18 06:24:08', '2024-07-18 06:24:08', 0),
(1629, 4, 4, '4,5,8,46,20,22,47,29', '18.60', '48200.00', '2024-07-18 06:24:08', '2024-07-18 06:24:08', 0),
(1630, 4, 4, '4,5,8,46,20,22,47,31', '21.00', '49099.00', '2024-07-18 06:24:08', '2024-07-18 06:24:08', 0),
(1631, 4, 4, '4,5,8,46,20,23,47,29', '18.60', '47450.00', '2024-07-18 06:24:08', '2024-07-18 06:24:08', 0),
(1632, 4, 4, '4,5,8,46,20,23,47,31', '21.00', '48349.00', '2024-07-18 06:24:08', '2024-07-18 06:24:08', 0),
(1633, 4, 4, '4,5,9,41,19,22,47,29', '22.20', '50750.00', '2024-07-18 06:24:08', '2024-07-18 06:24:08', 0),
(1634, 4, 4, '4,5,9,41,19,22,47,31', '24.60', '51649.00', '2024-07-18 06:24:08', '2024-07-18 06:24:08', 0),
(1635, 4, 4, '4,5,9,41,19,23,47,29', '22.20', '50000.00', '2024-07-18 06:24:08', '2024-07-18 06:24:08', 0),
(1636, 4, 4, '4,5,9,41,19,23,47,31', '24.60', '50899.00', '2024-07-18 06:24:08', '2024-07-18 06:24:08', 0),
(1637, 4, 4, '4,5,9,41,20,22,47,29', '23.60', '50800.00', '2024-07-18 06:24:08', '2024-07-18 06:24:08', 0),
(1638, 4, 4, '4,5,9,41,20,22,47,31', '26.00', '51699.00', '2024-07-18 06:24:08', '2024-07-18 06:24:08', 0),
(1639, 4, 4, '4,5,9,41,20,23,47,29', '23.60', '50050.00', '2024-07-18 06:24:08', '2024-07-18 06:24:08', 0),
(1640, 4, 4, '4,5,9,41,20,23,47,31', '26.00', '50949.00', '2024-07-18 06:24:08', '2024-07-18 06:24:08', 0),
(1641, 4, 4, '4,5,9,46,19,22,47,29', '19.00', '49250.00', '2024-07-18 06:24:08', '2024-07-18 06:24:08', 0),
(1642, 4, 4, '4,5,9,46,19,22,47,31', '21.40', '50149.00', '2024-07-18 06:24:08', '2024-07-18 06:24:08', 0),
(1643, 4, 4, '4,5,9,46,19,23,47,29', '19.00', '48500.00', '2024-07-18 06:24:08', '2024-07-18 06:24:08', 0),
(1644, 4, 4, '4,5,9,46,19,23,47,31', '21.40', '49399.00', '2024-07-18 06:24:08', '2024-07-18 06:24:08', 0),
(1645, 4, 4, '4,5,9,46,20,22,47,29', '20.40', '49300.00', '2024-07-18 06:24:08', '2024-07-18 06:24:08', 0),
(1646, 4, 4, '4,5,9,46,20,22,47,31', '22.80', '50199.00', '2024-07-18 06:24:08', '2024-07-18 06:24:08', 0),
(1647, 4, 4, '4,5,9,46,20,23,47,29', '20.40', '48550.00', '2024-07-18 06:24:08', '2024-07-18 06:24:08', 0),
(1648, 4, 4, '4,5,9,46,20,23,47,31', '22.80', '49449.00', '2024-07-18 06:24:08', '2024-07-18 06:24:08', 0),
(1649, 4, 4, '4,6,8,41,19,22,47,29', '19.80', '60550.00', '2024-07-18 06:24:08', '2024-07-18 06:24:08', 0),
(1650, 4, 4, '4,6,8,41,19,22,47,31', '22.20', '61449.00', '2024-07-18 06:24:08', '2024-07-18 06:24:08', 0),
(1651, 4, 4, '4,6,8,41,19,23,47,29', '19.80', '59800.00', '2024-07-18 06:24:08', '2024-07-18 06:24:08', 0),
(1652, 4, 4, '4,6,8,41,19,23,47,31', '22.20', '60699.00', '2024-07-18 06:24:08', '2024-07-18 06:24:08', 0),
(1653, 4, 4, '4,6,8,41,20,22,47,29', '21.20', '60600.00', '2024-07-18 06:24:08', '2024-07-18 06:24:08', 0),
(1654, 4, 4, '4,6,8,41,20,22,47,31', '23.60', '61499.00', '2024-07-18 06:24:08', '2024-07-18 06:24:08', 0),
(1655, 4, 4, '4,6,8,41,20,23,47,29', '21.20', '59850.00', '2024-07-18 06:24:08', '2024-07-18 06:24:08', 0),
(1656, 4, 4, '4,6,8,41,20,23,47,31', '23.60', '60749.00', '2024-07-18 06:24:08', '2024-07-18 06:24:08', 0),
(1657, 4, 4, '4,6,8,46,19,22,47,29', '16.60', '59050.00', '2024-07-18 06:24:08', '2024-07-18 06:24:08', 0),
(1658, 4, 4, '4,6,8,46,19,22,47,31', '19.00', '59949.00', '2024-07-18 06:24:08', '2024-07-18 06:24:08', 0),
(1659, 4, 4, '4,6,8,46,19,23,47,29', '16.60', '58300.00', '2024-07-18 06:24:08', '2024-07-18 06:24:08', 0),
(1660, 4, 4, '4,6,8,46,19,23,47,31', '19.00', '59199.00', '2024-07-18 06:24:08', '2024-07-18 06:24:08', 0),
(1661, 4, 4, '4,6,8,46,20,22,47,29', '18.00', '59100.00', '2024-07-18 06:24:08', '2024-07-18 06:24:08', 0),
(1662, 4, 4, '4,6,8,46,20,22,47,31', '20.40', '59999.00', '2024-07-18 06:24:08', '2024-07-18 06:24:08', 0),
(1663, 4, 4, '4,6,8,46,20,23,47,29', '18.00', '58350.00', '2024-07-18 06:24:08', '2024-07-18 06:24:08', 0),
(1664, 4, 4, '4,6,8,46,20,23,47,31', '20.40', '59249.00', '2024-07-18 06:24:08', '2024-07-18 06:24:08', 0),
(1665, 4, 4, '4,6,9,41,19,22,47,29', '21.60', '61650.00', '2024-07-18 06:24:08', '2024-07-18 06:24:08', 0),
(1666, 4, 4, '4,6,9,41,19,22,47,31', '24.00', '62549.00', '2024-07-18 06:24:08', '2024-07-18 06:24:08', 0),
(1667, 4, 4, '4,6,9,41,19,23,47,29', '21.60', '60900.00', '2024-07-18 06:24:08', '2024-07-18 06:24:08', 0),
(1668, 4, 4, '4,6,9,41,19,23,47,31', '24.00', '61799.00', '2024-07-18 06:24:08', '2024-07-18 06:24:08', 0),
(1669, 4, 4, '4,6,9,41,20,22,47,29', '23.00', '61700.00', '2024-07-18 06:24:08', '2024-07-18 06:24:08', 0),
(1670, 4, 4, '4,6,9,41,20,22,47,31', '25.40', '62599.00', '2024-07-18 06:24:08', '2024-07-18 06:24:08', 0),
(1671, 4, 4, '4,6,9,41,20,23,47,29', '23.00', '60950.00', '2024-07-18 06:24:08', '2024-07-18 06:24:08', 0),
(1672, 4, 4, '4,6,9,41,20,23,47,31', '25.40', '61849.00', '2024-07-18 06:24:08', '2024-07-18 06:24:08', 0),
(1673, 4, 4, '4,6,9,46,19,22,47,29', '18.40', '60150.00', '2024-07-18 06:24:08', '2024-07-18 06:24:08', 0),
(1674, 4, 4, '4,6,9,46,19,22,47,31', '20.80', '61049.00', '2024-07-18 06:24:08', '2024-07-18 06:24:08', 0),
(1675, 4, 4, '4,6,9,46,19,23,47,29', '18.40', '59400.00', '2024-07-18 06:24:08', '2024-07-18 06:24:08', 0),
(1676, 4, 4, '4,6,9,46,19,23,47,31', '20.80', '60299.00', '2024-07-18 06:24:08', '2024-07-18 06:24:08', 0),
(1677, 4, 4, '4,6,9,46,20,22,47,29', '19.80', '60200.00', '2024-07-18 06:24:08', '2024-07-18 06:24:08', 0),
(1678, 4, 4, '4,6,9,46,20,22,47,31', '22.20', '61099.00', '2024-07-18 06:24:08', '2024-07-18 06:24:08', 0),
(1679, 4, 4, '4,6,9,46,20,23,47,29', '19.80', '59450.00', '2024-07-18 06:24:08', '2024-07-18 06:24:08', 0),
(1680, 4, 4, '4,6,9,46,20,23,47,31', '22.20', '60349.00', '2024-07-18 06:24:08', '2024-07-18 06:24:08', 0),
(1681, 5, 5, '1,5,8,41,19,22,27,29', '11.70', '39074.00', '2024-07-18 06:29:51', '2024-07-18 06:29:51', 0),
(1682, 5, 5, '1,5,8,41,19,22,27,31', '14.10', '39973.00', '2024-07-18 06:29:51', '2024-07-18 06:29:51', 0),
(1683, 5, 5, '1,5,8,41,19,23,27,29', '11.70', '38324.00', '2024-07-18 06:29:51', '2024-07-18 06:29:51', 0),
(1684, 5, 5, '1,5,8,41,19,23,27,31', '14.10', '39223.00', '2024-07-18 06:29:51', '2024-07-18 06:29:51', 0),
(1685, 5, 5, '1,5,8,46,19,22,27,29', '8.50', '37574.00', '2024-07-18 06:29:51', '2024-07-18 06:29:51', 0),
(1686, 5, 5, '1,5,8,46,19,22,27,31', '10.90', '38473.00', '2024-07-18 06:29:51', '2024-07-18 06:29:51', 0),
(1687, 5, 5, '1,5,8,46,19,23,27,29', '8.50', '36824.00', '2024-07-18 06:29:51', '2024-07-18 06:29:51', 0),
(1688, 5, 5, '1,5,8,46,19,23,27,31', '10.90', '37723.00', '2024-07-18 06:29:51', '2024-07-18 06:29:51', 0),
(1689, 5, 5, '1,5,9,41,19,22,27,29', '13.50', '40174.00', '2024-07-18 06:29:51', '2024-07-18 06:29:51', 0),
(1690, 5, 5, '1,5,9,41,19,22,27,31', '15.90', '41073.00', '2024-07-18 06:29:51', '2024-07-18 06:29:51', 0),
(1691, 5, 5, '1,5,9,41,19,23,27,29', '13.50', '39424.00', '2024-07-18 06:29:51', '2024-07-18 06:29:51', 0),
(1692, 5, 5, '1,5,9,41,19,23,27,31', '15.90', '40323.00', '2024-07-18 06:29:51', '2024-07-18 06:29:51', 0),
(1693, 5, 5, '1,5,9,46,19,22,27,29', '10.30', '38674.00', '2024-07-18 06:29:51', '2024-07-18 06:29:51', 0),
(1694, 5, 5, '1,5,9,46,19,22,27,31', '12.70', '39573.00', '2024-07-18 06:29:51', '2024-07-18 06:29:51', 0),
(1695, 5, 5, '1,5,9,46,19,23,27,29', '10.30', '37924.00', '2024-07-18 06:29:51', '2024-07-18 06:29:51', 0),
(1696, 5, 5, '1,5,9,46,19,23,27,31', '12.70', '38823.00', '2024-07-18 06:29:51', '2024-07-18 06:29:51', 0),
(1697, 5, 5, '1,6,8,41,19,22,27,29', '11.10', '49974.00', '2024-07-18 06:29:51', '2024-07-18 06:29:51', 0),
(1698, 5, 5, '1,6,8,41,19,22,27,31', '13.50', '50873.00', '2024-07-18 06:29:51', '2024-07-18 06:29:51', 0),
(1699, 5, 5, '1,6,8,41,19,23,27,29', '11.10', '49224.00', '2024-07-18 06:29:51', '2024-07-18 06:29:51', 0),
(1700, 5, 5, '1,6,8,41,19,23,27,31', '13.50', '50123.00', '2024-07-18 06:29:51', '2024-07-18 06:29:51', 0),
(1701, 5, 5, '1,6,8,46,19,22,27,29', '7.90', '48474.00', '2024-07-18 06:29:51', '2024-07-18 06:29:51', 0),
(1702, 5, 5, '1,6,8,46,19,22,27,31', '10.30', '49373.00', '2024-07-18 06:29:51', '2024-07-18 06:29:51', 0),
(1703, 5, 5, '1,6,8,46,19,23,27,29', '7.90', '47724.00', '2024-07-18 06:29:51', '2024-07-18 06:29:51', 0),
(1704, 5, 5, '1,6,8,46,19,23,27,31', '10.30', '48623.00', '2024-07-18 06:29:51', '2024-07-18 06:29:51', 0),
(1705, 5, 5, '1,6,9,41,19,22,27,29', '12.90', '51074.00', '2024-07-18 06:29:51', '2024-07-18 06:29:51', 0),
(1706, 5, 5, '1,6,9,41,19,22,27,31', '15.30', '51973.00', '2024-07-18 06:29:51', '2024-07-18 06:29:51', 0),
(1707, 5, 5, '1,6,9,41,19,23,27,29', '12.90', '50324.00', '2024-07-18 06:29:51', '2024-07-18 06:29:51', 0),
(1708, 5, 5, '1,6,9,41,19,23,27,31', '15.30', '51223.00', '2024-07-18 06:29:51', '2024-07-18 06:29:51', 0),
(1709, 5, 5, '1,6,9,46,19,22,27,29', '9.70', '49574.00', '2024-07-18 06:29:51', '2024-07-18 06:29:51', 0),
(1710, 5, 5, '1,6,9,46,19,22,27,31', '12.10', '50473.00', '2024-07-18 06:29:51', '2024-07-18 06:29:51', 0),
(1711, 5, 5, '1,6,9,46,19,23,27,29', '9.70', '48824.00', '2024-07-18 06:29:51', '2024-07-18 06:29:51', 0),
(1712, 5, 5, '1,6,9,46,19,23,27,31', '12.10', '49723.00', '2024-07-18 06:29:51', '2024-07-18 06:29:51', 0),
(1713, 5, 5, '2,5,8,41,19,22,27,29', '13.10', '43074.00', '2024-07-18 06:29:51', '2024-07-18 06:29:51', 0),
(1714, 5, 5, '2,5,8,41,19,22,27,31', '15.50', '43973.00', '2024-07-18 06:29:51', '2024-07-18 06:29:51', 0),
(1715, 5, 5, '2,5,8,41,19,23,27,29', '13.10', '42324.00', '2024-07-18 06:29:51', '2024-07-18 06:29:51', 0),
(1716, 5, 5, '2,5,8,41,19,23,27,31', '15.50', '43223.00', '2024-07-18 06:29:51', '2024-07-18 06:29:51', 0),
(1717, 5, 5, '2,5,8,46,19,22,27,29', '9.90', '41574.00', '2024-07-18 06:29:51', '2024-07-18 06:29:51', 0),
(1718, 5, 5, '2,5,8,46,19,22,27,31', '12.30', '42473.00', '2024-07-18 06:29:51', '2024-07-18 06:29:51', 0),
(1719, 5, 5, '2,5,8,46,19,23,27,29', '9.90', '40824.00', '2024-07-18 06:29:51', '2024-07-18 06:29:51', 0),
(1720, 5, 5, '2,5,8,46,19,23,27,31', '12.30', '41723.00', '2024-07-18 06:29:51', '2024-07-18 06:29:51', 0),
(1721, 5, 5, '2,5,9,41,19,22,27,29', '14.90', '44174.00', '2024-07-18 06:29:51', '2024-07-18 06:29:51', 0),
(1722, 5, 5, '2,5,9,41,19,22,27,31', '17.30', '45073.00', '2024-07-18 06:29:51', '2024-07-18 06:29:51', 0),
(1723, 5, 5, '2,5,9,41,19,23,27,29', '14.90', '43424.00', '2024-07-18 06:29:51', '2024-07-18 06:29:51', 0),
(1724, 5, 5, '2,5,9,41,19,23,27,31', '17.30', '44323.00', '2024-07-18 06:29:51', '2024-07-18 06:29:51', 0),
(1725, 5, 5, '2,5,9,46,19,22,27,29', '11.70', '42674.00', '2024-07-18 06:29:51', '2024-07-18 06:29:51', 0),
(1726, 5, 5, '2,5,9,46,19,22,27,31', '14.10', '43573.00', '2024-07-18 06:29:51', '2024-07-18 06:29:51', 0),
(1727, 5, 5, '2,5,9,46,19,23,27,29', '11.70', '41924.00', '2024-07-18 06:29:51', '2024-07-18 06:29:51', 0),
(1728, 5, 5, '2,5,9,46,19,23,27,31', '14.10', '42823.00', '2024-07-18 06:29:51', '2024-07-18 06:29:51', 0),
(1729, 5, 5, '2,6,8,41,19,22,27,29', '12.50', '53974.00', '2024-07-18 06:29:51', '2024-07-18 06:29:51', 0),
(1730, 5, 5, '2,6,8,41,19,22,27,31', '14.90', '54873.00', '2024-07-18 06:29:51', '2024-07-18 06:29:51', 0),
(1731, 5, 5, '2,6,8,41,19,23,27,29', '12.50', '53224.00', '2024-07-18 06:29:51', '2024-07-18 06:29:51', 0),
(1732, 5, 5, '2,6,8,41,19,23,27,31', '14.90', '54123.00', '2024-07-18 06:29:51', '2024-07-18 06:29:51', 0),
(1733, 5, 5, '2,6,8,46,19,22,27,29', '9.30', '52474.00', '2024-07-18 06:29:51', '2024-07-18 06:29:51', 0),
(1734, 5, 5, '2,6,8,46,19,22,27,31', '11.70', '53373.00', '2024-07-18 06:29:51', '2024-07-18 06:29:51', 0),
(1735, 5, 5, '2,6,8,46,19,23,27,29', '9.30', '51724.00', '2024-07-18 06:29:51', '2024-07-18 06:29:51', 0),
(1736, 5, 5, '2,6,8,46,19,23,27,31', '11.70', '52623.00', '2024-07-18 06:29:51', '2024-07-18 06:29:51', 0),
(1737, 5, 5, '2,6,9,41,19,22,27,29', '14.30', '55074.00', '2024-07-18 06:29:51', '2024-07-18 06:29:51', 0),
(1738, 5, 5, '2,6,9,41,19,22,27,31', '16.70', '55973.00', '2024-07-18 06:29:51', '2024-07-18 06:29:51', 0),
(1739, 5, 5, '2,6,9,41,19,23,27,29', '14.30', '54324.00', '2024-07-18 06:29:51', '2024-07-18 06:29:51', 0),
(1740, 5, 5, '2,6,9,41,19,23,27,31', '16.70', '55223.00', '2024-07-18 06:29:51', '2024-07-18 06:29:51', 0),
(1741, 5, 5, '2,6,9,46,19,22,27,29', '11.10', '53574.00', '2024-07-18 06:29:51', '2024-07-18 06:29:51', 0),
(1742, 5, 5, '2,6,9,46,19,22,27,31', '13.50', '54473.00', '2024-07-18 06:29:51', '2024-07-18 06:29:51', 0),
(1743, 5, 5, '2,6,9,46,19,23,27,29', '11.10', '52824.00', '2024-07-18 06:29:51', '2024-07-18 06:29:51', 0),
(1744, 5, 5, '2,6,9,46,19,23,27,31', '13.50', '53723.00', '2024-07-18 06:29:51', '2024-07-18 06:29:51', 0),
(1745, 5, 5, '3,5,8,41,19,22,27,29', '17.10', '48774.00', '2024-07-18 06:29:51', '2024-07-18 06:29:51', 0),
(1746, 5, 5, '3,5,8,41,19,22,27,31', '19.50', '49673.00', '2024-07-18 06:29:51', '2024-07-18 06:29:51', 0),
(1747, 5, 5, '3,5,8,41,19,23,27,29', '17.10', '48024.00', '2024-07-18 06:29:51', '2024-07-18 06:29:51', 0),
(1748, 5, 5, '3,5,8,41,19,23,27,31', '19.50', '48923.00', '2024-07-18 06:29:51', '2024-07-18 06:29:51', 0),
(1749, 5, 5, '3,5,8,46,19,22,27,29', '13.90', '47274.00', '2024-07-18 06:29:51', '2024-07-18 06:29:51', 0),
(1750, 5, 5, '3,5,8,46,19,22,27,31', '16.30', '48173.00', '2024-07-18 06:29:51', '2024-07-18 06:29:51', 0),
(1751, 5, 5, '3,5,8,46,19,23,27,29', '13.90', '46524.00', '2024-07-18 06:29:51', '2024-07-18 06:29:51', 0),
(1752, 5, 5, '3,5,8,46,19,23,27,31', '16.30', '47423.00', '2024-07-18 06:29:51', '2024-07-18 06:29:51', 0),
(1753, 5, 5, '3,5,9,41,19,22,27,29', '18.90', '49874.00', '2024-07-18 06:29:51', '2024-07-18 06:29:51', 0),
(1754, 5, 5, '3,5,9,41,19,22,27,31', '21.30', '50773.00', '2024-07-18 06:29:51', '2024-07-18 06:29:51', 0),
(1755, 5, 5, '3,5,9,41,19,23,27,29', '18.90', '49124.00', '2024-07-18 06:29:51', '2024-07-18 06:29:51', 0),
(1756, 5, 5, '3,5,9,41,19,23,27,31', '21.30', '50023.00', '2024-07-18 06:29:51', '2024-07-18 06:29:51', 0),
(1757, 5, 5, '3,5,9,46,19,22,27,29', '15.70', '48374.00', '2024-07-18 06:29:51', '2024-07-18 06:29:51', 0),
(1758, 5, 5, '3,5,9,46,19,22,27,31', '18.10', '49273.00', '2024-07-18 06:29:51', '2024-07-18 06:29:51', 0),
(1759, 5, 5, '3,5,9,46,19,23,27,29', '15.70', '47624.00', '2024-07-18 06:29:51', '2024-07-18 06:29:51', 0),
(1760, 5, 5, '3,5,9,46,19,23,27,31', '18.10', '48523.00', '2024-07-18 06:29:51', '2024-07-18 06:29:51', 0),
(1761, 5, 5, '3,6,8,41,19,22,27,29', '16.50', '59674.00', '2024-07-18 06:29:51', '2024-07-18 06:29:51', 0),
(1762, 5, 5, '3,6,8,41,19,22,27,31', '18.90', '60573.00', '2024-07-18 06:29:51', '2024-07-18 06:29:51', 0),
(1763, 5, 5, '3,6,8,41,19,23,27,29', '16.50', '58924.00', '2024-07-18 06:29:51', '2024-07-18 06:29:51', 0),
(1764, 5, 5, '3,6,8,41,19,23,27,31', '18.90', '59823.00', '2024-07-18 06:29:51', '2024-07-18 06:29:51', 0),
(1765, 5, 5, '3,6,8,46,19,22,27,29', '13.30', '58174.00', '2024-07-18 06:29:51', '2024-07-18 06:29:51', 0),
(1766, 5, 5, '3,6,8,46,19,22,27,31', '15.70', '59073.00', '2024-07-18 06:29:51', '2024-07-18 06:29:51', 0),
(1767, 5, 5, '3,6,8,46,19,23,27,29', '13.30', '57424.00', '2024-07-18 06:29:51', '2024-07-18 06:29:51', 0),
(1768, 5, 5, '3,6,8,46,19,23,27,31', '15.70', '58323.00', '2024-07-18 06:29:51', '2024-07-18 06:29:51', 0),
(1769, 5, 5, '3,6,9,41,19,22,27,29', '18.30', '60774.00', '2024-07-18 06:29:51', '2024-07-18 06:29:51', 0),
(1770, 5, 5, '3,6,9,41,19,22,27,31', '20.70', '61673.00', '2024-07-18 06:29:51', '2024-07-18 06:29:51', 0),
(1771, 5, 5, '3,6,9,41,19,23,27,29', '18.30', '60024.00', '2024-07-18 06:29:51', '2024-07-18 06:29:51', 0),
(1772, 5, 5, '3,6,9,41,19,23,27,31', '20.70', '60923.00', '2024-07-18 06:29:51', '2024-07-18 06:29:51', 0),
(1773, 5, 5, '3,6,9,46,19,22,27,29', '15.10', '59274.00', '2024-07-18 06:29:51', '2024-07-18 06:29:51', 0),
(1774, 5, 5, '3,6,9,46,19,22,27,31', '17.50', '60173.00', '2024-07-18 06:29:51', '2024-07-18 06:29:51', 0),
(1775, 5, 5, '3,6,9,46,19,23,27,29', '15.10', '58524.00', '2024-07-18 06:29:51', '2024-07-18 06:29:51', 0),
(1776, 5, 5, '3,6,9,46,19,23,27,31', '17.50', '59423.00', '2024-07-18 06:29:51', '2024-07-18 06:29:51', 0),
(1777, 5, 5, '4,5,8,41,19,22,27,29', '20.40', '50824.00', '2024-07-18 06:29:51', '2024-07-18 06:29:51', 0),
(1778, 5, 5, '4,5,8,41,19,22,27,31', '22.80', '51723.00', '2024-07-18 06:29:51', '2024-07-18 06:29:51', 0),
(1779, 5, 5, '4,5,8,41,19,23,27,29', '20.40', '50074.00', '2024-07-18 06:29:51', '2024-07-18 06:29:51', 0),
(1780, 5, 5, '4,5,8,41,19,23,27,31', '22.80', '50973.00', '2024-07-18 06:29:51', '2024-07-18 06:29:51', 0),
(1781, 5, 5, '4,5,8,46,19,22,27,29', '17.20', '49324.00', '2024-07-18 06:29:51', '2024-07-18 06:29:51', 0),
(1782, 5, 5, '4,5,8,46,19,22,27,31', '19.60', '50223.00', '2024-07-18 06:29:51', '2024-07-18 06:29:51', 0),
(1783, 5, 5, '4,5,8,46,19,23,27,29', '17.20', '48574.00', '2024-07-18 06:29:51', '2024-07-18 06:29:51', 0),
(1784, 5, 5, '4,5,8,46,19,23,27,31', '19.60', '49473.00', '2024-07-18 06:29:51', '2024-07-18 06:29:51', 0),
(1785, 5, 5, '4,5,9,41,19,22,27,29', '22.20', '51924.00', '2024-07-18 06:29:51', '2024-07-18 06:29:51', 0),
(1786, 5, 5, '4,5,9,41,19,22,27,31', '24.60', '52823.00', '2024-07-18 06:29:51', '2024-07-18 06:29:51', 0),
(1787, 5, 5, '4,5,9,41,19,23,27,29', '22.20', '51174.00', '2024-07-18 06:29:51', '2024-07-18 06:29:51', 0),
(1788, 5, 5, '4,5,9,41,19,23,27,31', '24.60', '52073.00', '2024-07-18 06:29:51', '2024-07-18 06:29:51', 0),
(1789, 5, 5, '4,5,9,46,19,22,27,29', '19.00', '50424.00', '2024-07-18 06:29:51', '2024-07-18 06:29:51', 0),
(1790, 5, 5, '4,5,9,46,19,22,27,31', '21.40', '51323.00', '2024-07-18 06:29:51', '2024-07-18 06:29:51', 0),
(1791, 5, 5, '4,5,9,46,19,23,27,29', '19.00', '49674.00', '2024-07-18 06:29:51', '2024-07-18 06:29:51', 0),
(1792, 5, 5, '4,5,9,46,19,23,27,31', '21.40', '50573.00', '2024-07-18 06:29:51', '2024-07-18 06:29:51', 0),
(1793, 5, 5, '4,6,8,41,19,22,27,29', '19.80', '61724.00', '2024-07-18 06:29:51', '2024-07-18 06:29:51', 0),
(1794, 5, 5, '4,6,8,41,19,22,27,31', '22.20', '62623.00', '2024-07-18 06:29:51', '2024-07-18 06:29:51', 0),
(1795, 5, 5, '4,6,8,41,19,23,27,29', '19.80', '60974.00', '2024-07-18 06:29:51', '2024-07-18 06:29:51', 0),
(1796, 5, 5, '4,6,8,41,19,23,27,31', '22.20', '61873.00', '2024-07-18 06:29:51', '2024-07-18 06:29:51', 0),
(1797, 5, 5, '4,6,8,46,19,22,27,29', '16.60', '60224.00', '2024-07-18 06:29:51', '2024-07-18 06:29:51', 0),
(1798, 5, 5, '4,6,8,46,19,22,27,31', '19.00', '61123.00', '2024-07-18 06:29:51', '2024-07-18 06:29:51', 0),
(1799, 5, 5, '4,6,8,46,19,23,27,29', '16.60', '59474.00', '2024-07-18 06:29:51', '2024-07-18 06:29:51', 0),
(1800, 5, 5, '4,6,8,46,19,23,27,31', '19.00', '60373.00', '2024-07-18 06:29:51', '2024-07-18 06:29:51', 0),
(1801, 5, 5, '4,6,9,41,19,22,27,29', '21.60', '62824.00', '2024-07-18 06:29:51', '2024-07-18 06:29:51', 0),
(1802, 5, 5, '4,6,9,41,19,22,27,31', '24.00', '63723.00', '2024-07-18 06:29:51', '2024-07-18 06:29:51', 0),
(1803, 5, 5, '4,6,9,41,19,23,27,29', '21.60', '62074.00', '2024-07-18 06:29:51', '2024-07-18 06:29:51', 0),
(1804, 5, 5, '4,6,9,41,19,23,27,31', '24.00', '62973.00', '2024-07-18 06:29:51', '2024-07-18 06:29:51', 0),
(1805, 5, 5, '4,6,9,46,19,22,27,29', '18.40', '61324.00', '2024-07-18 06:29:51', '2024-07-18 06:29:51', 0),
(1806, 5, 5, '4,6,9,46,19,22,27,31', '20.80', '62223.00', '2024-07-18 06:29:51', '2024-07-18 06:29:51', 0),
(1807, 5, 5, '4,6,9,46,19,23,27,29', '18.40', '60574.00', '2024-07-18 06:29:51', '2024-07-18 06:29:51', 0),
(1808, 5, 5, '4,6,9,46,19,23,27,31', '20.80', '61473.00', '2024-07-18 06:29:51', '2024-07-18 06:29:51', 0),
(3729, 8, 6, '1,5,8,15,20,22,27,29', '16.30', '30074.00', '2024-07-30 17:56:56', '2024-07-30 17:56:56', 0),
(3730, 8, 6, '1,5,8,15,20,22,47,29', '16.30', '28900.00', '2024-07-30 17:56:56', '2024-07-30 17:56:56', 0),
(3731, 8, 6, '1,5,8,15,20,23,27,29', '16.30', '29324.00', '2024-07-30 17:56:56', '2024-07-30 17:56:56', 0),
(3732, 8, 6, '1,5,8,15,20,23,47,29', '16.30', '28150.00', '2024-07-30 17:56:56', '2024-07-30 17:56:56', 0),
(3733, 8, 6, '1,5,8,15,20,24,27,29', '13.60', '29324.00', '2024-07-30 17:56:56', '2024-07-30 17:56:56', 0),
(3734, 8, 6, '1,5,8,15,20,24,47,29', '13.60', '28150.00', '2024-07-30 17:56:56', '2024-07-30 17:56:56', 0),
(3735, 8, 6, '1,5,8,15,20,25,27,29', '14.50', '29324.00', '2024-07-30 17:56:56', '2024-07-30 17:56:56', 0),
(3736, 8, 6, '1,5,8,15,20,25,47,29', '14.50', '28150.00', '2024-07-30 17:56:56', '2024-07-30 17:56:56', 0),
(3737, 8, 6, '1,5,8,15,21,22,27,29', '17.40', '30124.00', '2024-07-30 17:56:56', '2024-07-30 17:56:56', 0),
(3738, 8, 6, '1,5,8,15,21,22,47,29', '17.40', '28950.00', '2024-07-30 17:56:56', '2024-07-30 17:56:56', 0),
(3739, 8, 6, '1,5,8,15,21,23,27,29', '17.40', '29374.00', '2024-07-30 17:56:56', '2024-07-30 17:56:56', 0),
(3740, 8, 6, '1,5,8,15,21,23,47,29', '17.40', '28200.00', '2024-07-30 17:56:56', '2024-07-30 17:56:56', 0),
(3741, 8, 6, '1,5,8,15,21,24,27,29', '14.70', '29374.00', '2024-07-30 17:56:56', '2024-07-30 17:56:56', 0),
(3742, 8, 6, '1,5,8,15,21,24,47,29', '14.70', '28200.00', '2024-07-30 17:56:56', '2024-07-30 17:56:56', 0),
(3743, 8, 6, '1,5,8,15,21,25,27,29', '15.60', '29374.00', '2024-07-30 17:56:56', '2024-07-30 17:56:56', 0),
(3744, 8, 6, '1,5,8,15,21,25,47,29', '15.60', '28200.00', '2024-07-30 17:56:56', '2024-07-30 17:56:56', 0),
(3745, 8, 6, '1,5,8,41,20,22,27,29', '13.10', '29124.00', '2024-07-30 17:56:56', '2024-07-30 17:56:56', 0),
(3746, 8, 6, '1,5,8,41,20,22,47,29', '13.10', '27950.00', '2024-07-30 17:56:56', '2024-07-30 17:56:56', 0),
(3747, 8, 6, '1,5,8,41,20,23,27,29', '13.10', '28374.00', '2024-07-30 17:56:56', '2024-07-30 17:56:56', 0),
(3748, 8, 6, '1,5,8,41,20,23,47,29', '13.10', '27200.00', '2024-07-30 17:56:56', '2024-07-30 17:56:56', 0),
(3749, 8, 6, '1,5,8,41,20,24,27,29', '10.40', '28374.00', '2024-07-30 17:56:56', '2024-07-30 17:56:56', 0),
(3750, 8, 6, '1,5,8,41,20,24,47,29', '10.40', '27200.00', '2024-07-30 17:56:56', '2024-07-30 17:56:56', 0),
(3751, 8, 6, '1,5,8,41,20,25,27,29', '11.30', '28374.00', '2024-07-30 17:56:56', '2024-07-30 17:56:56', 0),
(3752, 8, 6, '1,5,8,41,20,25,47,29', '11.30', '27200.00', '2024-07-30 17:56:56', '2024-07-30 17:56:56', 0),
(3753, 8, 6, '1,5,8,41,21,22,27,29', '14.20', '29174.00', '2024-07-30 17:56:56', '2024-07-30 17:56:56', 0),
(3754, 8, 6, '1,5,8,41,21,22,47,29', '14.20', '28000.00', '2024-07-30 17:56:56', '2024-07-30 17:56:56', 0),
(3755, 8, 6, '1,5,8,41,21,23,27,29', '14.20', '28424.00', '2024-07-30 17:56:56', '2024-07-30 17:56:56', 0),
(3756, 8, 6, '1,5,8,41,21,23,47,29', '14.20', '27250.00', '2024-07-30 17:56:56', '2024-07-30 17:56:56', 0),
(3757, 8, 6, '1,5,8,41,21,24,27,29', '11.50', '28424.00', '2024-07-30 17:56:56', '2024-07-30 17:56:56', 0),
(3758, 8, 6, '1,5,8,41,21,24,47,29', '11.50', '27250.00', '2024-07-30 17:56:56', '2024-07-30 17:56:56', 0),
(3759, 8, 6, '1,5,8,41,21,25,27,29', '12.40', '28424.00', '2024-07-30 17:56:56', '2024-07-30 17:56:56', 0),
(3760, 8, 6, '1,5,8,41,21,25,47,29', '12.40', '27250.00', '2024-07-30 17:56:56', '2024-07-30 17:56:56', 0),
(3761, 8, 6, '1,5,8,46,20,22,27,29', '9.90', '27624.00', '2024-07-30 17:56:56', '2024-07-30 17:56:56', 0),
(3762, 8, 6, '1,5,8,46,20,22,47,29', '9.90', '26450.00', '2024-07-30 17:56:56', '2024-07-30 17:56:56', 0),
(3763, 8, 6, '1,5,8,46,20,23,27,29', '9.90', '26874.00', '2024-07-30 17:56:56', '2024-07-30 17:56:56', 0),
(3764, 8, 6, '1,5,8,46,20,23,47,29', '9.90', '25700.00', '2024-07-30 17:56:56', '2024-07-30 17:56:56', 0),
(3765, 8, 6, '1,5,8,46,20,24,27,29', '7.20', '26874.00', '2024-07-30 17:56:56', '2024-07-30 17:56:56', 0),
(3766, 8, 6, '1,5,8,46,20,24,47,29', '7.20', '25700.00', '2024-07-30 17:56:56', '2024-07-30 17:56:56', 0),
(3767, 8, 6, '1,5,8,46,20,25,27,29', '8.10', '26874.00', '2024-07-30 17:56:56', '2024-07-30 17:56:56', 0),
(3768, 8, 6, '1,5,8,46,20,25,47,29', '8.10', '25700.00', '2024-07-30 17:56:56', '2024-07-30 17:56:56', 0),
(3769, 8, 6, '1,5,8,46,21,22,27,29', '11.00', '27674.00', '2024-07-30 17:56:56', '2024-07-30 17:56:56', 0),
(3770, 8, 6, '1,5,8,46,21,22,47,29', '11.00', '26500.00', '2024-07-30 17:56:56', '2024-07-30 17:56:56', 0),
(3771, 8, 6, '1,5,8,46,21,23,27,29', '11.00', '26924.00', '2024-07-30 17:56:56', '2024-07-30 17:56:56', 0),
(3772, 8, 6, '1,5,8,46,21,23,47,29', '11.00', '25750.00', '2024-07-30 17:56:56', '2024-07-30 17:56:56', 0),
(3773, 8, 6, '1,5,8,46,21,24,27,29', '8.30', '26924.00', '2024-07-30 17:56:56', '2024-07-30 17:56:56', 0),
(3774, 8, 6, '1,5,8,46,21,24,47,29', '8.30', '25750.00', '2024-07-30 17:56:56', '2024-07-30 17:56:56', 0),
(3775, 8, 6, '1,5,8,46,21,25,27,29', '9.20', '26924.00', '2024-07-30 17:56:56', '2024-07-30 17:56:56', 0),
(3776, 8, 6, '1,5,8,46,21,25,47,29', '9.20', '25750.00', '2024-07-30 17:56:56', '2024-07-30 17:56:56', 0),
(3777, 8, 6, '1,5,9,15,20,22,27,29', '18.10', '31174.00', '2024-07-30 17:56:56', '2024-07-30 17:56:56', 0),
(3778, 8, 6, '1,5,9,15,20,22,47,29', '18.10', '30000.00', '2024-07-30 17:56:56', '2024-07-30 17:56:56', 0),
(3779, 8, 6, '1,5,9,15,20,23,27,29', '18.10', '30424.00', '2024-07-30 17:56:56', '2024-07-30 17:56:56', 0),
(3780, 8, 6, '1,5,9,15,20,23,47,29', '18.10', '29250.00', '2024-07-30 17:56:56', '2024-07-30 17:56:56', 0),
(3781, 8, 6, '1,5,9,15,20,24,27,29', '15.40', '30424.00', '2024-07-30 17:56:56', '2024-07-30 17:56:56', 0),
(3782, 8, 6, '1,5,9,15,20,24,47,29', '15.40', '29250.00', '2024-07-30 17:56:56', '2024-07-30 17:56:56', 0),
(3783, 8, 6, '1,5,9,15,20,25,27,29', '16.30', '30424.00', '2024-07-30 17:56:56', '2024-07-30 17:56:56', 0),
(3784, 8, 6, '1,5,9,15,20,25,47,29', '16.30', '29250.00', '2024-07-30 17:56:56', '2024-07-30 17:56:56', 0),
(3785, 8, 6, '1,5,9,15,21,22,27,29', '19.20', '31224.00', '2024-07-30 17:56:56', '2024-07-30 17:56:56', 0),
(3786, 8, 6, '1,5,9,15,21,22,47,29', '19.20', '30050.00', '2024-07-30 17:56:56', '2024-07-30 17:56:56', 0),
(3787, 8, 6, '1,5,9,15,21,23,27,29', '19.20', '30474.00', '2024-07-30 17:56:56', '2024-07-30 17:56:56', 0),
(3788, 8, 6, '1,5,9,15,21,23,47,29', '19.20', '29300.00', '2024-07-30 17:56:56', '2024-07-30 17:56:56', 0),
(3789, 8, 6, '1,5,9,15,21,24,27,29', '16.50', '30474.00', '2024-07-30 17:56:56', '2024-07-30 17:56:56', 0),
(3790, 8, 6, '1,5,9,15,21,24,47,29', '16.50', '29300.00', '2024-07-30 17:56:56', '2024-07-30 17:56:56', 0),
(3791, 8, 6, '1,5,9,15,21,25,27,29', '17.40', '30474.00', '2024-07-30 17:56:56', '2024-07-30 17:56:56', 0),
(3792, 8, 6, '1,5,9,15,21,25,47,29', '17.40', '29300.00', '2024-07-30 17:56:56', '2024-07-30 17:56:56', 0),
(3793, 8, 6, '1,5,9,41,20,22,27,29', '14.90', '30224.00', '2024-07-30 17:56:56', '2024-07-30 17:56:56', 0),
(3794, 8, 6, '1,5,9,41,20,22,47,29', '14.90', '29050.00', '2024-07-30 17:56:56', '2024-07-30 17:56:56', 0),
(3795, 8, 6, '1,5,9,41,20,23,27,29', '14.90', '29474.00', '2024-07-30 17:56:56', '2024-07-30 17:56:56', 0),
(3796, 8, 6, '1,5,9,41,20,23,47,29', '14.90', '28300.00', '2024-07-30 17:56:56', '2024-07-30 17:56:56', 0),
(3797, 8, 6, '1,5,9,41,20,24,27,29', '12.20', '29474.00', '2024-07-30 17:56:56', '2024-07-30 17:56:56', 0),
(3798, 8, 6, '1,5,9,41,20,24,47,29', '12.20', '28300.00', '2024-07-30 17:56:56', '2024-07-30 17:56:56', 0),
(3799, 8, 6, '1,5,9,41,20,25,27,29', '13.10', '29474.00', '2024-07-30 17:56:56', '2024-07-30 17:56:56', 0),
(3800, 8, 6, '1,5,9,41,20,25,47,29', '13.10', '28300.00', '2024-07-30 17:56:56', '2024-07-30 17:56:56', 0),
(3801, 8, 6, '1,5,9,41,21,22,27,29', '16.00', '30274.00', '2024-07-30 17:56:56', '2024-07-30 17:56:56', 0),
(3802, 8, 6, '1,5,9,41,21,22,47,29', '16.00', '29100.00', '2024-07-30 17:56:56', '2024-07-30 17:56:56', 0),
(3803, 8, 6, '1,5,9,41,21,23,27,29', '16.00', '29524.00', '2024-07-30 17:56:56', '2024-07-30 17:56:56', 0),
(3804, 8, 6, '1,5,9,41,21,23,47,29', '16.00', '28350.00', '2024-07-30 17:56:56', '2024-07-30 17:56:56', 0),
(3805, 8, 6, '1,5,9,41,21,24,27,29', '13.30', '29524.00', '2024-07-30 17:56:56', '2024-07-30 17:56:56', 0),
(3806, 8, 6, '1,5,9,41,21,24,47,29', '13.30', '28350.00', '2024-07-30 17:56:56', '2024-07-30 17:56:56', 0),
(3807, 8, 6, '1,5,9,41,21,25,27,29', '14.20', '29524.00', '2024-07-30 17:56:56', '2024-07-30 17:56:56', 0),
(3808, 8, 6, '1,5,9,41,21,25,47,29', '14.20', '28350.00', '2024-07-30 17:56:56', '2024-07-30 17:56:56', 0),
(3809, 8, 6, '1,5,9,46,20,22,27,29', '11.70', '28724.00', '2024-07-30 17:56:56', '2024-07-30 17:56:56', 0),
(3810, 8, 6, '1,5,9,46,20,22,47,29', '11.70', '27550.00', '2024-07-30 17:56:56', '2024-07-30 17:56:56', 0),
(3811, 8, 6, '1,5,9,46,20,23,27,29', '11.70', '27974.00', '2024-07-30 17:56:56', '2024-07-30 17:56:56', 0),
(3812, 8, 6, '1,5,9,46,20,23,47,29', '11.70', '26800.00', '2024-07-30 17:56:56', '2024-07-30 17:56:56', 0),
(3813, 8, 6, '1,5,9,46,20,24,27,29', '9.00', '27974.00', '2024-07-30 17:56:56', '2024-07-30 17:56:56', 0),
(3814, 8, 6, '1,5,9,46,20,24,47,29', '9.00', '26800.00', '2024-07-30 17:56:56', '2024-07-30 17:56:56', 0),
(3815, 8, 6, '1,5,9,46,20,25,27,29', '9.90', '27974.00', '2024-07-30 17:56:56', '2024-07-30 17:56:56', 0),
(3816, 8, 6, '1,5,9,46,20,25,47,29', '9.90', '26800.00', '2024-07-30 17:56:56', '2024-07-30 17:56:56', 0),
(3817, 8, 6, '1,5,9,46,21,22,27,29', '12.80', '28774.00', '2024-07-30 17:56:56', '2024-07-30 17:56:56', 0),
(3818, 8, 6, '1,5,9,46,21,22,47,29', '12.80', '27600.00', '2024-07-30 17:56:56', '2024-07-30 17:56:56', 0),
(3819, 8, 6, '1,5,9,46,21,23,27,29', '12.80', '28024.00', '2024-07-30 17:56:56', '2024-07-30 17:56:56', 0),
(3820, 8, 6, '1,5,9,46,21,23,47,29', '12.80', '26850.00', '2024-07-30 17:56:56', '2024-07-30 17:56:56', 0),
(3821, 8, 6, '1,5,9,46,21,24,27,29', '10.10', '28024.00', '2024-07-30 17:56:56', '2024-07-30 17:56:56', 0),
(3822, 8, 6, '1,5,9,46,21,24,47,29', '10.10', '26850.00', '2024-07-30 17:56:56', '2024-07-30 17:56:56', 0),
(3823, 8, 6, '1,5,9,46,21,25,27,29', '11.00', '28024.00', '2024-07-30 17:56:56', '2024-07-30 17:56:56', 0),
(3824, 8, 6, '1,5,9,46,21,25,47,29', '11.00', '26850.00', '2024-07-30 17:56:56', '2024-07-30 17:56:56', 0),
(3825, 8, 6, '1,5,10,15,20,22,27,29', '21.50', '32424.00', '2024-07-30 17:56:56', '2024-07-30 17:56:56', 0),
(3826, 8, 6, '1,5,10,15,20,22,47,29', '21.50', '31250.00', '2024-07-30 17:56:56', '2024-07-30 17:56:56', 0),
(3827, 8, 6, '1,5,10,15,20,23,27,29', '21.50', '31674.00', '2024-07-30 17:56:56', '2024-07-30 17:56:56', 0),
(3828, 8, 6, '1,5,10,15,20,23,47,29', '21.50', '30500.00', '2024-07-30 17:56:56', '2024-07-30 17:56:56', 0),
(3829, 8, 6, '1,5,10,15,20,24,27,29', '18.80', '31674.00', '2024-07-30 17:56:56', '2024-07-30 17:56:56', 0),
(3830, 8, 6, '1,5,10,15,20,24,47,29', '18.80', '30500.00', '2024-07-30 17:56:56', '2024-07-30 17:56:56', 0),
(3831, 8, 6, '1,5,10,15,20,25,27,29', '19.70', '31674.00', '2024-07-30 17:56:56', '2024-07-30 17:56:56', 0),
(3832, 8, 6, '1,5,10,15,20,25,47,29', '19.70', '30500.00', '2024-07-30 17:56:56', '2024-07-30 17:56:56', 0),
(3833, 8, 6, '1,5,10,15,21,22,27,29', '22.60', '32474.00', '2024-07-30 17:56:56', '2024-07-30 17:56:56', 0),
(3834, 8, 6, '1,5,10,15,21,22,47,29', '22.60', '31300.00', '2024-07-30 17:56:56', '2024-07-30 17:56:56', 0),
(3835, 8, 6, '1,5,10,15,21,23,27,29', '22.60', '31724.00', '2024-07-30 17:56:56', '2024-07-30 17:56:56', 0),
(3836, 8, 6, '1,5,10,15,21,23,47,29', '22.60', '30550.00', '2024-07-30 17:56:56', '2024-07-30 17:56:56', 0),
(3837, 8, 6, '1,5,10,15,21,24,27,29', '19.90', '31724.00', '2024-07-30 17:56:56', '2024-07-30 17:56:56', 0),
(3838, 8, 6, '1,5,10,15,21,24,47,29', '19.90', '30550.00', '2024-07-30 17:56:56', '2024-07-30 17:56:56', 0),
(3839, 8, 6, '1,5,10,15,21,25,27,29', '20.80', '31724.00', '2024-07-30 17:56:56', '2024-07-30 17:56:56', 0),
(3840, 8, 6, '1,5,10,15,21,25,47,29', '20.80', '30550.00', '2024-07-30 17:56:56', '2024-07-30 17:56:56', 0),
(3841, 8, 6, '1,5,10,41,20,22,27,29', '18.30', '31474.00', '2024-07-30 17:56:56', '2024-07-30 17:56:56', 0),
(3842, 8, 6, '1,5,10,41,20,22,47,29', '18.30', '30300.00', '2024-07-30 17:56:56', '2024-07-30 17:56:56', 0),
(3843, 8, 6, '1,5,10,41,20,23,27,29', '18.30', '30724.00', '2024-07-30 17:56:56', '2024-07-30 17:56:56', 0),
(3844, 8, 6, '1,5,10,41,20,23,47,29', '18.30', '29550.00', '2024-07-30 17:56:56', '2024-07-30 17:56:56', 0),
(3845, 8, 6, '1,5,10,41,20,24,27,29', '15.60', '30724.00', '2024-07-30 17:56:56', '2024-07-30 17:56:56', 0),
(3846, 8, 6, '1,5,10,41,20,24,47,29', '15.60', '29550.00', '2024-07-30 17:56:56', '2024-07-30 17:56:56', 0),
(3847, 8, 6, '1,5,10,41,20,25,27,29', '16.50', '30724.00', '2024-07-30 17:56:56', '2024-07-30 17:56:56', 0),
(3848, 8, 6, '1,5,10,41,20,25,47,29', '16.50', '29550.00', '2024-07-30 17:56:56', '2024-07-30 17:56:56', 0),
(3849, 8, 6, '1,5,10,41,21,22,27,29', '19.40', '31524.00', '2024-07-30 17:56:56', '2024-07-30 17:56:56', 0),
(3850, 8, 6, '1,5,10,41,21,22,47,29', '19.40', '30350.00', '2024-07-30 17:56:56', '2024-07-30 17:56:56', 0),
(3851, 8, 6, '1,5,10,41,21,23,27,29', '19.40', '30774.00', '2024-07-30 17:56:56', '2024-07-30 17:56:56', 0),
(3852, 8, 6, '1,5,10,41,21,23,47,29', '19.40', '29600.00', '2024-07-30 17:56:56', '2024-07-30 17:56:56', 0),
(3853, 8, 6, '1,5,10,41,21,24,27,29', '16.70', '30774.00', '2024-07-30 17:56:56', '2024-07-30 17:56:56', 0),
(3854, 8, 6, '1,5,10,41,21,24,47,29', '16.70', '29600.00', '2024-07-30 17:56:56', '2024-07-30 17:56:56', 0),
(3855, 8, 6, '1,5,10,41,21,25,27,29', '17.60', '30774.00', '2024-07-30 17:56:56', '2024-07-30 17:56:56', 0),
(3856, 8, 6, '1,5,10,41,21,25,47,29', '17.60', '29600.00', '2024-07-30 17:56:56', '2024-07-30 17:56:56', 0),
(3857, 8, 6, '1,5,10,46,20,22,27,29', '15.10', '29974.00', '2024-07-30 17:56:56', '2024-07-30 17:56:56', 0),
(3858, 8, 6, '1,5,10,46,20,22,47,29', '15.10', '28800.00', '2024-07-30 17:56:56', '2024-07-30 17:56:56', 0),
(3859, 8, 6, '1,5,10,46,20,23,27,29', '15.10', '29224.00', '2024-07-30 17:56:56', '2024-07-30 17:56:56', 0),
(3860, 8, 6, '1,5,10,46,20,23,47,29', '15.10', '28050.00', '2024-07-30 17:56:56', '2024-07-30 17:56:56', 0),
(3861, 8, 6, '1,5,10,46,20,24,27,29', '12.40', '29224.00', '2024-07-30 17:56:56', '2024-07-30 17:56:56', 0),
(3862, 8, 6, '1,5,10,46,20,24,47,29', '12.40', '28050.00', '2024-07-30 17:56:56', '2024-07-30 17:56:56', 0),
(3863, 8, 6, '1,5,10,46,20,25,27,29', '13.30', '29224.00', '2024-07-30 17:56:56', '2024-07-30 17:56:56', 0),
(3864, 8, 6, '1,5,10,46,20,25,47,29', '13.30', '28050.00', '2024-07-30 17:56:56', '2024-07-30 17:56:56', 0),
(3865, 8, 6, '1,5,10,46,21,22,27,29', '16.20', '30024.00', '2024-07-30 17:56:56', '2024-07-30 17:56:56', 0),
(3866, 8, 6, '1,5,10,46,21,22,47,29', '16.20', '28850.00', '2024-07-30 17:56:56', '2024-07-30 17:56:56', 0),
(3867, 8, 6, '1,5,10,46,21,23,27,29', '16.20', '29274.00', '2024-07-30 17:56:56', '2024-07-30 17:56:56', 0),
(3868, 8, 6, '1,5,10,46,21,23,47,29', '16.20', '28100.00', '2024-07-30 17:56:56', '2024-07-30 17:56:56', 0),
(3869, 8, 6, '1,5,10,46,21,24,27,29', '13.50', '29274.00', '2024-07-30 17:56:56', '2024-07-30 17:56:56', 0),
(3870, 8, 6, '1,5,10,46,21,24,47,29', '13.50', '28100.00', '2024-07-30 17:56:56', '2024-07-30 17:56:56', 0),
(3871, 8, 6, '1,5,10,46,21,25,27,29', '14.40', '29274.00', '2024-07-30 17:56:56', '2024-07-30 17:56:56', 0),
(3872, 8, 6, '1,5,10,46,21,25,47,29', '14.40', '28100.00', '2024-07-30 17:56:56', '2024-07-30 17:56:56', 0),
(3873, 8, 6, '1,5,11,15,20,22,27,29', '14.50', '33824.00', '2024-07-30 17:56:56', '2024-07-30 17:56:56', 0),
(3874, 8, 6, '1,5,11,15,20,22,47,29', '14.50', '32650.00', '2024-07-30 17:56:56', '2024-07-30 17:56:56', 0),
(3875, 8, 6, '1,5,11,15,20,23,27,29', '14.50', '33074.00', '2024-07-30 17:56:56', '2024-07-30 17:56:56', 0),
(3876, 8, 6, '1,5,11,15,20,23,47,29', '14.50', '31900.00', '2024-07-30 17:56:56', '2024-07-30 17:56:56', 0),
(3877, 8, 6, '1,5,11,15,20,24,27,29', '11.80', '33074.00', '2024-07-30 17:56:56', '2024-07-30 17:56:56', 0),
(3878, 8, 6, '1,5,11,15,20,24,47,29', '11.80', '31900.00', '2024-07-30 17:56:56', '2024-07-30 17:56:56', 0),
(3879, 8, 6, '1,5,11,15,20,25,27,29', '12.70', '33074.00', '2024-07-30 17:56:56', '2024-07-30 17:56:56', 0),
(3880, 8, 6, '1,5,11,15,20,25,47,29', '12.70', '31900.00', '2024-07-30 17:56:56', '2024-07-30 17:56:56', 0),
(3881, 8, 6, '1,5,11,15,21,22,27,29', '15.60', '33874.00', '2024-07-30 17:56:56', '2024-07-30 17:56:56', 0),
(3882, 8, 6, '1,5,11,15,21,22,47,29', '15.60', '32700.00', '2024-07-30 17:56:56', '2024-07-30 17:56:56', 0),
(3883, 8, 6, '1,5,11,15,21,23,27,29', '15.60', '33124.00', '2024-07-30 17:56:56', '2024-07-30 17:56:56', 0),
(3884, 8, 6, '1,5,11,15,21,23,47,29', '15.60', '31950.00', '2024-07-30 17:56:56', '2024-07-30 17:56:56', 0),
(3885, 8, 6, '1,5,11,15,21,24,27,29', '12.90', '33124.00', '2024-07-30 17:56:56', '2024-07-30 17:56:56', 0),
(3886, 8, 6, '1,5,11,15,21,24,47,29', '12.90', '31950.00', '2024-07-30 17:56:56', '2024-07-30 17:56:56', 0),
(3887, 8, 6, '1,5,11,15,21,25,27,29', '13.80', '33124.00', '2024-07-30 17:56:56', '2024-07-30 17:56:56', 0),
(3888, 8, 6, '1,5,11,15,21,25,47,29', '13.80', '31950.00', '2024-07-30 17:56:56', '2024-07-30 17:56:56', 0),
(3889, 8, 6, '1,5,11,41,20,22,27,29', '11.30', '32874.00', '2024-07-30 17:56:56', '2024-07-30 17:56:56', 0),
(3890, 8, 6, '1,5,11,41,20,22,47,29', '11.30', '31700.00', '2024-07-30 17:56:56', '2024-07-30 17:56:56', 0),
(3891, 8, 6, '1,5,11,41,20,23,27,29', '11.30', '32124.00', '2024-07-30 17:56:56', '2024-07-30 17:56:56', 0),
(3892, 8, 6, '1,5,11,41,20,23,47,29', '11.30', '30950.00', '2024-07-30 17:56:56', '2024-07-30 17:56:56', 0),
(3893, 8, 6, '1,5,11,41,20,24,27,29', '8.60', '32124.00', '2024-07-30 17:56:56', '2024-07-30 17:56:56', 0),
(3894, 8, 6, '1,5,11,41,20,24,47,29', '8.60', '30950.00', '2024-07-30 17:56:56', '2024-07-30 17:56:56', 0),
(3895, 8, 6, '1,5,11,41,20,25,27,29', '9.50', '32124.00', '2024-07-30 17:56:56', '2024-07-30 17:56:56', 0),
(3896, 8, 6, '1,5,11,41,20,25,47,29', '9.50', '30950.00', '2024-07-30 17:56:56', '2024-07-30 17:56:56', 0),
(3897, 8, 6, '1,5,11,41,21,22,27,29', '12.40', '32924.00', '2024-07-30 17:56:56', '2024-07-30 17:56:56', 0),
(3898, 8, 6, '1,5,11,41,21,22,47,29', '12.40', '31750.00', '2024-07-30 17:56:56', '2024-07-30 17:56:56', 0),
(3899, 8, 6, '1,5,11,41,21,23,27,29', '12.40', '32174.00', '2024-07-30 17:56:56', '2024-07-30 17:56:56', 0),
(3900, 8, 6, '1,5,11,41,21,23,47,29', '12.40', '31000.00', '2024-07-30 17:56:56', '2024-07-30 17:56:56', 0),
(3901, 8, 6, '1,5,11,41,21,24,27,29', '9.70', '32174.00', '2024-07-30 17:56:56', '2024-07-30 17:56:56', 0),
(3902, 8, 6, '1,5,11,41,21,24,47,29', '9.70', '31000.00', '2024-07-30 17:56:56', '2024-07-30 17:56:56', 0),
(3903, 8, 6, '1,5,11,41,21,25,27,29', '10.60', '32174.00', '2024-07-30 17:56:56', '2024-07-30 17:56:56', 0),
(3904, 8, 6, '1,5,11,41,21,25,47,29', '10.60', '31000.00', '2024-07-30 17:56:56', '2024-07-30 17:56:56', 0),
(3905, 8, 6, '1,5,11,46,20,22,27,29', '8.10', '31374.00', '2024-07-30 17:56:56', '2024-07-30 17:56:56', 0),
(3906, 8, 6, '1,5,11,46,20,22,47,29', '8.10', '30200.00', '2024-07-30 17:56:56', '2024-07-30 17:56:56', 0),
(3907, 8, 6, '1,5,11,46,20,23,27,29', '8.10', '30624.00', '2024-07-30 17:56:56', '2024-07-30 17:56:56', 0),
(3908, 8, 6, '1,5,11,46,20,23,47,29', '8.10', '29450.00', '2024-07-30 17:56:56', '2024-07-30 17:56:56', 0),
(3909, 8, 6, '1,5,11,46,20,24,27,29', '5.40', '30624.00', '2024-07-30 17:56:56', '2024-07-30 17:56:56', 0),
(3910, 8, 6, '1,5,11,46,20,24,47,29', '5.40', '29450.00', '2024-07-30 17:56:56', '2024-07-30 17:56:56', 0),
(3911, 8, 6, '1,5,11,46,20,25,27,29', '6.30', '30624.00', '2024-07-30 17:56:56', '2024-07-30 17:56:56', 0),
(3912, 8, 6, '1,5,11,46,20,25,47,29', '6.30', '29450.00', '2024-07-30 17:56:56', '2024-07-30 17:56:56', 0),
(3913, 8, 6, '1,5,11,46,21,22,27,29', '9.20', '31424.00', '2024-07-30 17:56:56', '2024-07-30 17:56:56', 0),
(3914, 8, 6, '1,5,11,46,21,22,47,29', '9.20', '30250.00', '2024-07-30 17:56:56', '2024-07-30 17:56:56', 0),
(3915, 8, 6, '1,5,11,46,21,23,27,29', '9.20', '30674.00', '2024-07-30 17:56:56', '2024-07-30 17:56:56', 0),
(3916, 8, 6, '1,5,11,46,21,23,47,29', '9.20', '29500.00', '2024-07-30 17:56:56', '2024-07-30 17:56:56', 0),
(3917, 8, 6, '1,5,11,46,21,24,27,29', '6.50', '30674.00', '2024-07-30 17:56:56', '2024-07-30 17:56:56', 0),
(3918, 8, 6, '1,5,11,46,21,24,47,29', '6.50', '29500.00', '2024-07-30 17:56:56', '2024-07-30 17:56:56', 0),
(3919, 8, 6, '1,5,11,46,21,25,27,29', '7.40', '30674.00', '2024-07-30 17:56:56', '2024-07-30 17:56:56', 0),
(3920, 8, 6, '1,5,11,46,21,25,47,29', '7.40', '29500.00', '2024-07-30 17:56:56', '2024-07-30 17:56:56', 0),
(3921, 8, 6, '1,6,8,15,20,22,27,29', '15.70', '40974.00', '2024-07-30 17:56:56', '2024-07-30 17:56:56', 0),
(3922, 8, 6, '1,6,8,15,20,22,47,29', '15.70', '39800.00', '2024-07-30 17:56:56', '2024-07-30 17:56:56', 0),
(3923, 8, 6, '1,6,8,15,20,23,27,29', '15.70', '40224.00', '2024-07-30 17:56:56', '2024-07-30 17:56:56', 0);
INSERT INTO `ecm_result_combinations` (`id`, `combinationId`, `auditId`, `assemblyIds`, `totalCombinationECP`, `totalCombinationCost`, `createdAt`, `updatedAt`, `isDeleted`) VALUES
(3924, 8, 6, '1,6,8,15,20,23,47,29', '15.70', '39050.00', '2024-07-30 17:56:56', '2024-07-30 17:56:56', 0),
(3925, 8, 6, '1,6,8,15,20,24,27,29', '13.00', '40224.00', '2024-07-30 17:56:56', '2024-07-30 17:56:56', 0),
(3926, 8, 6, '1,6,8,15,20,24,47,29', '13.00', '39050.00', '2024-07-30 17:56:56', '2024-07-30 17:56:56', 0),
(3927, 8, 6, '1,6,8,15,20,25,27,29', '13.90', '40224.00', '2024-07-30 17:56:56', '2024-07-30 17:56:56', 0),
(3928, 8, 6, '1,6,8,15,20,25,47,29', '13.90', '39050.00', '2024-07-30 17:56:56', '2024-07-30 17:56:56', 0),
(3929, 8, 6, '1,6,8,15,21,22,27,29', '16.80', '41024.00', '2024-07-30 17:56:56', '2024-07-30 17:56:56', 0),
(3930, 8, 6, '1,6,8,15,21,22,47,29', '16.80', '39850.00', '2024-07-30 17:56:56', '2024-07-30 17:56:56', 0),
(3931, 8, 6, '1,6,8,15,21,23,27,29', '16.80', '40274.00', '2024-07-30 17:56:56', '2024-07-30 17:56:56', 0),
(3932, 8, 6, '1,6,8,15,21,23,47,29', '16.80', '39100.00', '2024-07-30 17:56:56', '2024-07-30 17:56:56', 0),
(3933, 8, 6, '1,6,8,15,21,24,27,29', '14.10', '40274.00', '2024-07-30 17:56:56', '2024-07-30 17:56:56', 0),
(3934, 8, 6, '1,6,8,15,21,24,47,29', '14.10', '39100.00', '2024-07-30 17:56:56', '2024-07-30 17:56:56', 0),
(3935, 8, 6, '1,6,8,15,21,25,27,29', '15.00', '40274.00', '2024-07-30 17:56:56', '2024-07-30 17:56:56', 0),
(3936, 8, 6, '1,6,8,15,21,25,47,29', '15.00', '39100.00', '2024-07-30 17:56:56', '2024-07-30 17:56:56', 0),
(3937, 8, 6, '1,6,8,41,20,22,27,29', '12.50', '40024.00', '2024-07-30 17:56:56', '2024-07-30 17:56:56', 0),
(3938, 8, 6, '1,6,8,41,20,22,47,29', '12.50', '38850.00', '2024-07-30 17:56:56', '2024-07-30 17:56:56', 0),
(3939, 8, 6, '1,6,8,41,20,23,27,29', '12.50', '39274.00', '2024-07-30 17:56:56', '2024-07-30 17:56:56', 0),
(3940, 8, 6, '1,6,8,41,20,23,47,29', '12.50', '38100.00', '2024-07-30 17:56:56', '2024-07-30 17:56:56', 0),
(3941, 8, 6, '1,6,8,41,20,24,27,29', '9.80', '39274.00', '2024-07-30 17:56:56', '2024-07-30 17:56:56', 0),
(3942, 8, 6, '1,6,8,41,20,24,47,29', '9.80', '38100.00', '2024-07-30 17:56:56', '2024-07-30 17:56:56', 0),
(3943, 8, 6, '1,6,8,41,20,25,27,29', '10.70', '39274.00', '2024-07-30 17:56:56', '2024-07-30 17:56:56', 0),
(3944, 8, 6, '1,6,8,41,20,25,47,29', '10.70', '38100.00', '2024-07-30 17:56:56', '2024-07-30 17:56:56', 0),
(3945, 8, 6, '1,6,8,41,21,22,27,29', '13.60', '40074.00', '2024-07-30 17:56:56', '2024-07-30 17:56:56', 0),
(3946, 8, 6, '1,6,8,41,21,22,47,29', '13.60', '38900.00', '2024-07-30 17:56:56', '2024-07-30 17:56:56', 0),
(3947, 8, 6, '1,6,8,41,21,23,27,29', '13.60', '39324.00', '2024-07-30 17:56:56', '2024-07-30 17:56:56', 0),
(3948, 8, 6, '1,6,8,41,21,23,47,29', '13.60', '38150.00', '2024-07-30 17:56:56', '2024-07-30 17:56:56', 0),
(3949, 8, 6, '1,6,8,41,21,24,27,29', '10.90', '39324.00', '2024-07-30 17:56:56', '2024-07-30 17:56:56', 0),
(3950, 8, 6, '1,6,8,41,21,24,47,29', '10.90', '38150.00', '2024-07-30 17:56:56', '2024-07-30 17:56:56', 0),
(3951, 8, 6, '1,6,8,41,21,25,27,29', '11.80', '39324.00', '2024-07-30 17:56:56', '2024-07-30 17:56:56', 0),
(3952, 8, 6, '1,6,8,41,21,25,47,29', '11.80', '38150.00', '2024-07-30 17:56:56', '2024-07-30 17:56:56', 0),
(3953, 8, 6, '1,6,8,46,20,22,27,29', '9.30', '38524.00', '2024-07-30 17:56:56', '2024-07-30 17:56:56', 0),
(3954, 8, 6, '1,6,8,46,20,22,47,29', '9.30', '37350.00', '2024-07-30 17:56:56', '2024-07-30 17:56:56', 0),
(3955, 8, 6, '1,6,8,46,20,23,27,29', '9.30', '37774.00', '2024-07-30 17:56:56', '2024-07-30 17:56:56', 0),
(3956, 8, 6, '1,6,8,46,20,23,47,29', '9.30', '36600.00', '2024-07-30 17:56:56', '2024-07-30 17:56:56', 0),
(3957, 8, 6, '1,6,8,46,20,24,27,29', '6.60', '37774.00', '2024-07-30 17:56:56', '2024-07-30 17:56:56', 0),
(3958, 8, 6, '1,6,8,46,20,24,47,29', '6.60', '36600.00', '2024-07-30 17:56:56', '2024-07-30 17:56:56', 0),
(3959, 8, 6, '1,6,8,46,20,25,27,29', '7.50', '37774.00', '2024-07-30 17:56:56', '2024-07-30 17:56:56', 0),
(3960, 8, 6, '1,6,8,46,20,25,47,29', '7.50', '36600.00', '2024-07-30 17:56:56', '2024-07-30 17:56:56', 0),
(3961, 8, 6, '1,6,8,46,21,22,27,29', '10.40', '38574.00', '2024-07-30 17:56:56', '2024-07-30 17:56:56', 0),
(3962, 8, 6, '1,6,8,46,21,22,47,29', '10.40', '37400.00', '2024-07-30 17:56:56', '2024-07-30 17:56:56', 0),
(3963, 8, 6, '1,6,8,46,21,23,27,29', '10.40', '37824.00', '2024-07-30 17:56:56', '2024-07-30 17:56:56', 0),
(3964, 8, 6, '1,6,8,46,21,23,47,29', '10.40', '36650.00', '2024-07-30 17:56:56', '2024-07-30 17:56:56', 0),
(3965, 8, 6, '1,6,8,46,21,24,27,29', '7.70', '37824.00', '2024-07-30 17:56:56', '2024-07-30 17:56:56', 0),
(3966, 8, 6, '1,6,8,46,21,24,47,29', '7.70', '36650.00', '2024-07-30 17:56:56', '2024-07-30 17:56:56', 0),
(3967, 8, 6, '1,6,8,46,21,25,27,29', '8.60', '37824.00', '2024-07-30 17:56:56', '2024-07-30 17:56:56', 0),
(3968, 8, 6, '1,6,8,46,21,25,47,29', '8.60', '36650.00', '2024-07-30 17:56:56', '2024-07-30 17:56:56', 0),
(3969, 8, 6, '1,6,9,15,20,22,27,29', '17.50', '42074.00', '2024-07-30 17:56:56', '2024-07-30 17:56:56', 0),
(3970, 8, 6, '1,6,9,15,20,22,47,29', '17.50', '40900.00', '2024-07-30 17:56:56', '2024-07-30 17:56:56', 0),
(3971, 8, 6, '1,6,9,15,20,23,27,29', '17.50', '41324.00', '2024-07-30 17:56:56', '2024-07-30 17:56:56', 0),
(3972, 8, 6, '1,6,9,15,20,23,47,29', '17.50', '40150.00', '2024-07-30 17:56:56', '2024-07-30 17:56:56', 0),
(3973, 8, 6, '1,6,9,15,20,24,27,29', '14.80', '41324.00', '2024-07-30 17:56:56', '2024-07-30 17:56:56', 0),
(3974, 8, 6, '1,6,9,15,20,24,47,29', '14.80', '40150.00', '2024-07-30 17:56:56', '2024-07-30 17:56:56', 0),
(3975, 8, 6, '1,6,9,15,20,25,27,29', '15.70', '41324.00', '2024-07-30 17:56:56', '2024-07-30 17:56:56', 0),
(3976, 8, 6, '1,6,9,15,20,25,47,29', '15.70', '40150.00', '2024-07-30 17:56:56', '2024-07-30 17:56:56', 0),
(3977, 8, 6, '1,6,9,15,21,22,27,29', '18.60', '42124.00', '2024-07-30 17:56:56', '2024-07-30 17:56:56', 0),
(3978, 8, 6, '1,6,9,15,21,22,47,29', '18.60', '40950.00', '2024-07-30 17:56:56', '2024-07-30 17:56:56', 0),
(3979, 8, 6, '1,6,9,15,21,23,27,29', '18.60', '41374.00', '2024-07-30 17:56:56', '2024-07-30 17:56:56', 0),
(3980, 8, 6, '1,6,9,15,21,23,47,29', '18.60', '40200.00', '2024-07-30 17:56:56', '2024-07-30 17:56:56', 0),
(3981, 8, 6, '1,6,9,15,21,24,27,29', '15.90', '41374.00', '2024-07-30 17:56:56', '2024-07-30 17:56:56', 0),
(3982, 8, 6, '1,6,9,15,21,24,47,29', '15.90', '40200.00', '2024-07-30 17:56:56', '2024-07-30 17:56:56', 0),
(3983, 8, 6, '1,6,9,15,21,25,27,29', '16.80', '41374.00', '2024-07-30 17:56:56', '2024-07-30 17:56:56', 0),
(3984, 8, 6, '1,6,9,15,21,25,47,29', '16.80', '40200.00', '2024-07-30 17:56:56', '2024-07-30 17:56:56', 0),
(3985, 8, 6, '1,6,9,41,20,22,27,29', '14.30', '41124.00', '2024-07-30 17:56:56', '2024-07-30 17:56:56', 0),
(3986, 8, 6, '1,6,9,41,20,22,47,29', '14.30', '39950.00', '2024-07-30 17:56:56', '2024-07-30 17:56:56', 0),
(3987, 8, 6, '1,6,9,41,20,23,27,29', '14.30', '40374.00', '2024-07-30 17:56:56', '2024-07-30 17:56:56', 0),
(3988, 8, 6, '1,6,9,41,20,23,47,29', '14.30', '39200.00', '2024-07-30 17:56:56', '2024-07-30 17:56:56', 0),
(3989, 8, 6, '1,6,9,41,20,24,27,29', '11.60', '40374.00', '2024-07-30 17:56:56', '2024-07-30 17:56:56', 0),
(3990, 8, 6, '1,6,9,41,20,24,47,29', '11.60', '39200.00', '2024-07-30 17:56:56', '2024-07-30 17:56:56', 0),
(3991, 8, 6, '1,6,9,41,20,25,27,29', '12.50', '40374.00', '2024-07-30 17:56:56', '2024-07-30 17:56:56', 0),
(3992, 8, 6, '1,6,9,41,20,25,47,29', '12.50', '39200.00', '2024-07-30 17:56:56', '2024-07-30 17:56:56', 0),
(3993, 8, 6, '1,6,9,41,21,22,27,29', '15.40', '41174.00', '2024-07-30 17:56:56', '2024-07-30 17:56:56', 0),
(3994, 8, 6, '1,6,9,41,21,22,47,29', '15.40', '40000.00', '2024-07-30 17:56:56', '2024-07-30 17:56:56', 0),
(3995, 8, 6, '1,6,9,41,21,23,27,29', '15.40', '40424.00', '2024-07-30 17:56:56', '2024-07-30 17:56:56', 0),
(3996, 8, 6, '1,6,9,41,21,23,47,29', '15.40', '39250.00', '2024-07-30 17:56:56', '2024-07-30 17:56:56', 0),
(3997, 8, 6, '1,6,9,41,21,24,27,29', '12.70', '40424.00', '2024-07-30 17:56:56', '2024-07-30 17:56:56', 0),
(3998, 8, 6, '1,6,9,41,21,24,47,29', '12.70', '39250.00', '2024-07-30 17:56:56', '2024-07-30 17:56:56', 0),
(3999, 8, 6, '1,6,9,41,21,25,27,29', '13.60', '40424.00', '2024-07-30 17:56:56', '2024-07-30 17:56:56', 0),
(4000, 8, 6, '1,6,9,41,21,25,47,29', '13.60', '39250.00', '2024-07-30 17:56:56', '2024-07-30 17:56:56', 0),
(4001, 8, 6, '1,6,9,46,20,22,27,29', '11.10', '39624.00', '2024-07-30 17:56:56', '2024-07-30 17:56:56', 0),
(4002, 8, 6, '1,6,9,46,20,22,47,29', '11.10', '38450.00', '2024-07-30 17:56:56', '2024-07-30 17:56:56', 0),
(4003, 8, 6, '1,6,9,46,20,23,27,29', '11.10', '38874.00', '2024-07-30 17:56:56', '2024-07-30 17:56:56', 0),
(4004, 8, 6, '1,6,9,46,20,23,47,29', '11.10', '37700.00', '2024-07-30 17:56:56', '2024-07-30 17:56:56', 0),
(4005, 8, 6, '1,6,9,46,20,24,27,29', '8.40', '38874.00', '2024-07-30 17:56:56', '2024-07-30 17:56:56', 0),
(4006, 8, 6, '1,6,9,46,20,24,47,29', '8.40', '37700.00', '2024-07-30 17:56:56', '2024-07-30 17:56:56', 0),
(4007, 8, 6, '1,6,9,46,20,25,27,29', '9.30', '38874.00', '2024-07-30 17:56:56', '2024-07-30 17:56:56', 0),
(4008, 8, 6, '1,6,9,46,20,25,47,29', '9.30', '37700.00', '2024-07-30 17:56:56', '2024-07-30 17:56:56', 0),
(4009, 8, 6, '1,6,9,46,21,22,27,29', '12.20', '39674.00', '2024-07-30 17:56:56', '2024-07-30 17:56:56', 0),
(4010, 8, 6, '1,6,9,46,21,22,47,29', '12.20', '38500.00', '2024-07-30 17:56:56', '2024-07-30 17:56:56', 0),
(4011, 8, 6, '1,6,9,46,21,23,27,29', '12.20', '38924.00', '2024-07-30 17:56:56', '2024-07-30 17:56:56', 0),
(4012, 8, 6, '1,6,9,46,21,23,47,29', '12.20', '37750.00', '2024-07-30 17:56:56', '2024-07-30 17:56:56', 0),
(4013, 8, 6, '1,6,9,46,21,24,27,29', '9.50', '38924.00', '2024-07-30 17:56:56', '2024-07-30 17:56:56', 0),
(4014, 8, 6, '1,6,9,46,21,24,47,29', '9.50', '37750.00', '2024-07-30 17:56:56', '2024-07-30 17:56:56', 0),
(4015, 8, 6, '1,6,9,46,21,25,27,29', '10.40', '38924.00', '2024-07-30 17:56:56', '2024-07-30 17:56:56', 0),
(4016, 8, 6, '1,6,9,46,21,25,47,29', '10.40', '37750.00', '2024-07-30 17:56:56', '2024-07-30 17:56:56', 0),
(4017, 8, 6, '1,6,10,15,20,22,27,29', '20.90', '43324.00', '2024-07-30 17:56:56', '2024-07-30 17:56:56', 0),
(4018, 8, 6, '1,6,10,15,20,22,47,29', '20.90', '42150.00', '2024-07-30 17:56:56', '2024-07-30 17:56:56', 0),
(4019, 8, 6, '1,6,10,15,20,23,27,29', '20.90', '42574.00', '2024-07-30 17:56:56', '2024-07-30 17:56:56', 0),
(4020, 8, 6, '1,6,10,15,20,23,47,29', '20.90', '41400.00', '2024-07-30 17:56:56', '2024-07-30 17:56:56', 0),
(4021, 8, 6, '1,6,10,15,20,24,27,29', '18.20', '42574.00', '2024-07-30 17:56:56', '2024-07-30 17:56:56', 0),
(4022, 8, 6, '1,6,10,15,20,24,47,29', '18.20', '41400.00', '2024-07-30 17:56:56', '2024-07-30 17:56:56', 0),
(4023, 8, 6, '1,6,10,15,20,25,27,29', '19.10', '42574.00', '2024-07-30 17:56:56', '2024-07-30 17:56:56', 0),
(4024, 8, 6, '1,6,10,15,20,25,47,29', '19.10', '41400.00', '2024-07-30 17:56:56', '2024-07-30 17:56:56', 0),
(4025, 8, 6, '1,6,10,15,21,22,27,29', '22.00', '43374.00', '2024-07-30 17:56:56', '2024-07-30 17:56:56', 0),
(4026, 8, 6, '1,6,10,15,21,22,47,29', '22.00', '42200.00', '2024-07-30 17:56:56', '2024-07-30 17:56:56', 0),
(4027, 8, 6, '1,6,10,15,21,23,27,29', '22.00', '42624.00', '2024-07-30 17:56:56', '2024-07-30 17:56:56', 0),
(4028, 8, 6, '1,6,10,15,21,23,47,29', '22.00', '41450.00', '2024-07-30 17:56:56', '2024-07-30 17:56:56', 0),
(4029, 8, 6, '1,6,10,15,21,24,27,29', '19.30', '42624.00', '2024-07-30 17:56:56', '2024-07-30 17:56:56', 0),
(4030, 8, 6, '1,6,10,15,21,24,47,29', '19.30', '41450.00', '2024-07-30 17:56:56', '2024-07-30 17:56:56', 0),
(4031, 8, 6, '1,6,10,15,21,25,27,29', '20.20', '42624.00', '2024-07-30 17:56:56', '2024-07-30 17:56:56', 0),
(4032, 8, 6, '1,6,10,15,21,25,47,29', '20.20', '41450.00', '2024-07-30 17:56:56', '2024-07-30 17:56:56', 0),
(4033, 8, 6, '1,6,10,41,20,22,27,29', '17.70', '42374.00', '2024-07-30 17:56:56', '2024-07-30 17:56:56', 0),
(4034, 8, 6, '1,6,10,41,20,22,47,29', '17.70', '41200.00', '2024-07-30 17:56:56', '2024-07-30 17:56:56', 0),
(4035, 8, 6, '1,6,10,41,20,23,27,29', '17.70', '41624.00', '2024-07-30 17:56:56', '2024-07-30 17:56:56', 0),
(4036, 8, 6, '1,6,10,41,20,23,47,29', '17.70', '40450.00', '2024-07-30 17:56:56', '2024-07-30 17:56:56', 0),
(4037, 8, 6, '1,6,10,41,20,24,27,29', '15.00', '41624.00', '2024-07-30 17:56:56', '2024-07-30 17:56:56', 0),
(4038, 8, 6, '1,6,10,41,20,24,47,29', '15.00', '40450.00', '2024-07-30 17:56:56', '2024-07-30 17:56:56', 0),
(4039, 8, 6, '1,6,10,41,20,25,27,29', '15.90', '41624.00', '2024-07-30 17:56:56', '2024-07-30 17:56:56', 0),
(4040, 8, 6, '1,6,10,41,20,25,47,29', '15.90', '40450.00', '2024-07-30 17:56:56', '2024-07-30 17:56:56', 0),
(4041, 8, 6, '1,6,10,41,21,22,27,29', '18.80', '42424.00', '2024-07-30 17:56:56', '2024-07-30 17:56:56', 0),
(4042, 8, 6, '1,6,10,41,21,22,47,29', '18.80', '41250.00', '2024-07-30 17:56:56', '2024-07-30 17:56:56', 0),
(4043, 8, 6, '1,6,10,41,21,23,27,29', '18.80', '41674.00', '2024-07-30 17:56:56', '2024-07-30 17:56:56', 0),
(4044, 8, 6, '1,6,10,41,21,23,47,29', '18.80', '40500.00', '2024-07-30 17:56:56', '2024-07-30 17:56:56', 0),
(4045, 8, 6, '1,6,10,41,21,24,27,29', '16.10', '41674.00', '2024-07-30 17:56:56', '2024-07-30 17:56:56', 0),
(4046, 8, 6, '1,6,10,41,21,24,47,29', '16.10', '40500.00', '2024-07-30 17:56:56', '2024-07-30 17:56:56', 0),
(4047, 8, 6, '1,6,10,41,21,25,27,29', '17.00', '41674.00', '2024-07-30 17:56:56', '2024-07-30 17:56:56', 0),
(4048, 8, 6, '1,6,10,41,21,25,47,29', '17.00', '40500.00', '2024-07-30 17:56:56', '2024-07-30 17:56:56', 0),
(4049, 8, 6, '1,6,10,46,20,22,27,29', '14.50', '40874.00', '2024-07-30 17:56:56', '2024-07-30 17:56:56', 0),
(4050, 8, 6, '1,6,10,46,20,22,47,29', '14.50', '39700.00', '2024-07-30 17:56:56', '2024-07-30 17:56:56', 0),
(4051, 8, 6, '1,6,10,46,20,23,27,29', '14.50', '40124.00', '2024-07-30 17:56:56', '2024-07-30 17:56:56', 0),
(4052, 8, 6, '1,6,10,46,20,23,47,29', '14.50', '38950.00', '2024-07-30 17:56:56', '2024-07-30 17:56:56', 0),
(4053, 8, 6, '1,6,10,46,20,24,27,29', '11.80', '40124.00', '2024-07-30 17:56:56', '2024-07-30 17:56:56', 0),
(4054, 8, 6, '1,6,10,46,20,24,47,29', '11.80', '38950.00', '2024-07-30 17:56:56', '2024-07-30 17:56:56', 0),
(4055, 8, 6, '1,6,10,46,20,25,27,29', '12.70', '40124.00', '2024-07-30 17:56:56', '2024-07-30 17:56:56', 0),
(4056, 8, 6, '1,6,10,46,20,25,47,29', '12.70', '38950.00', '2024-07-30 17:56:56', '2024-07-30 17:56:56', 0),
(4057, 8, 6, '1,6,10,46,21,22,27,29', '15.60', '40924.00', '2024-07-30 17:56:56', '2024-07-30 17:56:56', 0),
(4058, 8, 6, '1,6,10,46,21,22,47,29', '15.60', '39750.00', '2024-07-30 17:56:56', '2024-07-30 17:56:56', 0),
(4059, 8, 6, '1,6,10,46,21,23,27,29', '15.60', '40174.00', '2024-07-30 17:56:56', '2024-07-30 17:56:56', 0),
(4060, 8, 6, '1,6,10,46,21,23,47,29', '15.60', '39000.00', '2024-07-30 17:56:56', '2024-07-30 17:56:56', 0),
(4061, 8, 6, '1,6,10,46,21,24,27,29', '12.90', '40174.00', '2024-07-30 17:56:56', '2024-07-30 17:56:56', 0),
(4062, 8, 6, '1,6,10,46,21,24,47,29', '12.90', '39000.00', '2024-07-30 17:56:56', '2024-07-30 17:56:56', 0),
(4063, 8, 6, '1,6,10,46,21,25,27,29', '13.80', '40174.00', '2024-07-30 17:56:56', '2024-07-30 17:56:56', 0),
(4064, 8, 6, '1,6,10,46,21,25,47,29', '13.80', '39000.00', '2024-07-30 17:56:56', '2024-07-30 17:56:56', 0),
(4065, 8, 6, '1,6,11,15,20,22,27,29', '13.90', '44724.00', '2024-07-30 17:56:56', '2024-07-30 17:56:56', 0),
(4066, 8, 6, '1,6,11,15,20,22,47,29', '13.90', '43550.00', '2024-07-30 17:56:56', '2024-07-30 17:56:56', 0),
(4067, 8, 6, '1,6,11,15,20,23,27,29', '13.90', '43974.00', '2024-07-30 17:56:56', '2024-07-30 17:56:56', 0),
(4068, 8, 6, '1,6,11,15,20,23,47,29', '13.90', '42800.00', '2024-07-30 17:56:56', '2024-07-30 17:56:56', 0),
(4069, 8, 6, '1,6,11,15,20,24,27,29', '11.20', '43974.00', '2024-07-30 17:56:56', '2024-07-30 17:56:56', 0),
(4070, 8, 6, '1,6,11,15,20,24,47,29', '11.20', '42800.00', '2024-07-30 17:56:56', '2024-07-30 17:56:56', 0),
(4071, 8, 6, '1,6,11,15,20,25,27,29', '12.10', '43974.00', '2024-07-30 17:56:56', '2024-07-30 17:56:56', 0),
(4072, 8, 6, '1,6,11,15,20,25,47,29', '12.10', '42800.00', '2024-07-30 17:56:56', '2024-07-30 17:56:56', 0),
(4073, 8, 6, '1,6,11,15,21,22,27,29', '15.00', '44774.00', '2024-07-30 17:56:56', '2024-07-30 17:56:56', 0),
(4074, 8, 6, '1,6,11,15,21,22,47,29', '15.00', '43600.00', '2024-07-30 17:56:56', '2024-07-30 17:56:56', 0),
(4075, 8, 6, '1,6,11,15,21,23,27,29', '15.00', '44024.00', '2024-07-30 17:56:56', '2024-07-30 17:56:56', 0),
(4076, 8, 6, '1,6,11,15,21,23,47,29', '15.00', '42850.00', '2024-07-30 17:56:56', '2024-07-30 17:56:56', 0),
(4077, 8, 6, '1,6,11,15,21,24,27,29', '12.30', '44024.00', '2024-07-30 17:56:56', '2024-07-30 17:56:56', 0),
(4078, 8, 6, '1,6,11,15,21,24,47,29', '12.30', '42850.00', '2024-07-30 17:56:56', '2024-07-30 17:56:56', 0),
(4079, 8, 6, '1,6,11,15,21,25,27,29', '13.20', '44024.00', '2024-07-30 17:56:56', '2024-07-30 17:56:56', 0),
(4080, 8, 6, '1,6,11,15,21,25,47,29', '13.20', '42850.00', '2024-07-30 17:56:56', '2024-07-30 17:56:56', 0),
(4081, 8, 6, '1,6,11,41,20,22,27,29', '10.70', '43774.00', '2024-07-30 17:56:56', '2024-07-30 17:56:56', 0),
(4082, 8, 6, '1,6,11,41,20,22,47,29', '10.70', '42600.00', '2024-07-30 17:56:56', '2024-07-30 17:56:56', 0),
(4083, 8, 6, '1,6,11,41,20,23,27,29', '10.70', '43024.00', '2024-07-30 17:56:56', '2024-07-30 17:56:56', 0),
(4084, 8, 6, '1,6,11,41,20,23,47,29', '10.70', '41850.00', '2024-07-30 17:56:56', '2024-07-30 17:56:56', 0),
(4085, 8, 6, '1,6,11,41,20,24,27,29', '8.00', '43024.00', '2024-07-30 17:56:56', '2024-07-30 17:56:56', 0),
(4086, 8, 6, '1,6,11,41,20,24,47,29', '8.00', '41850.00', '2024-07-30 17:56:56', '2024-07-30 17:56:56', 0),
(4087, 8, 6, '1,6,11,41,20,25,27,29', '8.90', '43024.00', '2024-07-30 17:56:56', '2024-07-30 17:56:56', 0),
(4088, 8, 6, '1,6,11,41,20,25,47,29', '8.90', '41850.00', '2024-07-30 17:56:56', '2024-07-30 17:56:56', 0),
(4089, 8, 6, '1,6,11,41,21,22,27,29', '11.80', '43824.00', '2024-07-30 17:56:56', '2024-07-30 17:56:56', 0),
(4090, 8, 6, '1,6,11,41,21,22,47,29', '11.80', '42650.00', '2024-07-30 17:56:56', '2024-07-30 17:56:56', 0),
(4091, 8, 6, '1,6,11,41,21,23,27,29', '11.80', '43074.00', '2024-07-30 17:56:56', '2024-07-30 17:56:56', 0),
(4092, 8, 6, '1,6,11,41,21,23,47,29', '11.80', '41900.00', '2024-07-30 17:56:56', '2024-07-30 17:56:56', 0),
(4093, 8, 6, '1,6,11,41,21,24,27,29', '9.10', '43074.00', '2024-07-30 17:56:56', '2024-07-30 17:56:56', 0),
(4094, 8, 6, '1,6,11,41,21,24,47,29', '9.10', '41900.00', '2024-07-30 17:56:56', '2024-07-30 17:56:56', 0),
(4095, 8, 6, '1,6,11,41,21,25,27,29', '10.00', '43074.00', '2024-07-30 17:56:56', '2024-07-30 17:56:56', 0),
(4096, 8, 6, '1,6,11,41,21,25,47,29', '10.00', '41900.00', '2024-07-30 17:56:56', '2024-07-30 17:56:56', 0),
(4097, 8, 6, '1,6,11,46,20,22,27,29', '7.50', '42274.00', '2024-07-30 17:56:56', '2024-07-30 17:56:56', 0),
(4098, 8, 6, '1,6,11,46,20,22,47,29', '7.50', '41100.00', '2024-07-30 17:56:56', '2024-07-30 17:56:56', 0),
(4099, 8, 6, '1,6,11,46,20,23,27,29', '7.50', '41524.00', '2024-07-30 17:56:56', '2024-07-30 17:56:56', 0),
(4100, 8, 6, '1,6,11,46,20,23,47,29', '7.50', '40350.00', '2024-07-30 17:56:56', '2024-07-30 17:56:56', 0),
(4101, 8, 6, '1,6,11,46,20,24,27,29', '4.80', '41524.00', '2024-07-30 17:56:56', '2024-07-30 17:56:56', 0),
(4102, 8, 6, '1,6,11,46,20,24,47,29', '4.80', '40350.00', '2024-07-30 17:56:56', '2024-07-30 17:56:56', 0),
(4103, 8, 6, '1,6,11,46,20,25,27,29', '5.70', '41524.00', '2024-07-30 17:56:56', '2024-07-30 17:56:56', 0),
(4104, 8, 6, '1,6,11,46,20,25,47,29', '5.70', '40350.00', '2024-07-30 17:56:56', '2024-07-30 17:56:56', 0),
(4105, 8, 6, '1,6,11,46,21,22,27,29', '8.60', '42324.00', '2024-07-30 17:56:56', '2024-07-30 17:56:56', 0),
(4106, 8, 6, '1,6,11,46,21,22,47,29', '8.60', '41150.00', '2024-07-30 17:56:56', '2024-07-30 17:56:56', 0),
(4107, 8, 6, '1,6,11,46,21,23,27,29', '8.60', '41574.00', '2024-07-30 17:56:56', '2024-07-30 17:56:56', 0),
(4108, 8, 6, '1,6,11,46,21,23,47,29', '8.60', '40400.00', '2024-07-30 17:56:56', '2024-07-30 17:56:56', 0),
(4109, 8, 6, '1,6,11,46,21,24,27,29', '5.90', '41574.00', '2024-07-30 17:56:56', '2024-07-30 17:56:56', 0),
(4110, 8, 6, '1,6,11,46,21,24,47,29', '5.90', '40400.00', '2024-07-30 17:56:56', '2024-07-30 17:56:56', 0),
(4111, 8, 6, '1,6,11,46,21,25,27,29', '6.80', '41574.00', '2024-07-30 17:56:56', '2024-07-30 17:56:56', 0),
(4112, 8, 6, '1,6,11,46,21,25,47,29', '6.80', '40400.00', '2024-07-30 17:56:56', '2024-07-30 17:56:56', 0),
(4113, 8, 6, '2,5,8,15,20,22,27,29', '17.70', '44074.00', '2024-07-30 17:56:56', '2024-07-30 17:56:56', 0),
(4114, 8, 6, '2,5,8,15,20,22,47,29', '17.70', '42900.00', '2024-07-30 17:56:56', '2024-07-30 17:56:56', 0),
(4115, 8, 6, '2,5,8,15,20,23,27,29', '17.70', '43324.00', '2024-07-30 17:56:56', '2024-07-30 17:56:56', 0),
(4116, 8, 6, '2,5,8,15,20,23,47,29', '17.70', '42150.00', '2024-07-30 17:56:56', '2024-07-30 17:56:56', 0),
(4117, 8, 6, '2,5,8,15,20,24,27,29', '15.00', '43324.00', '2024-07-30 17:56:56', '2024-07-30 17:56:56', 0),
(4118, 8, 6, '2,5,8,15,20,24,47,29', '15.00', '42150.00', '2024-07-30 17:56:56', '2024-07-30 17:56:56', 0),
(4119, 8, 6, '2,5,8,15,20,25,27,29', '15.90', '43324.00', '2024-07-30 17:56:56', '2024-07-30 17:56:56', 0),
(4120, 8, 6, '2,5,8,15,20,25,47,29', '15.90', '42150.00', '2024-07-30 17:56:56', '2024-07-30 17:56:56', 0),
(4121, 8, 6, '2,5,8,15,21,22,27,29', '18.80', '44124.00', '2024-07-30 17:56:56', '2024-07-30 17:56:56', 0),
(4122, 8, 6, '2,5,8,15,21,22,47,29', '18.80', '42950.00', '2024-07-30 17:56:56', '2024-07-30 17:56:56', 0),
(4123, 8, 6, '2,5,8,15,21,23,27,29', '18.80', '43374.00', '2024-07-30 17:56:56', '2024-07-30 17:56:56', 0),
(4124, 8, 6, '2,5,8,15,21,23,47,29', '18.80', '42200.00', '2024-07-30 17:56:56', '2024-07-30 17:56:56', 0),
(4125, 8, 6, '2,5,8,15,21,24,27,29', '16.10', '43374.00', '2024-07-30 17:56:56', '2024-07-30 17:56:56', 0),
(4126, 8, 6, '2,5,8,15,21,24,47,29', '16.10', '42200.00', '2024-07-30 17:56:56', '2024-07-30 17:56:56', 0),
(4127, 8, 6, '2,5,8,15,21,25,27,29', '17.00', '43374.00', '2024-07-30 17:56:56', '2024-07-30 17:56:56', 0),
(4128, 8, 6, '2,5,8,15,21,25,47,29', '17.00', '42200.00', '2024-07-30 17:56:56', '2024-07-30 17:56:56', 0),
(4129, 8, 6, '2,5,8,41,20,22,27,29', '14.50', '43124.00', '2024-07-30 17:56:56', '2024-07-30 17:56:56', 0),
(4130, 8, 6, '2,5,8,41,20,22,47,29', '14.50', '41950.00', '2024-07-30 17:56:56', '2024-07-30 17:56:56', 0),
(4131, 8, 6, '2,5,8,41,20,23,27,29', '14.50', '42374.00', '2024-07-30 17:56:56', '2024-07-30 17:56:56', 0),
(4132, 8, 6, '2,5,8,41,20,23,47,29', '14.50', '41200.00', '2024-07-30 17:56:56', '2024-07-30 17:56:56', 0),
(4133, 8, 6, '2,5,8,41,20,24,27,29', '11.80', '42374.00', '2024-07-30 17:56:56', '2024-07-30 17:56:56', 0),
(4134, 8, 6, '2,5,8,41,20,24,47,29', '11.80', '41200.00', '2024-07-30 17:56:56', '2024-07-30 17:56:56', 0),
(4135, 8, 6, '2,5,8,41,20,25,27,29', '12.70', '42374.00', '2024-07-30 17:56:56', '2024-07-30 17:56:56', 0),
(4136, 8, 6, '2,5,8,41,20,25,47,29', '12.70', '41200.00', '2024-07-30 17:56:56', '2024-07-30 17:56:56', 0),
(4137, 8, 6, '2,5,8,41,21,22,27,29', '15.60', '43174.00', '2024-07-30 17:56:56', '2024-07-30 17:56:56', 0),
(4138, 8, 6, '2,5,8,41,21,22,47,29', '15.60', '42000.00', '2024-07-30 17:56:56', '2024-07-30 17:56:56', 0),
(4139, 8, 6, '2,5,8,41,21,23,27,29', '15.60', '42424.00', '2024-07-30 17:56:56', '2024-07-30 17:56:56', 0),
(4140, 8, 6, '2,5,8,41,21,23,47,29', '15.60', '41250.00', '2024-07-30 17:56:56', '2024-07-30 17:56:56', 0),
(4141, 8, 6, '2,5,8,41,21,24,27,29', '12.90', '42424.00', '2024-07-30 17:56:56', '2024-07-30 17:56:56', 0),
(4142, 8, 6, '2,5,8,41,21,24,47,29', '12.90', '41250.00', '2024-07-30 17:56:56', '2024-07-30 17:56:56', 0),
(4143, 8, 6, '2,5,8,41,21,25,27,29', '13.80', '42424.00', '2024-07-30 17:56:56', '2024-07-30 17:56:56', 0),
(4144, 8, 6, '2,5,8,41,21,25,47,29', '13.80', '41250.00', '2024-07-30 17:56:56', '2024-07-30 17:56:56', 0),
(4145, 8, 6, '2,5,8,46,20,22,27,29', '11.30', '41624.00', '2024-07-30 17:56:56', '2024-07-30 17:56:56', 0),
(4146, 8, 6, '2,5,8,46,20,22,47,29', '11.30', '40450.00', '2024-07-30 17:56:56', '2024-07-30 17:56:56', 0),
(4147, 8, 6, '2,5,8,46,20,23,27,29', '11.30', '40874.00', '2024-07-30 17:56:56', '2024-07-30 17:56:56', 0),
(4148, 8, 6, '2,5,8,46,20,23,47,29', '11.30', '39700.00', '2024-07-30 17:56:56', '2024-07-30 17:56:56', 0),
(4149, 8, 6, '2,5,8,46,20,24,27,29', '8.60', '40874.00', '2024-07-30 17:56:56', '2024-07-30 17:56:56', 0),
(4150, 8, 6, '2,5,8,46,20,24,47,29', '8.60', '39700.00', '2024-07-30 17:56:56', '2024-07-30 17:56:56', 0),
(4151, 8, 6, '2,5,8,46,20,25,27,29', '9.50', '40874.00', '2024-07-30 17:56:56', '2024-07-30 17:56:56', 0),
(4152, 8, 6, '2,5,8,46,20,25,47,29', '9.50', '39700.00', '2024-07-30 17:56:56', '2024-07-30 17:56:56', 0),
(4153, 8, 6, '2,5,8,46,21,22,27,29', '12.40', '41674.00', '2024-07-30 17:56:56', '2024-07-30 17:56:56', 0),
(4154, 8, 6, '2,5,8,46,21,22,47,29', '12.40', '40500.00', '2024-07-30 17:56:56', '2024-07-30 17:56:56', 0),
(4155, 8, 6, '2,5,8,46,21,23,27,29', '12.40', '40924.00', '2024-07-30 17:56:56', '2024-07-30 17:56:56', 0),
(4156, 8, 6, '2,5,8,46,21,23,47,29', '12.40', '39750.00', '2024-07-30 17:56:56', '2024-07-30 17:56:56', 0),
(4157, 8, 6, '2,5,8,46,21,24,27,29', '9.70', '40924.00', '2024-07-30 17:56:56', '2024-07-30 17:56:56', 0),
(4158, 8, 6, '2,5,8,46,21,24,47,29', '9.70', '39750.00', '2024-07-30 17:56:56', '2024-07-30 17:56:56', 0),
(4159, 8, 6, '2,5,8,46,21,25,27,29', '10.60', '40924.00', '2024-07-30 17:56:56', '2024-07-30 17:56:56', 0),
(4160, 8, 6, '2,5,8,46,21,25,47,29', '10.60', '39750.00', '2024-07-30 17:56:56', '2024-07-30 17:56:56', 0),
(4161, 8, 6, '2,5,9,15,20,22,27,29', '19.50', '45174.00', '2024-07-30 17:56:56', '2024-07-30 17:56:56', 0),
(4162, 8, 6, '2,5,9,15,20,22,47,29', '19.50', '44000.00', '2024-07-30 17:56:56', '2024-07-30 17:56:56', 0),
(4163, 8, 6, '2,5,9,15,20,23,27,29', '19.50', '44424.00', '2024-07-30 17:56:56', '2024-07-30 17:56:56', 0),
(4164, 8, 6, '2,5,9,15,20,23,47,29', '19.50', '43250.00', '2024-07-30 17:56:56', '2024-07-30 17:56:56', 0),
(4165, 8, 6, '2,5,9,15,20,24,27,29', '16.80', '44424.00', '2024-07-30 17:56:56', '2024-07-30 17:56:56', 0),
(4166, 8, 6, '2,5,9,15,20,24,47,29', '16.80', '43250.00', '2024-07-30 17:56:56', '2024-07-30 17:56:56', 0),
(4167, 8, 6, '2,5,9,15,20,25,27,29', '17.70', '44424.00', '2024-07-30 17:56:56', '2024-07-30 17:56:56', 0),
(4168, 8, 6, '2,5,9,15,20,25,47,29', '17.70', '43250.00', '2024-07-30 17:56:56', '2024-07-30 17:56:56', 0),
(4169, 8, 6, '2,5,9,15,21,22,27,29', '20.60', '45224.00', '2024-07-30 17:56:56', '2024-07-30 17:56:56', 0),
(4170, 8, 6, '2,5,9,15,21,22,47,29', '20.60', '44050.00', '2024-07-30 17:56:56', '2024-07-30 17:56:56', 0),
(4171, 8, 6, '2,5,9,15,21,23,27,29', '20.60', '44474.00', '2024-07-30 17:56:56', '2024-07-30 17:56:56', 0),
(4172, 8, 6, '2,5,9,15,21,23,47,29', '20.60', '43300.00', '2024-07-30 17:56:56', '2024-07-30 17:56:56', 0),
(4173, 8, 6, '2,5,9,15,21,24,27,29', '17.90', '44474.00', '2024-07-30 17:56:56', '2024-07-30 17:56:56', 0),
(4174, 8, 6, '2,5,9,15,21,24,47,29', '17.90', '43300.00', '2024-07-30 17:56:56', '2024-07-30 17:56:56', 0),
(4175, 8, 6, '2,5,9,15,21,25,27,29', '18.80', '44474.00', '2024-07-30 17:56:56', '2024-07-30 17:56:56', 0),
(4176, 8, 6, '2,5,9,15,21,25,47,29', '18.80', '43300.00', '2024-07-30 17:56:56', '2024-07-30 17:56:56', 0),
(4177, 8, 6, '2,5,9,41,20,22,27,29', '16.30', '44224.00', '2024-07-30 17:56:56', '2024-07-30 17:56:56', 0),
(4178, 8, 6, '2,5,9,41,20,22,47,29', '16.30', '43050.00', '2024-07-30 17:56:56', '2024-07-30 17:56:56', 0),
(4179, 8, 6, '2,5,9,41,20,23,27,29', '16.30', '43474.00', '2024-07-30 17:56:56', '2024-07-30 17:56:56', 0),
(4180, 8, 6, '2,5,9,41,20,23,47,29', '16.30', '42300.00', '2024-07-30 17:56:56', '2024-07-30 17:56:56', 0),
(4181, 8, 6, '2,5,9,41,20,24,27,29', '13.60', '43474.00', '2024-07-30 17:56:56', '2024-07-30 17:56:56', 0),
(4182, 8, 6, '2,5,9,41,20,24,47,29', '13.60', '42300.00', '2024-07-30 17:56:56', '2024-07-30 17:56:56', 0),
(4183, 8, 6, '2,5,9,41,20,25,27,29', '14.50', '43474.00', '2024-07-30 17:56:56', '2024-07-30 17:56:56', 0),
(4184, 8, 6, '2,5,9,41,20,25,47,29', '14.50', '42300.00', '2024-07-30 17:56:56', '2024-07-30 17:56:56', 0),
(4185, 8, 6, '2,5,9,41,21,22,27,29', '17.40', '44274.00', '2024-07-30 17:56:56', '2024-07-30 17:56:56', 0),
(4186, 8, 6, '2,5,9,41,21,22,47,29', '17.40', '43100.00', '2024-07-30 17:56:56', '2024-07-30 17:56:56', 0),
(4187, 8, 6, '2,5,9,41,21,23,27,29', '17.40', '43524.00', '2024-07-30 17:56:56', '2024-07-30 17:56:56', 0),
(4188, 8, 6, '2,5,9,41,21,23,47,29', '17.40', '42350.00', '2024-07-30 17:56:56', '2024-07-30 17:56:56', 0),
(4189, 8, 6, '2,5,9,41,21,24,27,29', '14.70', '43524.00', '2024-07-30 17:56:56', '2024-07-30 17:56:56', 0),
(4190, 8, 6, '2,5,9,41,21,24,47,29', '14.70', '42350.00', '2024-07-30 17:56:56', '2024-07-30 17:56:56', 0),
(4191, 8, 6, '2,5,9,41,21,25,27,29', '15.60', '43524.00', '2024-07-30 17:56:56', '2024-07-30 17:56:56', 0),
(4192, 8, 6, '2,5,9,41,21,25,47,29', '15.60', '42350.00', '2024-07-30 17:56:56', '2024-07-30 17:56:56', 0),
(4193, 8, 6, '2,5,9,46,20,22,27,29', '13.10', '42724.00', '2024-07-30 17:56:56', '2024-07-30 17:56:56', 0),
(4194, 8, 6, '2,5,9,46,20,22,47,29', '13.10', '41550.00', '2024-07-30 17:56:56', '2024-07-30 17:56:56', 0),
(4195, 8, 6, '2,5,9,46,20,23,27,29', '13.10', '41974.00', '2024-07-30 17:56:56', '2024-07-30 17:56:56', 0),
(4196, 8, 6, '2,5,9,46,20,23,47,29', '13.10', '40800.00', '2024-07-30 17:56:56', '2024-07-30 17:56:56', 0),
(4197, 8, 6, '2,5,9,46,20,24,27,29', '10.40', '41974.00', '2024-07-30 17:56:56', '2024-07-30 17:56:56', 0),
(4198, 8, 6, '2,5,9,46,20,24,47,29', '10.40', '40800.00', '2024-07-30 17:56:56', '2024-07-30 17:56:56', 0),
(4199, 8, 6, '2,5,9,46,20,25,27,29', '11.30', '41974.00', '2024-07-30 17:56:56', '2024-07-30 17:56:56', 0),
(4200, 8, 6, '2,5,9,46,20,25,47,29', '11.30', '40800.00', '2024-07-30 17:56:56', '2024-07-30 17:56:56', 0),
(4201, 8, 6, '2,5,9,46,21,22,27,29', '14.20', '42774.00', '2024-07-30 17:56:56', '2024-07-30 17:56:56', 0),
(4202, 8, 6, '2,5,9,46,21,22,47,29', '14.20', '41600.00', '2024-07-30 17:56:56', '2024-07-30 17:56:56', 0),
(4203, 8, 6, '2,5,9,46,21,23,27,29', '14.20', '42024.00', '2024-07-30 17:56:56', '2024-07-30 17:56:56', 0),
(4204, 8, 6, '2,5,9,46,21,23,47,29', '14.20', '40850.00', '2024-07-30 17:56:56', '2024-07-30 17:56:56', 0),
(4205, 8, 6, '2,5,9,46,21,24,27,29', '11.50', '42024.00', '2024-07-30 17:56:56', '2024-07-30 17:56:56', 0),
(4206, 8, 6, '2,5,9,46,21,24,47,29', '11.50', '40850.00', '2024-07-30 17:56:56', '2024-07-30 17:56:56', 0),
(4207, 8, 6, '2,5,9,46,21,25,27,29', '12.40', '42024.00', '2024-07-30 17:56:56', '2024-07-30 17:56:56', 0),
(4208, 8, 6, '2,5,9,46,21,25,47,29', '12.40', '40850.00', '2024-07-30 17:56:56', '2024-07-30 17:56:56', 0),
(4209, 8, 6, '2,5,10,15,20,22,27,29', '22.90', '46424.00', '2024-07-30 17:56:56', '2024-07-30 17:56:56', 0),
(4210, 8, 6, '2,5,10,15,20,22,47,29', '22.90', '45250.00', '2024-07-30 17:56:56', '2024-07-30 17:56:56', 0),
(4211, 8, 6, '2,5,10,15,20,23,27,29', '22.90', '45674.00', '2024-07-30 17:56:56', '2024-07-30 17:56:56', 0),
(4212, 8, 6, '2,5,10,15,20,23,47,29', '22.90', '44500.00', '2024-07-30 17:56:56', '2024-07-30 17:56:56', 0),
(4213, 8, 6, '2,5,10,15,20,24,27,29', '20.20', '45674.00', '2024-07-30 17:56:56', '2024-07-30 17:56:56', 0),
(4214, 8, 6, '2,5,10,15,20,24,47,29', '20.20', '44500.00', '2024-07-30 17:56:56', '2024-07-30 17:56:56', 0),
(4215, 8, 6, '2,5,10,15,20,25,27,29', '21.10', '45674.00', '2024-07-30 17:56:56', '2024-07-30 17:56:56', 0),
(4216, 8, 6, '2,5,10,15,20,25,47,29', '21.10', '44500.00', '2024-07-30 17:56:56', '2024-07-30 17:56:56', 0),
(4217, 8, 6, '2,5,10,15,21,22,27,29', '24.00', '46474.00', '2024-07-30 17:56:56', '2024-07-30 17:56:56', 0),
(4218, 8, 6, '2,5,10,15,21,22,47,29', '24.00', '45300.00', '2024-07-30 17:56:56', '2024-07-30 17:56:56', 0),
(4219, 8, 6, '2,5,10,15,21,23,27,29', '24.00', '45724.00', '2024-07-30 17:56:56', '2024-07-30 17:56:56', 0),
(4220, 8, 6, '2,5,10,15,21,23,47,29', '24.00', '44550.00', '2024-07-30 17:56:56', '2024-07-30 17:56:56', 0),
(4221, 8, 6, '2,5,10,15,21,24,27,29', '21.30', '45724.00', '2024-07-30 17:56:56', '2024-07-30 17:56:56', 0),
(4222, 8, 6, '2,5,10,15,21,24,47,29', '21.30', '44550.00', '2024-07-30 17:56:56', '2024-07-30 17:56:56', 0),
(4223, 8, 6, '2,5,10,15,21,25,27,29', '22.20', '45724.00', '2024-07-30 17:56:56', '2024-07-30 17:56:56', 0),
(4224, 8, 6, '2,5,10,15,21,25,47,29', '22.20', '44550.00', '2024-07-30 17:56:56', '2024-07-30 17:56:56', 0),
(4225, 8, 6, '2,5,10,41,20,22,27,29', '19.70', '45474.00', '2024-07-30 17:56:56', '2024-07-30 17:56:56', 0),
(4226, 8, 6, '2,5,10,41,20,22,47,29', '19.70', '44300.00', '2024-07-30 17:56:56', '2024-07-30 17:56:56', 0),
(4227, 8, 6, '2,5,10,41,20,23,27,29', '19.70', '44724.00', '2024-07-30 17:56:56', '2024-07-30 17:56:56', 0),
(4228, 8, 6, '2,5,10,41,20,23,47,29', '19.70', '43550.00', '2024-07-30 17:56:56', '2024-07-30 17:56:56', 0),
(4229, 8, 6, '2,5,10,41,20,24,27,29', '17.00', '44724.00', '2024-07-30 17:56:56', '2024-07-30 17:56:56', 0),
(4230, 8, 6, '2,5,10,41,20,24,47,29', '17.00', '43550.00', '2024-07-30 17:56:56', '2024-07-30 17:56:56', 0),
(4231, 8, 6, '2,5,10,41,20,25,27,29', '17.90', '44724.00', '2024-07-30 17:56:56', '2024-07-30 17:56:56', 0),
(4232, 8, 6, '2,5,10,41,20,25,47,29', '17.90', '43550.00', '2024-07-30 17:56:56', '2024-07-30 17:56:56', 0),
(4233, 8, 6, '2,5,10,41,21,22,27,29', '20.80', '45524.00', '2024-07-30 17:56:56', '2024-07-30 17:56:56', 0),
(4234, 8, 6, '2,5,10,41,21,22,47,29', '20.80', '44350.00', '2024-07-30 17:56:56', '2024-07-30 17:56:56', 0),
(4235, 8, 6, '2,5,10,41,21,23,27,29', '20.80', '44774.00', '2024-07-30 17:56:56', '2024-07-30 17:56:56', 0),
(4236, 8, 6, '2,5,10,41,21,23,47,29', '20.80', '43600.00', '2024-07-30 17:56:56', '2024-07-30 17:56:56', 0),
(4237, 8, 6, '2,5,10,41,21,24,27,29', '18.10', '44774.00', '2024-07-30 17:56:56', '2024-07-30 17:56:56', 0),
(4238, 8, 6, '2,5,10,41,21,24,47,29', '18.10', '43600.00', '2024-07-30 17:56:56', '2024-07-30 17:56:56', 0),
(4239, 8, 6, '2,5,10,41,21,25,27,29', '19.00', '44774.00', '2024-07-30 17:56:56', '2024-07-30 17:56:56', 0),
(4240, 8, 6, '2,5,10,41,21,25,47,29', '19.00', '43600.00', '2024-07-30 17:56:56', '2024-07-30 17:56:56', 0),
(4241, 8, 6, '2,5,10,46,20,22,27,29', '16.50', '43974.00', '2024-07-30 17:56:56', '2024-07-30 17:56:56', 0),
(4242, 8, 6, '2,5,10,46,20,22,47,29', '16.50', '42800.00', '2024-07-30 17:56:56', '2024-07-30 17:56:56', 0),
(4243, 8, 6, '2,5,10,46,20,23,27,29', '16.50', '43224.00', '2024-07-30 17:56:56', '2024-07-30 17:56:56', 0),
(4244, 8, 6, '2,5,10,46,20,23,47,29', '16.50', '42050.00', '2024-07-30 17:56:56', '2024-07-30 17:56:56', 0),
(4245, 8, 6, '2,5,10,46,20,24,27,29', '13.80', '43224.00', '2024-07-30 17:56:56', '2024-07-30 17:56:56', 0),
(4246, 8, 6, '2,5,10,46,20,24,47,29', '13.80', '42050.00', '2024-07-30 17:56:56', '2024-07-30 17:56:56', 0),
(4247, 8, 6, '2,5,10,46,20,25,27,29', '14.70', '43224.00', '2024-07-30 17:56:56', '2024-07-30 17:56:56', 0),
(4248, 8, 6, '2,5,10,46,20,25,47,29', '14.70', '42050.00', '2024-07-30 17:56:56', '2024-07-30 17:56:56', 0),
(4249, 8, 6, '2,5,10,46,21,22,27,29', '17.60', '44024.00', '2024-07-30 17:56:56', '2024-07-30 17:56:56', 0),
(4250, 8, 6, '2,5,10,46,21,22,47,29', '17.60', '42850.00', '2024-07-30 17:56:56', '2024-07-30 17:56:56', 0),
(4251, 8, 6, '2,5,10,46,21,23,27,29', '17.60', '43274.00', '2024-07-30 17:56:56', '2024-07-30 17:56:56', 0),
(4252, 8, 6, '2,5,10,46,21,23,47,29', '17.60', '42100.00', '2024-07-30 17:56:56', '2024-07-30 17:56:56', 0),
(4253, 8, 6, '2,5,10,46,21,24,27,29', '14.90', '43274.00', '2024-07-30 17:56:56', '2024-07-30 17:56:56', 0),
(4254, 8, 6, '2,5,10,46,21,24,47,29', '14.90', '42100.00', '2024-07-30 17:56:56', '2024-07-30 17:56:56', 0),
(4255, 8, 6, '2,5,10,46,21,25,27,29', '15.80', '43274.00', '2024-07-30 17:56:56', '2024-07-30 17:56:56', 0),
(4256, 8, 6, '2,5,10,46,21,25,47,29', '15.80', '42100.00', '2024-07-30 17:56:56', '2024-07-30 17:56:56', 0),
(4257, 8, 6, '2,5,11,15,20,22,27,29', '15.90', '47824.00', '2024-07-30 17:56:56', '2024-07-30 17:56:56', 0),
(4258, 8, 6, '2,5,11,15,20,22,47,29', '15.90', '46650.00', '2024-07-30 17:56:56', '2024-07-30 17:56:56', 0),
(4259, 8, 6, '2,5,11,15,20,23,27,29', '15.90', '47074.00', '2024-07-30 17:56:56', '2024-07-30 17:56:56', 0),
(4260, 8, 6, '2,5,11,15,20,23,47,29', '15.90', '45900.00', '2024-07-30 17:56:56', '2024-07-30 17:56:56', 0),
(4261, 8, 6, '2,5,11,15,20,24,27,29', '13.20', '47074.00', '2024-07-30 17:56:56', '2024-07-30 17:56:56', 0),
(4262, 8, 6, '2,5,11,15,20,24,47,29', '13.20', '45900.00', '2024-07-30 17:56:56', '2024-07-30 17:56:56', 0),
(4263, 8, 6, '2,5,11,15,20,25,27,29', '14.10', '47074.00', '2024-07-30 17:56:56', '2024-07-30 17:56:56', 0),
(4264, 8, 6, '2,5,11,15,20,25,47,29', '14.10', '45900.00', '2024-07-30 17:56:56', '2024-07-30 17:56:56', 0),
(4265, 8, 6, '2,5,11,15,21,22,27,29', '17.00', '47874.00', '2024-07-30 17:56:56', '2024-07-30 17:56:56', 0),
(4266, 8, 6, '2,5,11,15,21,22,47,29', '17.00', '46700.00', '2024-07-30 17:56:56', '2024-07-30 17:56:56', 0),
(4267, 8, 6, '2,5,11,15,21,23,27,29', '17.00', '47124.00', '2024-07-30 17:56:56', '2024-07-30 17:56:56', 0),
(4268, 8, 6, '2,5,11,15,21,23,47,29', '17.00', '45950.00', '2024-07-30 17:56:56', '2024-07-30 17:56:56', 0),
(4269, 8, 6, '2,5,11,15,21,24,27,29', '14.30', '47124.00', '2024-07-30 17:56:56', '2024-07-30 17:56:56', 0),
(4270, 8, 6, '2,5,11,15,21,24,47,29', '14.30', '45950.00', '2024-07-30 17:56:56', '2024-07-30 17:56:56', 0),
(4271, 8, 6, '2,5,11,15,21,25,27,29', '15.20', '47124.00', '2024-07-30 17:56:56', '2024-07-30 17:56:56', 0),
(4272, 8, 6, '2,5,11,15,21,25,47,29', '15.20', '45950.00', '2024-07-30 17:56:56', '2024-07-30 17:56:56', 0),
(4273, 8, 6, '2,5,11,41,20,22,27,29', '12.70', '46874.00', '2024-07-30 17:56:56', '2024-07-30 17:56:56', 0),
(4274, 8, 6, '2,5,11,41,20,22,47,29', '12.70', '45700.00', '2024-07-30 17:56:56', '2024-07-30 17:56:56', 0),
(4275, 8, 6, '2,5,11,41,20,23,27,29', '12.70', '46124.00', '2024-07-30 17:56:56', '2024-07-30 17:56:56', 0),
(4276, 8, 6, '2,5,11,41,20,23,47,29', '12.70', '44950.00', '2024-07-30 17:56:56', '2024-07-30 17:56:56', 0),
(4277, 8, 6, '2,5,11,41,20,24,27,29', '10.00', '46124.00', '2024-07-30 17:56:56', '2024-07-30 17:56:56', 0),
(4278, 8, 6, '2,5,11,41,20,24,47,29', '10.00', '44950.00', '2024-07-30 17:56:56', '2024-07-30 17:56:56', 0),
(4279, 8, 6, '2,5,11,41,20,25,27,29', '10.90', '46124.00', '2024-07-30 17:56:56', '2024-07-30 17:56:56', 0),
(4280, 8, 6, '2,5,11,41,20,25,47,29', '10.90', '44950.00', '2024-07-30 17:56:56', '2024-07-30 17:56:56', 0),
(4281, 8, 6, '2,5,11,41,21,22,27,29', '13.80', '46924.00', '2024-07-30 17:56:56', '2024-07-30 17:56:56', 0),
(4282, 8, 6, '2,5,11,41,21,22,47,29', '13.80', '45750.00', '2024-07-30 17:56:56', '2024-07-30 17:56:56', 0),
(4283, 8, 6, '2,5,11,41,21,23,27,29', '13.80', '46174.00', '2024-07-30 17:56:56', '2024-07-30 17:56:56', 0),
(4284, 8, 6, '2,5,11,41,21,23,47,29', '13.80', '45000.00', '2024-07-30 17:56:56', '2024-07-30 17:56:56', 0),
(4285, 8, 6, '2,5,11,41,21,24,27,29', '11.10', '46174.00', '2024-07-30 17:56:56', '2024-07-30 17:56:56', 0),
(4286, 8, 6, '2,5,11,41,21,24,47,29', '11.10', '45000.00', '2024-07-30 17:56:56', '2024-07-30 17:56:56', 0),
(4287, 8, 6, '2,5,11,41,21,25,27,29', '12.00', '46174.00', '2024-07-30 17:56:56', '2024-07-30 17:56:56', 0),
(4288, 8, 6, '2,5,11,41,21,25,47,29', '12.00', '45000.00', '2024-07-30 17:56:56', '2024-07-30 17:56:56', 0),
(4289, 8, 6, '2,5,11,46,20,22,27,29', '9.50', '45374.00', '2024-07-30 17:56:56', '2024-07-30 17:56:56', 0),
(4290, 8, 6, '2,5,11,46,20,22,47,29', '9.50', '44200.00', '2024-07-30 17:56:56', '2024-07-30 17:56:56', 0),
(4291, 8, 6, '2,5,11,46,20,23,27,29', '9.50', '44624.00', '2024-07-30 17:56:56', '2024-07-30 17:56:56', 0),
(4292, 8, 6, '2,5,11,46,20,23,47,29', '9.50', '43450.00', '2024-07-30 17:56:56', '2024-07-30 17:56:56', 0),
(4293, 8, 6, '2,5,11,46,20,24,27,29', '6.80', '44624.00', '2024-07-30 17:56:56', '2024-07-30 17:56:56', 0),
(4294, 8, 6, '2,5,11,46,20,24,47,29', '6.80', '43450.00', '2024-07-30 17:56:56', '2024-07-30 17:56:56', 0),
(4295, 8, 6, '2,5,11,46,20,25,27,29', '7.70', '44624.00', '2024-07-30 17:56:56', '2024-07-30 17:56:56', 0),
(4296, 8, 6, '2,5,11,46,20,25,47,29', '7.70', '43450.00', '2024-07-30 17:56:56', '2024-07-30 17:56:56', 0),
(4297, 8, 6, '2,5,11,46,21,22,27,29', '10.60', '45424.00', '2024-07-30 17:56:56', '2024-07-30 17:56:56', 0),
(4298, 8, 6, '2,5,11,46,21,22,47,29', '10.60', '44250.00', '2024-07-30 17:56:56', '2024-07-30 17:56:56', 0),
(4299, 8, 6, '2,5,11,46,21,23,27,29', '10.60', '44674.00', '2024-07-30 17:56:56', '2024-07-30 17:56:56', 0),
(4300, 8, 6, '2,5,11,46,21,23,47,29', '10.60', '43500.00', '2024-07-30 17:56:56', '2024-07-30 17:56:56', 0),
(4301, 8, 6, '2,5,11,46,21,24,27,29', '7.90', '44674.00', '2024-07-30 17:56:56', '2024-07-30 17:56:56', 0),
(4302, 8, 6, '2,5,11,46,21,24,47,29', '7.90', '43500.00', '2024-07-30 17:56:56', '2024-07-30 17:56:56', 0),
(4303, 8, 6, '2,5,11,46,21,25,27,29', '8.80', '44674.00', '2024-07-30 17:56:56', '2024-07-30 17:56:56', 0),
(4304, 8, 6, '2,5,11,46,21,25,47,29', '8.80', '43500.00', '2024-07-30 17:56:56', '2024-07-30 17:56:56', 0),
(4305, 8, 6, '2,6,8,15,20,22,27,29', '17.10', '54974.00', '2024-07-30 17:56:56', '2024-07-30 17:56:56', 0),
(4306, 8, 6, '2,6,8,15,20,22,47,29', '17.10', '53800.00', '2024-07-30 17:56:56', '2024-07-30 17:56:56', 0),
(4307, 8, 6, '2,6,8,15,20,23,27,29', '17.10', '54224.00', '2024-07-30 17:56:56', '2024-07-30 17:56:56', 0),
(4308, 8, 6, '2,6,8,15,20,23,47,29', '17.10', '53050.00', '2024-07-30 17:56:56', '2024-07-30 17:56:56', 0),
(4309, 8, 6, '2,6,8,15,20,24,27,29', '14.40', '54224.00', '2024-07-30 17:56:56', '2024-07-30 17:56:56', 0),
(4310, 8, 6, '2,6,8,15,20,24,47,29', '14.40', '53050.00', '2024-07-30 17:56:56', '2024-07-30 17:56:56', 0),
(4311, 8, 6, '2,6,8,15,20,25,27,29', '15.30', '54224.00', '2024-07-30 17:56:56', '2024-07-30 17:56:56', 0),
(4312, 8, 6, '2,6,8,15,20,25,47,29', '15.30', '53050.00', '2024-07-30 17:56:56', '2024-07-30 17:56:56', 0),
(4313, 8, 6, '2,6,8,15,21,22,27,29', '18.20', '55024.00', '2024-07-30 17:56:56', '2024-07-30 17:56:56', 0),
(4314, 8, 6, '2,6,8,15,21,22,47,29', '18.20', '53850.00', '2024-07-30 17:56:56', '2024-07-30 17:56:56', 0),
(4315, 8, 6, '2,6,8,15,21,23,27,29', '18.20', '54274.00', '2024-07-30 17:56:56', '2024-07-30 17:56:56', 0),
(4316, 8, 6, '2,6,8,15,21,23,47,29', '18.20', '53100.00', '2024-07-30 17:56:56', '2024-07-30 17:56:56', 0),
(4317, 8, 6, '2,6,8,15,21,24,27,29', '15.50', '54274.00', '2024-07-30 17:56:56', '2024-07-30 17:56:56', 0),
(4318, 8, 6, '2,6,8,15,21,24,47,29', '15.50', '53100.00', '2024-07-30 17:56:56', '2024-07-30 17:56:56', 0),
(4319, 8, 6, '2,6,8,15,21,25,27,29', '16.40', '54274.00', '2024-07-30 17:56:56', '2024-07-30 17:56:56', 0),
(4320, 8, 6, '2,6,8,15,21,25,47,29', '16.40', '53100.00', '2024-07-30 17:56:56', '2024-07-30 17:56:56', 0),
(4321, 8, 6, '2,6,8,41,20,22,27,29', '13.90', '54024.00', '2024-07-30 17:56:56', '2024-07-30 17:56:56', 0),
(4322, 8, 6, '2,6,8,41,20,22,47,29', '13.90', '52850.00', '2024-07-30 17:56:56', '2024-07-30 17:56:56', 0),
(4323, 8, 6, '2,6,8,41,20,23,27,29', '13.90', '53274.00', '2024-07-30 17:56:56', '2024-07-30 17:56:56', 0),
(4324, 8, 6, '2,6,8,41,20,23,47,29', '13.90', '52100.00', '2024-07-30 17:56:56', '2024-07-30 17:56:56', 0),
(4325, 8, 6, '2,6,8,41,20,24,27,29', '11.20', '53274.00', '2024-07-30 17:56:56', '2024-07-30 17:56:56', 0),
(4326, 8, 6, '2,6,8,41,20,24,47,29', '11.20', '52100.00', '2024-07-30 17:56:56', '2024-07-30 17:56:56', 0),
(4327, 8, 6, '2,6,8,41,20,25,27,29', '12.10', '53274.00', '2024-07-30 17:56:56', '2024-07-30 17:56:56', 0),
(4328, 8, 6, '2,6,8,41,20,25,47,29', '12.10', '52100.00', '2024-07-30 17:56:56', '2024-07-30 17:56:56', 0),
(4329, 8, 6, '2,6,8,41,21,22,27,29', '15.00', '54074.00', '2024-07-30 17:56:56', '2024-07-30 17:56:56', 0),
(4330, 8, 6, '2,6,8,41,21,22,47,29', '15.00', '52900.00', '2024-07-30 17:56:56', '2024-07-30 17:56:56', 0),
(4331, 8, 6, '2,6,8,41,21,23,27,29', '15.00', '53324.00', '2024-07-30 17:56:56', '2024-07-30 17:56:56', 0),
(4332, 8, 6, '2,6,8,41,21,23,47,29', '15.00', '52150.00', '2024-07-30 17:56:56', '2024-07-30 17:56:56', 0),
(4333, 8, 6, '2,6,8,41,21,24,27,29', '12.30', '53324.00', '2024-07-30 17:56:56', '2024-07-30 17:56:56', 0),
(4334, 8, 6, '2,6,8,41,21,24,47,29', '12.30', '52150.00', '2024-07-30 17:56:56', '2024-07-30 17:56:56', 0),
(4335, 8, 6, '2,6,8,41,21,25,27,29', '13.20', '53324.00', '2024-07-30 17:56:56', '2024-07-30 17:56:56', 0),
(4336, 8, 6, '2,6,8,41,21,25,47,29', '13.20', '52150.00', '2024-07-30 17:56:56', '2024-07-30 17:56:56', 0),
(4337, 8, 6, '2,6,8,46,20,22,27,29', '10.70', '52524.00', '2024-07-30 17:56:56', '2024-07-30 17:56:56', 0),
(4338, 8, 6, '2,6,8,46,20,22,47,29', '10.70', '51350.00', '2024-07-30 17:56:56', '2024-07-30 17:56:56', 0),
(4339, 8, 6, '2,6,8,46,20,23,27,29', '10.70', '51774.00', '2024-07-30 17:56:56', '2024-07-30 17:56:56', 0),
(4340, 8, 6, '2,6,8,46,20,23,47,29', '10.70', '50600.00', '2024-07-30 17:56:56', '2024-07-30 17:56:56', 0),
(4341, 8, 6, '2,6,8,46,20,24,27,29', '8.00', '51774.00', '2024-07-30 17:56:56', '2024-07-30 17:56:56', 0),
(4342, 8, 6, '2,6,8,46,20,24,47,29', '8.00', '50600.00', '2024-07-30 17:56:56', '2024-07-30 17:56:56', 0),
(4343, 8, 6, '2,6,8,46,20,25,27,29', '8.90', '51774.00', '2024-07-30 17:56:56', '2024-07-30 17:56:56', 0),
(4344, 8, 6, '2,6,8,46,20,25,47,29', '8.90', '50600.00', '2024-07-30 17:56:56', '2024-07-30 17:56:56', 0),
(4345, 8, 6, '2,6,8,46,21,22,27,29', '11.80', '52574.00', '2024-07-30 17:56:56', '2024-07-30 17:56:56', 0),
(4346, 8, 6, '2,6,8,46,21,22,47,29', '11.80', '51400.00', '2024-07-30 17:56:56', '2024-07-30 17:56:56', 0),
(4347, 8, 6, '2,6,8,46,21,23,27,29', '11.80', '51824.00', '2024-07-30 17:56:56', '2024-07-30 17:56:56', 0),
(4348, 8, 6, '2,6,8,46,21,23,47,29', '11.80', '50650.00', '2024-07-30 17:56:56', '2024-07-30 17:56:56', 0),
(4349, 8, 6, '2,6,8,46,21,24,27,29', '9.10', '51824.00', '2024-07-30 17:56:56', '2024-07-30 17:56:56', 0),
(4350, 8, 6, '2,6,8,46,21,24,47,29', '9.10', '50650.00', '2024-07-30 17:56:56', '2024-07-30 17:56:56', 0),
(4351, 8, 6, '2,6,8,46,21,25,27,29', '10.00', '51824.00', '2024-07-30 17:56:56', '2024-07-30 17:56:56', 0),
(4352, 8, 6, '2,6,8,46,21,25,47,29', '10.00', '50650.00', '2024-07-30 17:56:56', '2024-07-30 17:56:56', 0),
(4353, 8, 6, '2,6,9,15,20,22,27,29', '18.90', '56074.00', '2024-07-30 17:56:56', '2024-07-30 17:56:56', 0),
(4354, 8, 6, '2,6,9,15,20,22,47,29', '18.90', '54900.00', '2024-07-30 17:56:56', '2024-07-30 17:56:56', 0),
(4355, 8, 6, '2,6,9,15,20,23,27,29', '18.90', '55324.00', '2024-07-30 17:56:56', '2024-07-30 17:56:56', 0),
(4356, 8, 6, '2,6,9,15,20,23,47,29', '18.90', '54150.00', '2024-07-30 17:56:56', '2024-07-30 17:56:56', 0),
(4357, 8, 6, '2,6,9,15,20,24,27,29', '16.20', '55324.00', '2024-07-30 17:56:56', '2024-07-30 17:56:56', 0),
(4358, 8, 6, '2,6,9,15,20,24,47,29', '16.20', '54150.00', '2024-07-30 17:56:56', '2024-07-30 17:56:56', 0),
(4359, 8, 6, '2,6,9,15,20,25,27,29', '17.10', '55324.00', '2024-07-30 17:56:56', '2024-07-30 17:56:56', 0),
(4360, 8, 6, '2,6,9,15,20,25,47,29', '17.10', '54150.00', '2024-07-30 17:56:56', '2024-07-30 17:56:56', 0),
(4361, 8, 6, '2,6,9,15,21,22,27,29', '20.00', '56124.00', '2024-07-30 17:56:56', '2024-07-30 17:56:56', 0),
(4362, 8, 6, '2,6,9,15,21,22,47,29', '20.00', '54950.00', '2024-07-30 17:56:56', '2024-07-30 17:56:56', 0),
(4363, 8, 6, '2,6,9,15,21,23,27,29', '20.00', '55374.00', '2024-07-30 17:56:56', '2024-07-30 17:56:56', 0),
(4364, 8, 6, '2,6,9,15,21,23,47,29', '20.00', '54200.00', '2024-07-30 17:56:56', '2024-07-30 17:56:56', 0),
(4365, 8, 6, '2,6,9,15,21,24,27,29', '17.30', '55374.00', '2024-07-30 17:56:56', '2024-07-30 17:56:56', 0),
(4366, 8, 6, '2,6,9,15,21,24,47,29', '17.30', '54200.00', '2024-07-30 17:56:56', '2024-07-30 17:56:56', 0),
(4367, 8, 6, '2,6,9,15,21,25,27,29', '18.20', '55374.00', '2024-07-30 17:56:56', '2024-07-30 17:56:56', 0),
(4368, 8, 6, '2,6,9,15,21,25,47,29', '18.20', '54200.00', '2024-07-30 17:56:56', '2024-07-30 17:56:56', 0),
(4369, 8, 6, '2,6,9,41,20,22,27,29', '15.70', '55124.00', '2024-07-30 17:56:56', '2024-07-30 17:56:56', 0),
(4370, 8, 6, '2,6,9,41,20,22,47,29', '15.70', '53950.00', '2024-07-30 17:56:56', '2024-07-30 17:56:56', 0),
(4371, 8, 6, '2,6,9,41,20,23,27,29', '15.70', '54374.00', '2024-07-30 17:56:56', '2024-07-30 17:56:56', 0),
(4372, 8, 6, '2,6,9,41,20,23,47,29', '15.70', '53200.00', '2024-07-30 17:56:56', '2024-07-30 17:56:56', 0),
(4373, 8, 6, '2,6,9,41,20,24,27,29', '13.00', '54374.00', '2024-07-30 17:56:56', '2024-07-30 17:56:56', 0),
(4374, 8, 6, '2,6,9,41,20,24,47,29', '13.00', '53200.00', '2024-07-30 17:56:56', '2024-07-30 17:56:56', 0),
(4375, 8, 6, '2,6,9,41,20,25,27,29', '13.90', '54374.00', '2024-07-30 17:56:56', '2024-07-30 17:56:56', 0),
(4376, 8, 6, '2,6,9,41,20,25,47,29', '13.90', '53200.00', '2024-07-30 17:56:56', '2024-07-30 17:56:56', 0),
(4377, 8, 6, '2,6,9,41,21,22,27,29', '16.80', '55174.00', '2024-07-30 17:56:56', '2024-07-30 17:56:56', 0),
(4378, 8, 6, '2,6,9,41,21,22,47,29', '16.80', '54000.00', '2024-07-30 17:56:56', '2024-07-30 17:56:56', 0),
(4379, 8, 6, '2,6,9,41,21,23,27,29', '16.80', '54424.00', '2024-07-30 17:56:56', '2024-07-30 17:56:56', 0),
(4380, 8, 6, '2,6,9,41,21,23,47,29', '16.80', '53250.00', '2024-07-30 17:56:56', '2024-07-30 17:56:56', 0),
(4381, 8, 6, '2,6,9,41,21,24,27,29', '14.10', '54424.00', '2024-07-30 17:56:56', '2024-07-30 17:56:56', 0),
(4382, 8, 6, '2,6,9,41,21,24,47,29', '14.10', '53250.00', '2024-07-30 17:56:56', '2024-07-30 17:56:56', 0),
(4383, 8, 6, '2,6,9,41,21,25,27,29', '15.00', '54424.00', '2024-07-30 17:56:56', '2024-07-30 17:56:56', 0),
(4384, 8, 6, '2,6,9,41,21,25,47,29', '15.00', '53250.00', '2024-07-30 17:56:56', '2024-07-30 17:56:56', 0),
(4385, 8, 6, '2,6,9,46,20,22,27,29', '12.50', '53624.00', '2024-07-30 17:56:56', '2024-07-30 17:56:56', 0),
(4386, 8, 6, '2,6,9,46,20,22,47,29', '12.50', '52450.00', '2024-07-30 17:56:56', '2024-07-30 17:56:56', 0),
(4387, 8, 6, '2,6,9,46,20,23,27,29', '12.50', '52874.00', '2024-07-30 17:56:56', '2024-07-30 17:56:56', 0),
(4388, 8, 6, '2,6,9,46,20,23,47,29', '12.50', '51700.00', '2024-07-30 17:56:56', '2024-07-30 17:56:56', 0),
(4389, 8, 6, '2,6,9,46,20,24,27,29', '9.80', '52874.00', '2024-07-30 17:56:56', '2024-07-30 17:56:56', 0),
(4390, 8, 6, '2,6,9,46,20,24,47,29', '9.80', '51700.00', '2024-07-30 17:56:56', '2024-07-30 17:56:56', 0),
(4391, 8, 6, '2,6,9,46,20,25,27,29', '10.70', '52874.00', '2024-07-30 17:56:56', '2024-07-30 17:56:56', 0);
INSERT INTO `ecm_result_combinations` (`id`, `combinationId`, `auditId`, `assemblyIds`, `totalCombinationECP`, `totalCombinationCost`, `createdAt`, `updatedAt`, `isDeleted`) VALUES
(4392, 8, 6, '2,6,9,46,20,25,47,29', '10.70', '51700.00', '2024-07-30 17:56:56', '2024-07-30 17:56:56', 0),
(4393, 8, 6, '2,6,9,46,21,22,27,29', '13.60', '53674.00', '2024-07-30 17:56:56', '2024-07-30 17:56:56', 0),
(4394, 8, 6, '2,6,9,46,21,22,47,29', '13.60', '52500.00', '2024-07-30 17:56:56', '2024-07-30 17:56:56', 0),
(4395, 8, 6, '2,6,9,46,21,23,27,29', '13.60', '52924.00', '2024-07-30 17:56:56', '2024-07-30 17:56:56', 0),
(4396, 8, 6, '2,6,9,46,21,23,47,29', '13.60', '51750.00', '2024-07-30 17:56:56', '2024-07-30 17:56:56', 0),
(4397, 8, 6, '2,6,9,46,21,24,27,29', '10.90', '52924.00', '2024-07-30 17:56:56', '2024-07-30 17:56:56', 0),
(4398, 8, 6, '2,6,9,46,21,24,47,29', '10.90', '51750.00', '2024-07-30 17:56:56', '2024-07-30 17:56:56', 0),
(4399, 8, 6, '2,6,9,46,21,25,27,29', '11.80', '52924.00', '2024-07-30 17:56:56', '2024-07-30 17:56:56', 0),
(4400, 8, 6, '2,6,9,46,21,25,47,29', '11.80', '51750.00', '2024-07-30 17:56:56', '2024-07-30 17:56:56', 0),
(4401, 8, 6, '2,6,10,15,20,22,27,29', '22.30', '57324.00', '2024-07-30 17:56:56', '2024-07-30 17:56:56', 0),
(4402, 8, 6, '2,6,10,15,20,22,47,29', '22.30', '56150.00', '2024-07-30 17:56:56', '2024-07-30 17:56:56', 0),
(4403, 8, 6, '2,6,10,15,20,23,27,29', '22.30', '56574.00', '2024-07-30 17:56:56', '2024-07-30 17:56:56', 0),
(4404, 8, 6, '2,6,10,15,20,23,47,29', '22.30', '55400.00', '2024-07-30 17:56:56', '2024-07-30 17:56:56', 0),
(4405, 8, 6, '2,6,10,15,20,24,27,29', '19.60', '56574.00', '2024-07-30 17:56:56', '2024-07-30 17:56:56', 0),
(4406, 8, 6, '2,6,10,15,20,24,47,29', '19.60', '55400.00', '2024-07-30 17:56:56', '2024-07-30 17:56:56', 0),
(4407, 8, 6, '2,6,10,15,20,25,27,29', '20.50', '56574.00', '2024-07-30 17:56:56', '2024-07-30 17:56:56', 0),
(4408, 8, 6, '2,6,10,15,20,25,47,29', '20.50', '55400.00', '2024-07-30 17:56:56', '2024-07-30 17:56:56', 0),
(4409, 8, 6, '2,6,10,15,21,22,27,29', '23.40', '57374.00', '2024-07-30 17:56:56', '2024-07-30 17:56:56', 0),
(4410, 8, 6, '2,6,10,15,21,22,47,29', '23.40', '56200.00', '2024-07-30 17:56:56', '2024-07-30 17:56:56', 0),
(4411, 8, 6, '2,6,10,15,21,23,27,29', '23.40', '56624.00', '2024-07-30 17:56:56', '2024-07-30 17:56:56', 0),
(4412, 8, 6, '2,6,10,15,21,23,47,29', '23.40', '55450.00', '2024-07-30 17:56:56', '2024-07-30 17:56:56', 0),
(4413, 8, 6, '2,6,10,15,21,24,27,29', '20.70', '56624.00', '2024-07-30 17:56:56', '2024-07-30 17:56:56', 0),
(4414, 8, 6, '2,6,10,15,21,24,47,29', '20.70', '55450.00', '2024-07-30 17:56:56', '2024-07-30 17:56:56', 0),
(4415, 8, 6, '2,6,10,15,21,25,27,29', '21.60', '56624.00', '2024-07-30 17:56:56', '2024-07-30 17:56:56', 0),
(4416, 8, 6, '2,6,10,15,21,25,47,29', '21.60', '55450.00', '2024-07-30 17:56:56', '2024-07-30 17:56:56', 0),
(4417, 8, 6, '2,6,10,41,20,22,27,29', '19.10', '56374.00', '2024-07-30 17:56:56', '2024-07-30 17:56:56', 0),
(4418, 8, 6, '2,6,10,41,20,22,47,29', '19.10', '55200.00', '2024-07-30 17:56:56', '2024-07-30 17:56:56', 0),
(4419, 8, 6, '2,6,10,41,20,23,27,29', '19.10', '55624.00', '2024-07-30 17:56:56', '2024-07-30 17:56:56', 0),
(4420, 8, 6, '2,6,10,41,20,23,47,29', '19.10', '54450.00', '2024-07-30 17:56:56', '2024-07-30 17:56:56', 0),
(4421, 8, 6, '2,6,10,41,20,24,27,29', '16.40', '55624.00', '2024-07-30 17:56:56', '2024-07-30 17:56:56', 0),
(4422, 8, 6, '2,6,10,41,20,24,47,29', '16.40', '54450.00', '2024-07-30 17:56:56', '2024-07-30 17:56:56', 0),
(4423, 8, 6, '2,6,10,41,20,25,27,29', '17.30', '55624.00', '2024-07-30 17:56:56', '2024-07-30 17:56:56', 0),
(4424, 8, 6, '2,6,10,41,20,25,47,29', '17.30', '54450.00', '2024-07-30 17:56:56', '2024-07-30 17:56:56', 0),
(4425, 8, 6, '2,6,10,41,21,22,27,29', '20.20', '56424.00', '2024-07-30 17:56:56', '2024-07-30 17:56:56', 0),
(4426, 8, 6, '2,6,10,41,21,22,47,29', '20.20', '55250.00', '2024-07-30 17:56:56', '2024-07-30 17:56:56', 0),
(4427, 8, 6, '2,6,10,41,21,23,27,29', '20.20', '55674.00', '2024-07-30 17:56:56', '2024-07-30 17:56:56', 0),
(4428, 8, 6, '2,6,10,41,21,23,47,29', '20.20', '54500.00', '2024-07-30 17:56:56', '2024-07-30 17:56:56', 0),
(4429, 8, 6, '2,6,10,41,21,24,27,29', '17.50', '55674.00', '2024-07-30 17:56:56', '2024-07-30 17:56:56', 0),
(4430, 8, 6, '2,6,10,41,21,24,47,29', '17.50', '54500.00', '2024-07-30 17:56:56', '2024-07-30 17:56:56', 0),
(4431, 8, 6, '2,6,10,41,21,25,27,29', '18.40', '55674.00', '2024-07-30 17:56:56', '2024-07-30 17:56:56', 0),
(4432, 8, 6, '2,6,10,41,21,25,47,29', '18.40', '54500.00', '2024-07-30 17:56:56', '2024-07-30 17:56:56', 0),
(4433, 8, 6, '2,6,10,46,20,22,27,29', '15.90', '54874.00', '2024-07-30 17:56:56', '2024-07-30 17:56:56', 0),
(4434, 8, 6, '2,6,10,46,20,22,47,29', '15.90', '53700.00', '2024-07-30 17:56:56', '2024-07-30 17:56:56', 0),
(4435, 8, 6, '2,6,10,46,20,23,27,29', '15.90', '54124.00', '2024-07-30 17:56:56', '2024-07-30 17:56:56', 0),
(4436, 8, 6, '2,6,10,46,20,23,47,29', '15.90', '52950.00', '2024-07-30 17:56:56', '2024-07-30 17:56:56', 0),
(4437, 8, 6, '2,6,10,46,20,24,27,29', '13.20', '54124.00', '2024-07-30 17:56:56', '2024-07-30 17:56:56', 0),
(4438, 8, 6, '2,6,10,46,20,24,47,29', '13.20', '52950.00', '2024-07-30 17:56:56', '2024-07-30 17:56:56', 0),
(4439, 8, 6, '2,6,10,46,20,25,27,29', '14.10', '54124.00', '2024-07-30 17:56:56', '2024-07-30 17:56:56', 0),
(4440, 8, 6, '2,6,10,46,20,25,47,29', '14.10', '52950.00', '2024-07-30 17:56:56', '2024-07-30 17:56:56', 0),
(4441, 8, 6, '2,6,10,46,21,22,27,29', '17.00', '54924.00', '2024-07-30 17:56:56', '2024-07-30 17:56:56', 0),
(4442, 8, 6, '2,6,10,46,21,22,47,29', '17.00', '53750.00', '2024-07-30 17:56:56', '2024-07-30 17:56:56', 0),
(4443, 8, 6, '2,6,10,46,21,23,27,29', '17.00', '54174.00', '2024-07-30 17:56:56', '2024-07-30 17:56:56', 0),
(4444, 8, 6, '2,6,10,46,21,23,47,29', '17.00', '53000.00', '2024-07-30 17:56:56', '2024-07-30 17:56:56', 0),
(4445, 8, 6, '2,6,10,46,21,24,27,29', '14.30', '54174.00', '2024-07-30 17:56:56', '2024-07-30 17:56:56', 0),
(4446, 8, 6, '2,6,10,46,21,24,47,29', '14.30', '53000.00', '2024-07-30 17:56:56', '2024-07-30 17:56:56', 0),
(4447, 8, 6, '2,6,10,46,21,25,27,29', '15.20', '54174.00', '2024-07-30 17:56:56', '2024-07-30 17:56:56', 0),
(4448, 8, 6, '2,6,10,46,21,25,47,29', '15.20', '53000.00', '2024-07-30 17:56:56', '2024-07-30 17:56:56', 0),
(4449, 8, 6, '2,6,11,15,20,22,27,29', '15.30', '58724.00', '2024-07-30 17:56:56', '2024-07-30 17:56:56', 0),
(4450, 8, 6, '2,6,11,15,20,22,47,29', '15.30', '57550.00', '2024-07-30 17:56:56', '2024-07-30 17:56:56', 0),
(4451, 8, 6, '2,6,11,15,20,23,27,29', '15.30', '57974.00', '2024-07-30 17:56:56', '2024-07-30 17:56:56', 0),
(4452, 8, 6, '2,6,11,15,20,23,47,29', '15.30', '56800.00', '2024-07-30 17:56:56', '2024-07-30 17:56:56', 0),
(4453, 8, 6, '2,6,11,15,20,24,27,29', '12.60', '57974.00', '2024-07-30 17:56:56', '2024-07-30 17:56:56', 0),
(4454, 8, 6, '2,6,11,15,20,24,47,29', '12.60', '56800.00', '2024-07-30 17:56:56', '2024-07-30 17:56:56', 0),
(4455, 8, 6, '2,6,11,15,20,25,27,29', '13.50', '57974.00', '2024-07-30 17:56:56', '2024-07-30 17:56:56', 0),
(4456, 8, 6, '2,6,11,15,20,25,47,29', '13.50', '56800.00', '2024-07-30 17:56:56', '2024-07-30 17:56:56', 0),
(4457, 8, 6, '2,6,11,15,21,22,27,29', '16.40', '58774.00', '2024-07-30 17:56:56', '2024-07-30 17:56:56', 0),
(4458, 8, 6, '2,6,11,15,21,22,47,29', '16.40', '57600.00', '2024-07-30 17:56:56', '2024-07-30 17:56:56', 0),
(4459, 8, 6, '2,6,11,15,21,23,27,29', '16.40', '58024.00', '2024-07-30 17:56:56', '2024-07-30 17:56:56', 0),
(4460, 8, 6, '2,6,11,15,21,23,47,29', '16.40', '56850.00', '2024-07-30 17:56:56', '2024-07-30 17:56:56', 0),
(4461, 8, 6, '2,6,11,15,21,24,27,29', '13.70', '58024.00', '2024-07-30 17:56:56', '2024-07-30 17:56:56', 0),
(4462, 8, 6, '2,6,11,15,21,24,47,29', '13.70', '56850.00', '2024-07-30 17:56:56', '2024-07-30 17:56:56', 0),
(4463, 8, 6, '2,6,11,15,21,25,27,29', '14.60', '58024.00', '2024-07-30 17:56:56', '2024-07-30 17:56:56', 0),
(4464, 8, 6, '2,6,11,15,21,25,47,29', '14.60', '56850.00', '2024-07-30 17:56:56', '2024-07-30 17:56:56', 0),
(4465, 8, 6, '2,6,11,41,20,22,27,29', '12.10', '57774.00', '2024-07-30 17:56:56', '2024-07-30 17:56:56', 0),
(4466, 8, 6, '2,6,11,41,20,22,47,29', '12.10', '56600.00', '2024-07-30 17:56:56', '2024-07-30 17:56:56', 0),
(4467, 8, 6, '2,6,11,41,20,23,27,29', '12.10', '57024.00', '2024-07-30 17:56:56', '2024-07-30 17:56:56', 0),
(4468, 8, 6, '2,6,11,41,20,23,47,29', '12.10', '55850.00', '2024-07-30 17:56:56', '2024-07-30 17:56:56', 0),
(4469, 8, 6, '2,6,11,41,20,24,27,29', '9.40', '57024.00', '2024-07-30 17:56:56', '2024-07-30 17:56:56', 0),
(4470, 8, 6, '2,6,11,41,20,24,47,29', '9.40', '55850.00', '2024-07-30 17:56:56', '2024-07-30 17:56:56', 0),
(4471, 8, 6, '2,6,11,41,20,25,27,29', '10.30', '57024.00', '2024-07-30 17:56:56', '2024-07-30 17:56:56', 0),
(4472, 8, 6, '2,6,11,41,20,25,47,29', '10.30', '55850.00', '2024-07-30 17:56:56', '2024-07-30 17:56:56', 0),
(4473, 8, 6, '2,6,11,41,21,22,27,29', '13.20', '57824.00', '2024-07-30 17:56:56', '2024-07-30 17:56:56', 0),
(4474, 8, 6, '2,6,11,41,21,22,47,29', '13.20', '56650.00', '2024-07-30 17:56:56', '2024-07-30 17:56:56', 0),
(4475, 8, 6, '2,6,11,41,21,23,27,29', '13.20', '57074.00', '2024-07-30 17:56:56', '2024-07-30 17:56:56', 0),
(4476, 8, 6, '2,6,11,41,21,23,47,29', '13.20', '55900.00', '2024-07-30 17:56:56', '2024-07-30 17:56:56', 0),
(4477, 8, 6, '2,6,11,41,21,24,27,29', '10.50', '57074.00', '2024-07-30 17:56:56', '2024-07-30 17:56:56', 0),
(4478, 8, 6, '2,6,11,41,21,24,47,29', '10.50', '55900.00', '2024-07-30 17:56:56', '2024-07-30 17:56:56', 0),
(4479, 8, 6, '2,6,11,41,21,25,27,29', '11.40', '57074.00', '2024-07-30 17:56:56', '2024-07-30 17:56:56', 0),
(4480, 8, 6, '2,6,11,41,21,25,47,29', '11.40', '55900.00', '2024-07-30 17:56:56', '2024-07-30 17:56:56', 0),
(4481, 8, 6, '2,6,11,46,20,22,27,29', '8.90', '56274.00', '2024-07-30 17:56:56', '2024-07-30 17:56:56', 0),
(4482, 8, 6, '2,6,11,46,20,22,47,29', '8.90', '55100.00', '2024-07-30 17:56:56', '2024-07-30 17:56:56', 0),
(4483, 8, 6, '2,6,11,46,20,23,27,29', '8.90', '55524.00', '2024-07-30 17:56:56', '2024-07-30 17:56:56', 0),
(4484, 8, 6, '2,6,11,46,20,23,47,29', '8.90', '54350.00', '2024-07-30 17:56:56', '2024-07-30 17:56:56', 0),
(4485, 8, 6, '2,6,11,46,20,24,27,29', '6.20', '55524.00', '2024-07-30 17:56:56', '2024-07-30 17:56:56', 0),
(4486, 8, 6, '2,6,11,46,20,24,47,29', '6.20', '54350.00', '2024-07-30 17:56:56', '2024-07-30 17:56:56', 0),
(4487, 8, 6, '2,6,11,46,20,25,27,29', '7.10', '55524.00', '2024-07-30 17:56:56', '2024-07-30 17:56:56', 0),
(4488, 8, 6, '2,6,11,46,20,25,47,29', '7.10', '54350.00', '2024-07-30 17:56:56', '2024-07-30 17:56:56', 0),
(4489, 8, 6, '2,6,11,46,21,22,27,29', '10.00', '56324.00', '2024-07-30 17:56:56', '2024-07-30 17:56:56', 0),
(4490, 8, 6, '2,6,11,46,21,22,47,29', '10.00', '55150.00', '2024-07-30 17:56:56', '2024-07-30 17:56:56', 0),
(4491, 8, 6, '2,6,11,46,21,23,27,29', '10.00', '55574.00', '2024-07-30 17:56:56', '2024-07-30 17:56:56', 0),
(4492, 8, 6, '2,6,11,46,21,23,47,29', '10.00', '54400.00', '2024-07-30 17:56:56', '2024-07-30 17:56:56', 0),
(4493, 8, 6, '2,6,11,46,21,24,27,29', '7.30', '55574.00', '2024-07-30 17:56:56', '2024-07-30 17:56:56', 0),
(4494, 8, 6, '2,6,11,46,21,24,47,29', '7.30', '54400.00', '2024-07-30 17:56:56', '2024-07-30 17:56:56', 0),
(4495, 8, 6, '2,6,11,46,21,25,27,29', '8.20', '55574.00', '2024-07-30 17:56:56', '2024-07-30 17:56:56', 0),
(4496, 8, 6, '2,6,11,46,21,25,47,29', '8.20', '54400.00', '2024-07-30 17:56:56', '2024-07-30 17:56:56', 0),
(4497, 8, 6, '3,5,8,15,20,22,27,29', '21.70', '49774.00', '2024-07-30 17:56:56', '2024-07-30 17:56:56', 0),
(4498, 8, 6, '3,5,8,15,20,22,47,29', '21.70', '48600.00', '2024-07-30 17:56:56', '2024-07-30 17:56:56', 0),
(4499, 8, 6, '3,5,8,15,20,23,27,29', '21.70', '49024.00', '2024-07-30 17:56:56', '2024-07-30 17:56:56', 0),
(4500, 8, 6, '3,5,8,15,20,23,47,29', '21.70', '47850.00', '2024-07-30 17:56:56', '2024-07-30 17:56:56', 0),
(4501, 8, 6, '3,5,8,15,20,24,27,29', '19.00', '49024.00', '2024-07-30 17:56:56', '2024-07-30 17:56:56', 0),
(4502, 8, 6, '3,5,8,15,20,24,47,29', '19.00', '47850.00', '2024-07-30 17:56:56', '2024-07-30 17:56:56', 0),
(4503, 8, 6, '3,5,8,15,20,25,27,29', '19.90', '49024.00', '2024-07-30 17:56:56', '2024-07-30 17:56:56', 0),
(4504, 8, 6, '3,5,8,15,20,25,47,29', '19.90', '47850.00', '2024-07-30 17:56:56', '2024-07-30 17:56:56', 0),
(4505, 8, 6, '3,5,8,15,21,22,27,29', '22.80', '49824.00', '2024-07-30 17:56:56', '2024-07-30 17:56:56', 0),
(4506, 8, 6, '3,5,8,15,21,22,47,29', '22.80', '48650.00', '2024-07-30 17:56:56', '2024-07-30 17:56:56', 0),
(4507, 8, 6, '3,5,8,15,21,23,27,29', '22.80', '49074.00', '2024-07-30 17:56:56', '2024-07-30 17:56:56', 0),
(4508, 8, 6, '3,5,8,15,21,23,47,29', '22.80', '47900.00', '2024-07-30 17:56:56', '2024-07-30 17:56:56', 0),
(4509, 8, 6, '3,5,8,15,21,24,27,29', '20.10', '49074.00', '2024-07-30 17:56:56', '2024-07-30 17:56:56', 0),
(4510, 8, 6, '3,5,8,15,21,24,47,29', '20.10', '47900.00', '2024-07-30 17:56:56', '2024-07-30 17:56:56', 0),
(4511, 8, 6, '3,5,8,15,21,25,27,29', '21.00', '49074.00', '2024-07-30 17:56:56', '2024-07-30 17:56:56', 0),
(4512, 8, 6, '3,5,8,15,21,25,47,29', '21.00', '47900.00', '2024-07-30 17:56:56', '2024-07-30 17:56:56', 0),
(4513, 8, 6, '3,5,8,41,20,22,27,29', '18.50', '48824.00', '2024-07-30 17:56:56', '2024-07-30 17:56:56', 0),
(4514, 8, 6, '3,5,8,41,20,22,47,29', '18.50', '47650.00', '2024-07-30 17:56:56', '2024-07-30 17:56:56', 0),
(4515, 8, 6, '3,5,8,41,20,23,27,29', '18.50', '48074.00', '2024-07-30 17:56:56', '2024-07-30 17:56:56', 0),
(4516, 8, 6, '3,5,8,41,20,23,47,29', '18.50', '46900.00', '2024-07-30 17:56:56', '2024-07-30 17:56:56', 0),
(4517, 8, 6, '3,5,8,41,20,24,27,29', '15.80', '48074.00', '2024-07-30 17:56:56', '2024-07-30 17:56:56', 0),
(4518, 8, 6, '3,5,8,41,20,24,47,29', '15.80', '46900.00', '2024-07-30 17:56:56', '2024-07-30 17:56:56', 0),
(4519, 8, 6, '3,5,8,41,20,25,27,29', '16.70', '48074.00', '2024-07-30 17:56:56', '2024-07-30 17:56:56', 0),
(4520, 8, 6, '3,5,8,41,20,25,47,29', '16.70', '46900.00', '2024-07-30 17:56:56', '2024-07-30 17:56:56', 0),
(4521, 8, 6, '3,5,8,41,21,22,27,29', '19.60', '48874.00', '2024-07-30 17:56:56', '2024-07-30 17:56:56', 0),
(4522, 8, 6, '3,5,8,41,21,22,47,29', '19.60', '47700.00', '2024-07-30 17:56:56', '2024-07-30 17:56:56', 0),
(4523, 8, 6, '3,5,8,41,21,23,27,29', '19.60', '48124.00', '2024-07-30 17:56:56', '2024-07-30 17:56:56', 0),
(4524, 8, 6, '3,5,8,41,21,23,47,29', '19.60', '46950.00', '2024-07-30 17:56:56', '2024-07-30 17:56:56', 0),
(4525, 8, 6, '3,5,8,41,21,24,27,29', '16.90', '48124.00', '2024-07-30 17:56:56', '2024-07-30 17:56:56', 0),
(4526, 8, 6, '3,5,8,41,21,24,47,29', '16.90', '46950.00', '2024-07-30 17:56:56', '2024-07-30 17:56:56', 0),
(4527, 8, 6, '3,5,8,41,21,25,27,29', '17.80', '48124.00', '2024-07-30 17:56:56', '2024-07-30 17:56:56', 0),
(4528, 8, 6, '3,5,8,41,21,25,47,29', '17.80', '46950.00', '2024-07-30 17:56:56', '2024-07-30 17:56:56', 0),
(4529, 8, 6, '3,5,8,46,20,22,27,29', '15.30', '47324.00', '2024-07-30 17:56:56', '2024-07-30 17:56:56', 0),
(4530, 8, 6, '3,5,8,46,20,22,47,29', '15.30', '46150.00', '2024-07-30 17:56:56', '2024-07-30 17:56:56', 0),
(4531, 8, 6, '3,5,8,46,20,23,27,29', '15.30', '46574.00', '2024-07-30 17:56:56', '2024-07-30 17:56:56', 0),
(4532, 8, 6, '3,5,8,46,20,23,47,29', '15.30', '45400.00', '2024-07-30 17:56:56', '2024-07-30 17:56:56', 0),
(4533, 8, 6, '3,5,8,46,20,24,27,29', '12.60', '46574.00', '2024-07-30 17:56:56', '2024-07-30 17:56:56', 0),
(4534, 8, 6, '3,5,8,46,20,24,47,29', '12.60', '45400.00', '2024-07-30 17:56:56', '2024-07-30 17:56:56', 0),
(4535, 8, 6, '3,5,8,46,20,25,27,29', '13.50', '46574.00', '2024-07-30 17:56:56', '2024-07-30 17:56:56', 0),
(4536, 8, 6, '3,5,8,46,20,25,47,29', '13.50', '45400.00', '2024-07-30 17:56:56', '2024-07-30 17:56:56', 0),
(4537, 8, 6, '3,5,8,46,21,22,27,29', '16.40', '47374.00', '2024-07-30 17:56:56', '2024-07-30 17:56:56', 0),
(4538, 8, 6, '3,5,8,46,21,22,47,29', '16.40', '46200.00', '2024-07-30 17:56:56', '2024-07-30 17:56:56', 0),
(4539, 8, 6, '3,5,8,46,21,23,27,29', '16.40', '46624.00', '2024-07-30 17:56:56', '2024-07-30 17:56:56', 0),
(4540, 8, 6, '3,5,8,46,21,23,47,29', '16.40', '45450.00', '2024-07-30 17:56:56', '2024-07-30 17:56:56', 0),
(4541, 8, 6, '3,5,8,46,21,24,27,29', '13.70', '46624.00', '2024-07-30 17:56:56', '2024-07-30 17:56:56', 0),
(4542, 8, 6, '3,5,8,46,21,24,47,29', '13.70', '45450.00', '2024-07-30 17:56:56', '2024-07-30 17:56:56', 0),
(4543, 8, 6, '3,5,8,46,21,25,27,29', '14.60', '46624.00', '2024-07-30 17:56:56', '2024-07-30 17:56:56', 0),
(4544, 8, 6, '3,5,8,46,21,25,47,29', '14.60', '45450.00', '2024-07-30 17:56:56', '2024-07-30 17:56:56', 0),
(4545, 8, 6, '3,5,9,15,20,22,27,29', '23.50', '50874.00', '2024-07-30 17:56:56', '2024-07-30 17:56:56', 0),
(4546, 8, 6, '3,5,9,15,20,22,47,29', '23.50', '49700.00', '2024-07-30 17:56:56', '2024-07-30 17:56:56', 0),
(4547, 8, 6, '3,5,9,15,20,23,27,29', '23.50', '50124.00', '2024-07-30 17:56:56', '2024-07-30 17:56:56', 0),
(4548, 8, 6, '3,5,9,15,20,23,47,29', '23.50', '48950.00', '2024-07-30 17:56:56', '2024-07-30 17:56:56', 0),
(4549, 8, 6, '3,5,9,15,20,24,27,29', '20.80', '50124.00', '2024-07-30 17:56:56', '2024-07-30 17:56:56', 0),
(4550, 8, 6, '3,5,9,15,20,24,47,29', '20.80', '48950.00', '2024-07-30 17:56:56', '2024-07-30 17:56:56', 0),
(4551, 8, 6, '3,5,9,15,20,25,27,29', '21.70', '50124.00', '2024-07-30 17:56:56', '2024-07-30 17:56:56', 0),
(4552, 8, 6, '3,5,9,15,20,25,47,29', '21.70', '48950.00', '2024-07-30 17:56:56', '2024-07-30 17:56:56', 0),
(4553, 8, 6, '3,5,9,15,21,22,27,29', '24.60', '50924.00', '2024-07-30 17:56:56', '2024-07-30 17:56:56', 0),
(4554, 8, 6, '3,5,9,15,21,22,47,29', '24.60', '49750.00', '2024-07-30 17:56:56', '2024-07-30 17:56:56', 0),
(4555, 8, 6, '3,5,9,15,21,23,27,29', '24.60', '50174.00', '2024-07-30 17:56:56', '2024-07-30 17:56:56', 0),
(4556, 8, 6, '3,5,9,15,21,23,47,29', '24.60', '49000.00', '2024-07-30 17:56:56', '2024-07-30 17:56:56', 0),
(4557, 8, 6, '3,5,9,15,21,24,27,29', '21.90', '50174.00', '2024-07-30 17:56:56', '2024-07-30 17:56:56', 0),
(4558, 8, 6, '3,5,9,15,21,24,47,29', '21.90', '49000.00', '2024-07-30 17:56:56', '2024-07-30 17:56:56', 0),
(4559, 8, 6, '3,5,9,15,21,25,27,29', '22.80', '50174.00', '2024-07-30 17:56:56', '2024-07-30 17:56:56', 0),
(4560, 8, 6, '3,5,9,15,21,25,47,29', '22.80', '49000.00', '2024-07-30 17:56:56', '2024-07-30 17:56:56', 0),
(4561, 8, 6, '3,5,9,41,20,22,27,29', '20.30', '49924.00', '2024-07-30 17:56:56', '2024-07-30 17:56:56', 0),
(4562, 8, 6, '3,5,9,41,20,22,47,29', '20.30', '48750.00', '2024-07-30 17:56:56', '2024-07-30 17:56:56', 0),
(4563, 8, 6, '3,5,9,41,20,23,27,29', '20.30', '49174.00', '2024-07-30 17:56:56', '2024-07-30 17:56:56', 0),
(4564, 8, 6, '3,5,9,41,20,23,47,29', '20.30', '48000.00', '2024-07-30 17:56:56', '2024-07-30 17:56:56', 0),
(4565, 8, 6, '3,5,9,41,20,24,27,29', '17.60', '49174.00', '2024-07-30 17:56:56', '2024-07-30 17:56:56', 0),
(4566, 8, 6, '3,5,9,41,20,24,47,29', '17.60', '48000.00', '2024-07-30 17:56:56', '2024-07-30 17:56:56', 0),
(4567, 8, 6, '3,5,9,41,20,25,27,29', '18.50', '49174.00', '2024-07-30 17:56:56', '2024-07-30 17:56:56', 0),
(4568, 8, 6, '3,5,9,41,20,25,47,29', '18.50', '48000.00', '2024-07-30 17:56:56', '2024-07-30 17:56:56', 0),
(4569, 8, 6, '3,5,9,41,21,22,27,29', '21.40', '49974.00', '2024-07-30 17:56:56', '2024-07-30 17:56:56', 0),
(4570, 8, 6, '3,5,9,41,21,22,47,29', '21.40', '48800.00', '2024-07-30 17:56:56', '2024-07-30 17:56:56', 0),
(4571, 8, 6, '3,5,9,41,21,23,27,29', '21.40', '49224.00', '2024-07-30 17:56:56', '2024-07-30 17:56:56', 0),
(4572, 8, 6, '3,5,9,41,21,23,47,29', '21.40', '48050.00', '2024-07-30 17:56:56', '2024-07-30 17:56:56', 0),
(4573, 8, 6, '3,5,9,41,21,24,27,29', '18.70', '49224.00', '2024-07-30 17:56:56', '2024-07-30 17:56:56', 0),
(4574, 8, 6, '3,5,9,41,21,24,47,29', '18.70', '48050.00', '2024-07-30 17:56:56', '2024-07-30 17:56:56', 0),
(4575, 8, 6, '3,5,9,41,21,25,27,29', '19.60', '49224.00', '2024-07-30 17:56:56', '2024-07-30 17:56:56', 0),
(4576, 8, 6, '3,5,9,41,21,25,47,29', '19.60', '48050.00', '2024-07-30 17:56:56', '2024-07-30 17:56:56', 0),
(4577, 8, 6, '3,5,9,46,20,22,27,29', '17.10', '48424.00', '2024-07-30 17:56:56', '2024-07-30 17:56:56', 0),
(4578, 8, 6, '3,5,9,46,20,22,47,29', '17.10', '47250.00', '2024-07-30 17:56:56', '2024-07-30 17:56:56', 0),
(4579, 8, 6, '3,5,9,46,20,23,27,29', '17.10', '47674.00', '2024-07-30 17:56:56', '2024-07-30 17:56:56', 0),
(4580, 8, 6, '3,5,9,46,20,23,47,29', '17.10', '46500.00', '2024-07-30 17:56:56', '2024-07-30 17:56:56', 0),
(4581, 8, 6, '3,5,9,46,20,24,27,29', '14.40', '47674.00', '2024-07-30 17:56:56', '2024-07-30 17:56:56', 0),
(4582, 8, 6, '3,5,9,46,20,24,47,29', '14.40', '46500.00', '2024-07-30 17:56:56', '2024-07-30 17:56:56', 0),
(4583, 8, 6, '3,5,9,46,20,25,27,29', '15.30', '47674.00', '2024-07-30 17:56:56', '2024-07-30 17:56:56', 0),
(4584, 8, 6, '3,5,9,46,20,25,47,29', '15.30', '46500.00', '2024-07-30 17:56:56', '2024-07-30 17:56:56', 0),
(4585, 8, 6, '3,5,9,46,21,22,27,29', '18.20', '48474.00', '2024-07-30 17:56:56', '2024-07-30 17:56:56', 0),
(4586, 8, 6, '3,5,9,46,21,22,47,29', '18.20', '47300.00', '2024-07-30 17:56:56', '2024-07-30 17:56:56', 0),
(4587, 8, 6, '3,5,9,46,21,23,27,29', '18.20', '47724.00', '2024-07-30 17:56:56', '2024-07-30 17:56:56', 0),
(4588, 8, 6, '3,5,9,46,21,23,47,29', '18.20', '46550.00', '2024-07-30 17:56:56', '2024-07-30 17:56:56', 0),
(4589, 8, 6, '3,5,9,46,21,24,27,29', '15.50', '47724.00', '2024-07-30 17:56:56', '2024-07-30 17:56:56', 0),
(4590, 8, 6, '3,5,9,46,21,24,47,29', '15.50', '46550.00', '2024-07-30 17:56:56', '2024-07-30 17:56:56', 0),
(4591, 8, 6, '3,5,9,46,21,25,27,29', '16.40', '47724.00', '2024-07-30 17:56:56', '2024-07-30 17:56:56', 0),
(4592, 8, 6, '3,5,9,46,21,25,47,29', '16.40', '46550.00', '2024-07-30 17:56:56', '2024-07-30 17:56:56', 0),
(4593, 8, 6, '3,5,10,15,20,22,27,29', '26.90', '52124.00', '2024-07-30 17:56:56', '2024-07-30 17:56:56', 0),
(4594, 8, 6, '3,5,10,15,20,22,47,29', '26.90', '50950.00', '2024-07-30 17:56:56', '2024-07-30 17:56:56', 0),
(4595, 8, 6, '3,5,10,15,20,23,27,29', '26.90', '51374.00', '2024-07-30 17:56:56', '2024-07-30 17:56:56', 0),
(4596, 8, 6, '3,5,10,15,20,23,47,29', '26.90', '50200.00', '2024-07-30 17:56:56', '2024-07-30 17:56:56', 0),
(4597, 8, 6, '3,5,10,15,20,24,27,29', '24.20', '51374.00', '2024-07-30 17:56:56', '2024-07-30 17:56:56', 0),
(4598, 8, 6, '3,5,10,15,20,24,47,29', '24.20', '50200.00', '2024-07-30 17:56:56', '2024-07-30 17:56:56', 0),
(4599, 8, 6, '3,5,10,15,20,25,27,29', '25.10', '51374.00', '2024-07-30 17:56:56', '2024-07-30 17:56:56', 0),
(4600, 8, 6, '3,5,10,15,20,25,47,29', '25.10', '50200.00', '2024-07-30 17:56:56', '2024-07-30 17:56:56', 0),
(4601, 8, 6, '3,5,10,15,21,22,27,29', '28.00', '52174.00', '2024-07-30 17:56:56', '2024-07-30 17:56:56', 0),
(4602, 8, 6, '3,5,10,15,21,22,47,29', '28.00', '51000.00', '2024-07-30 17:56:56', '2024-07-30 17:56:56', 0),
(4603, 8, 6, '3,5,10,15,21,23,27,29', '28.00', '51424.00', '2024-07-30 17:56:56', '2024-07-30 17:56:56', 0),
(4604, 8, 6, '3,5,10,15,21,23,47,29', '28.00', '50250.00', '2024-07-30 17:56:56', '2024-07-30 17:56:56', 0),
(4605, 8, 6, '3,5,10,15,21,24,27,29', '25.30', '51424.00', '2024-07-30 17:56:56', '2024-07-30 17:56:56', 0),
(4606, 8, 6, '3,5,10,15,21,24,47,29', '25.30', '50250.00', '2024-07-30 17:56:56', '2024-07-30 17:56:56', 0),
(4607, 8, 6, '3,5,10,15,21,25,27,29', '26.20', '51424.00', '2024-07-30 17:56:56', '2024-07-30 17:56:56', 0),
(4608, 8, 6, '3,5,10,15,21,25,47,29', '26.20', '50250.00', '2024-07-30 17:56:56', '2024-07-30 17:56:56', 0),
(4609, 8, 6, '3,5,10,41,20,22,27,29', '23.70', '51174.00', '2024-07-30 17:56:56', '2024-07-30 17:56:56', 0),
(4610, 8, 6, '3,5,10,41,20,22,47,29', '23.70', '50000.00', '2024-07-30 17:56:56', '2024-07-30 17:56:56', 0),
(4611, 8, 6, '3,5,10,41,20,23,27,29', '23.70', '50424.00', '2024-07-30 17:56:56', '2024-07-30 17:56:56', 0),
(4612, 8, 6, '3,5,10,41,20,23,47,29', '23.70', '49250.00', '2024-07-30 17:56:56', '2024-07-30 17:56:56', 0),
(4613, 8, 6, '3,5,10,41,20,24,27,29', '21.00', '50424.00', '2024-07-30 17:56:56', '2024-07-30 17:56:56', 0),
(4614, 8, 6, '3,5,10,41,20,24,47,29', '21.00', '49250.00', '2024-07-30 17:56:56', '2024-07-30 17:56:56', 0),
(4615, 8, 6, '3,5,10,41,20,25,27,29', '21.90', '50424.00', '2024-07-30 17:56:56', '2024-07-30 17:56:56', 0),
(4616, 8, 6, '3,5,10,41,20,25,47,29', '21.90', '49250.00', '2024-07-30 17:56:56', '2024-07-30 17:56:56', 0),
(4617, 8, 6, '3,5,10,41,21,22,27,29', '24.80', '51224.00', '2024-07-30 17:56:56', '2024-07-30 17:56:56', 0),
(4618, 8, 6, '3,5,10,41,21,22,47,29', '24.80', '50050.00', '2024-07-30 17:56:56', '2024-07-30 17:56:56', 0),
(4619, 8, 6, '3,5,10,41,21,23,27,29', '24.80', '50474.00', '2024-07-30 17:56:56', '2024-07-30 17:56:56', 0),
(4620, 8, 6, '3,5,10,41,21,23,47,29', '24.80', '49300.00', '2024-07-30 17:56:56', '2024-07-30 17:56:56', 0),
(4621, 8, 6, '3,5,10,41,21,24,27,29', '22.10', '50474.00', '2024-07-30 17:56:56', '2024-07-30 17:56:56', 0),
(4622, 8, 6, '3,5,10,41,21,24,47,29', '22.10', '49300.00', '2024-07-30 17:56:56', '2024-07-30 17:56:56', 0),
(4623, 8, 6, '3,5,10,41,21,25,27,29', '23.00', '50474.00', '2024-07-30 17:56:56', '2024-07-30 17:56:56', 0),
(4624, 8, 6, '3,5,10,41,21,25,47,29', '23.00', '49300.00', '2024-07-30 17:56:56', '2024-07-30 17:56:56', 0),
(4625, 8, 6, '3,5,10,46,20,22,27,29', '20.50', '49674.00', '2024-07-30 17:56:56', '2024-07-30 17:56:56', 0),
(4626, 8, 6, '3,5,10,46,20,22,47,29', '20.50', '48500.00', '2024-07-30 17:56:56', '2024-07-30 17:56:56', 0),
(4627, 8, 6, '3,5,10,46,20,23,27,29', '20.50', '48924.00', '2024-07-30 17:56:56', '2024-07-30 17:56:56', 0),
(4628, 8, 6, '3,5,10,46,20,23,47,29', '20.50', '47750.00', '2024-07-30 17:56:56', '2024-07-30 17:56:56', 0),
(4629, 8, 6, '3,5,10,46,20,24,27,29', '17.80', '48924.00', '2024-07-30 17:56:56', '2024-07-30 17:56:56', 0),
(4630, 8, 6, '3,5,10,46,20,24,47,29', '17.80', '47750.00', '2024-07-30 17:56:56', '2024-07-30 17:56:56', 0),
(4631, 8, 6, '3,5,10,46,20,25,27,29', '18.70', '48924.00', '2024-07-30 17:56:56', '2024-07-30 17:56:56', 0),
(4632, 8, 6, '3,5,10,46,20,25,47,29', '18.70', '47750.00', '2024-07-30 17:56:56', '2024-07-30 17:56:56', 0),
(4633, 8, 6, '3,5,10,46,21,22,27,29', '21.60', '49724.00', '2024-07-30 17:56:56', '2024-07-30 17:56:56', 0),
(4634, 8, 6, '3,5,10,46,21,22,47,29', '21.60', '48550.00', '2024-07-30 17:56:56', '2024-07-30 17:56:56', 0),
(4635, 8, 6, '3,5,10,46,21,23,27,29', '21.60', '48974.00', '2024-07-30 17:56:56', '2024-07-30 17:56:56', 0),
(4636, 8, 6, '3,5,10,46,21,23,47,29', '21.60', '47800.00', '2024-07-30 17:56:56', '2024-07-30 17:56:56', 0),
(4637, 8, 6, '3,5,10,46,21,24,27,29', '18.90', '48974.00', '2024-07-30 17:56:56', '2024-07-30 17:56:56', 0),
(4638, 8, 6, '3,5,10,46,21,24,47,29', '18.90', '47800.00', '2024-07-30 17:56:56', '2024-07-30 17:56:56', 0),
(4639, 8, 6, '3,5,10,46,21,25,27,29', '19.80', '48974.00', '2024-07-30 17:56:56', '2024-07-30 17:56:56', 0),
(4640, 8, 6, '3,5,10,46,21,25,47,29', '19.80', '47800.00', '2024-07-30 17:56:56', '2024-07-30 17:56:56', 0),
(4641, 8, 6, '3,5,11,15,20,22,27,29', '19.90', '53524.00', '2024-07-30 17:56:56', '2024-07-30 17:56:56', 0),
(4642, 8, 6, '3,5,11,15,20,22,47,29', '19.90', '52350.00', '2024-07-30 17:56:56', '2024-07-30 17:56:56', 0),
(4643, 8, 6, '3,5,11,15,20,23,27,29', '19.90', '52774.00', '2024-07-30 17:56:56', '2024-07-30 17:56:56', 0),
(4644, 8, 6, '3,5,11,15,20,23,47,29', '19.90', '51600.00', '2024-07-30 17:56:56', '2024-07-30 17:56:56', 0),
(4645, 8, 6, '3,5,11,15,20,24,27,29', '17.20', '52774.00', '2024-07-30 17:56:56', '2024-07-30 17:56:56', 0),
(4646, 8, 6, '3,5,11,15,20,24,47,29', '17.20', '51600.00', '2024-07-30 17:56:56', '2024-07-30 17:56:56', 0),
(4647, 8, 6, '3,5,11,15,20,25,27,29', '18.10', '52774.00', '2024-07-30 17:56:56', '2024-07-30 17:56:56', 0),
(4648, 8, 6, '3,5,11,15,20,25,47,29', '18.10', '51600.00', '2024-07-30 17:56:56', '2024-07-30 17:56:56', 0),
(4649, 8, 6, '3,5,11,15,21,22,27,29', '21.00', '53574.00', '2024-07-30 17:56:56', '2024-07-30 17:56:56', 0),
(4650, 8, 6, '3,5,11,15,21,22,47,29', '21.00', '52400.00', '2024-07-30 17:56:56', '2024-07-30 17:56:56', 0),
(4651, 8, 6, '3,5,11,15,21,23,27,29', '21.00', '52824.00', '2024-07-30 17:56:56', '2024-07-30 17:56:56', 0),
(4652, 8, 6, '3,5,11,15,21,23,47,29', '21.00', '51650.00', '2024-07-30 17:56:56', '2024-07-30 17:56:56', 0),
(4653, 8, 6, '3,5,11,15,21,24,27,29', '18.30', '52824.00', '2024-07-30 17:56:56', '2024-07-30 17:56:56', 0),
(4654, 8, 6, '3,5,11,15,21,24,47,29', '18.30', '51650.00', '2024-07-30 17:56:56', '2024-07-30 17:56:56', 0),
(4655, 8, 6, '3,5,11,15,21,25,27,29', '19.20', '52824.00', '2024-07-30 17:56:56', '2024-07-30 17:56:56', 0),
(4656, 8, 6, '3,5,11,15,21,25,47,29', '19.20', '51650.00', '2024-07-30 17:56:56', '2024-07-30 17:56:56', 0),
(4657, 8, 6, '3,5,11,41,20,22,27,29', '16.70', '52574.00', '2024-07-30 17:56:56', '2024-07-30 17:56:56', 0),
(4658, 8, 6, '3,5,11,41,20,22,47,29', '16.70', '51400.00', '2024-07-30 17:56:56', '2024-07-30 17:56:56', 0),
(4659, 8, 6, '3,5,11,41,20,23,27,29', '16.70', '51824.00', '2024-07-30 17:56:56', '2024-07-30 17:56:56', 0),
(4660, 8, 6, '3,5,11,41,20,23,47,29', '16.70', '50650.00', '2024-07-30 17:56:56', '2024-07-30 17:56:56', 0),
(4661, 8, 6, '3,5,11,41,20,24,27,29', '14.00', '51824.00', '2024-07-30 17:56:56', '2024-07-30 17:56:56', 0),
(4662, 8, 6, '3,5,11,41,20,24,47,29', '14.00', '50650.00', '2024-07-30 17:56:56', '2024-07-30 17:56:56', 0),
(4663, 8, 6, '3,5,11,41,20,25,27,29', '14.90', '51824.00', '2024-07-30 17:56:56', '2024-07-30 17:56:56', 0),
(4664, 8, 6, '3,5,11,41,20,25,47,29', '14.90', '50650.00', '2024-07-30 17:56:56', '2024-07-30 17:56:56', 0),
(4665, 8, 6, '3,5,11,41,21,22,27,29', '17.80', '52624.00', '2024-07-30 17:56:56', '2024-07-30 17:56:56', 0),
(4666, 8, 6, '3,5,11,41,21,22,47,29', '17.80', '51450.00', '2024-07-30 17:56:56', '2024-07-30 17:56:56', 0),
(4667, 8, 6, '3,5,11,41,21,23,27,29', '17.80', '51874.00', '2024-07-30 17:56:56', '2024-07-30 17:56:56', 0),
(4668, 8, 6, '3,5,11,41,21,23,47,29', '17.80', '50700.00', '2024-07-30 17:56:56', '2024-07-30 17:56:56', 0),
(4669, 8, 6, '3,5,11,41,21,24,27,29', '15.10', '51874.00', '2024-07-30 17:56:56', '2024-07-30 17:56:56', 0),
(4670, 8, 6, '3,5,11,41,21,24,47,29', '15.10', '50700.00', '2024-07-30 17:56:56', '2024-07-30 17:56:56', 0),
(4671, 8, 6, '3,5,11,41,21,25,27,29', '16.00', '51874.00', '2024-07-30 17:56:56', '2024-07-30 17:56:56', 0),
(4672, 8, 6, '3,5,11,41,21,25,47,29', '16.00', '50700.00', '2024-07-30 17:56:56', '2024-07-30 17:56:56', 0),
(4673, 8, 6, '3,5,11,46,20,22,27,29', '13.50', '51074.00', '2024-07-30 17:56:56', '2024-07-30 17:56:56', 0),
(4674, 8, 6, '3,5,11,46,20,22,47,29', '13.50', '49900.00', '2024-07-30 17:56:56', '2024-07-30 17:56:56', 0),
(4675, 8, 6, '3,5,11,46,20,23,27,29', '13.50', '50324.00', '2024-07-30 17:56:56', '2024-07-30 17:56:56', 0),
(4676, 8, 6, '3,5,11,46,20,23,47,29', '13.50', '49150.00', '2024-07-30 17:56:56', '2024-07-30 17:56:56', 0),
(4677, 8, 6, '3,5,11,46,20,24,27,29', '10.80', '50324.00', '2024-07-30 17:56:56', '2024-07-30 17:56:56', 0),
(4678, 8, 6, '3,5,11,46,20,24,47,29', '10.80', '49150.00', '2024-07-30 17:56:56', '2024-07-30 17:56:56', 0),
(4679, 8, 6, '3,5,11,46,20,25,27,29', '11.70', '50324.00', '2024-07-30 17:56:56', '2024-07-30 17:56:56', 0),
(4680, 8, 6, '3,5,11,46,20,25,47,29', '11.70', '49150.00', '2024-07-30 17:56:56', '2024-07-30 17:56:56', 0),
(4681, 8, 6, '3,5,11,46,21,22,27,29', '14.60', '51124.00', '2024-07-30 17:56:56', '2024-07-30 17:56:56', 0),
(4682, 8, 6, '3,5,11,46,21,22,47,29', '14.60', '49950.00', '2024-07-30 17:56:56', '2024-07-30 17:56:56', 0),
(4683, 8, 6, '3,5,11,46,21,23,27,29', '14.60', '50374.00', '2024-07-30 17:56:56', '2024-07-30 17:56:56', 0),
(4684, 8, 6, '3,5,11,46,21,23,47,29', '14.60', '49200.00', '2024-07-30 17:56:56', '2024-07-30 17:56:56', 0),
(4685, 8, 6, '3,5,11,46,21,24,27,29', '11.90', '50374.00', '2024-07-30 17:56:56', '2024-07-30 17:56:56', 0),
(4686, 8, 6, '3,5,11,46,21,24,47,29', '11.90', '49200.00', '2024-07-30 17:56:56', '2024-07-30 17:56:56', 0),
(4687, 8, 6, '3,5,11,46,21,25,27,29', '12.80', '50374.00', '2024-07-30 17:56:56', '2024-07-30 17:56:56', 0),
(4688, 8, 6, '3,5,11,46,21,25,47,29', '12.80', '49200.00', '2024-07-30 17:56:56', '2024-07-30 17:56:56', 0),
(4689, 8, 6, '3,6,8,15,20,22,27,29', '21.10', '60674.00', '2024-07-30 17:56:56', '2024-07-30 17:56:56', 0),
(4690, 8, 6, '3,6,8,15,20,22,47,29', '21.10', '59500.00', '2024-07-30 17:56:56', '2024-07-30 17:56:56', 0),
(4691, 8, 6, '3,6,8,15,20,23,27,29', '21.10', '59924.00', '2024-07-30 17:56:56', '2024-07-30 17:56:56', 0),
(4692, 8, 6, '3,6,8,15,20,23,47,29', '21.10', '58750.00', '2024-07-30 17:56:56', '2024-07-30 17:56:56', 0),
(4693, 8, 6, '3,6,8,15,20,24,27,29', '18.40', '59924.00', '2024-07-30 17:56:56', '2024-07-30 17:56:56', 0),
(4694, 8, 6, '3,6,8,15,20,24,47,29', '18.40', '58750.00', '2024-07-30 17:56:56', '2024-07-30 17:56:56', 0),
(4695, 8, 6, '3,6,8,15,20,25,27,29', '19.30', '59924.00', '2024-07-30 17:56:56', '2024-07-30 17:56:56', 0),
(4696, 8, 6, '3,6,8,15,20,25,47,29', '19.30', '58750.00', '2024-07-30 17:56:56', '2024-07-30 17:56:56', 0),
(4697, 8, 6, '3,6,8,15,21,22,27,29', '22.20', '60724.00', '2024-07-30 17:56:56', '2024-07-30 17:56:56', 0),
(4698, 8, 6, '3,6,8,15,21,22,47,29', '22.20', '59550.00', '2024-07-30 17:56:56', '2024-07-30 17:56:56', 0),
(4699, 8, 6, '3,6,8,15,21,23,27,29', '22.20', '59974.00', '2024-07-30 17:56:56', '2024-07-30 17:56:56', 0),
(4700, 8, 6, '3,6,8,15,21,23,47,29', '22.20', '58800.00', '2024-07-30 17:56:56', '2024-07-30 17:56:56', 0),
(4701, 8, 6, '3,6,8,15,21,24,27,29', '19.50', '59974.00', '2024-07-30 17:56:56', '2024-07-30 17:56:56', 0),
(4702, 8, 6, '3,6,8,15,21,24,47,29', '19.50', '58800.00', '2024-07-30 17:56:56', '2024-07-30 17:56:56', 0),
(4703, 8, 6, '3,6,8,15,21,25,27,29', '20.40', '59974.00', '2024-07-30 17:56:56', '2024-07-30 17:56:56', 0),
(4704, 8, 6, '3,6,8,15,21,25,47,29', '20.40', '58800.00', '2024-07-30 17:56:56', '2024-07-30 17:56:56', 0),
(4705, 8, 6, '3,6,8,41,20,22,27,29', '17.90', '59724.00', '2024-07-30 17:56:56', '2024-07-30 17:56:56', 0),
(4706, 8, 6, '3,6,8,41,20,22,47,29', '17.90', '58550.00', '2024-07-30 17:56:56', '2024-07-30 17:56:56', 0),
(4707, 8, 6, '3,6,8,41,20,23,27,29', '17.90', '58974.00', '2024-07-30 17:56:56', '2024-07-30 17:56:56', 0),
(4708, 8, 6, '3,6,8,41,20,23,47,29', '17.90', '57800.00', '2024-07-30 17:56:56', '2024-07-30 17:56:56', 0),
(4709, 8, 6, '3,6,8,41,20,24,27,29', '15.20', '58974.00', '2024-07-30 17:56:56', '2024-07-30 17:56:56', 0),
(4710, 8, 6, '3,6,8,41,20,24,47,29', '15.20', '57800.00', '2024-07-30 17:56:56', '2024-07-30 17:56:56', 0),
(4711, 8, 6, '3,6,8,41,20,25,27,29', '16.10', '58974.00', '2024-07-30 17:56:56', '2024-07-30 17:56:56', 0),
(4712, 8, 6, '3,6,8,41,20,25,47,29', '16.10', '57800.00', '2024-07-30 17:56:56', '2024-07-30 17:56:56', 0),
(4713, 8, 6, '3,6,8,41,21,22,27,29', '19.00', '59774.00', '2024-07-30 17:56:56', '2024-07-30 17:56:56', 0),
(4714, 8, 6, '3,6,8,41,21,22,47,29', '19.00', '58600.00', '2024-07-30 17:56:56', '2024-07-30 17:56:56', 0),
(4715, 8, 6, '3,6,8,41,21,23,27,29', '19.00', '59024.00', '2024-07-30 17:56:56', '2024-07-30 17:56:56', 0),
(4716, 8, 6, '3,6,8,41,21,23,47,29', '19.00', '57850.00', '2024-07-30 17:56:56', '2024-07-30 17:56:56', 0),
(4717, 8, 6, '3,6,8,41,21,24,27,29', '16.30', '59024.00', '2024-07-30 17:56:56', '2024-07-30 17:56:56', 0),
(4718, 8, 6, '3,6,8,41,21,24,47,29', '16.30', '57850.00', '2024-07-30 17:56:56', '2024-07-30 17:56:56', 0),
(4719, 8, 6, '3,6,8,41,21,25,27,29', '17.20', '59024.00', '2024-07-30 17:56:56', '2024-07-30 17:56:56', 0),
(4720, 8, 6, '3,6,8,41,21,25,47,29', '17.20', '57850.00', '2024-07-30 17:56:56', '2024-07-30 17:56:56', 0),
(4721, 8, 6, '3,6,8,46,20,22,27,29', '14.70', '58224.00', '2024-07-30 17:56:56', '2024-07-30 17:56:56', 0),
(4722, 8, 6, '3,6,8,46,20,22,47,29', '14.70', '57050.00', '2024-07-30 17:56:56', '2024-07-30 17:56:56', 0),
(4723, 8, 6, '3,6,8,46,20,23,27,29', '14.70', '57474.00', '2024-07-30 17:56:56', '2024-07-30 17:56:56', 0),
(4724, 8, 6, '3,6,8,46,20,23,47,29', '14.70', '56300.00', '2024-07-30 17:56:56', '2024-07-30 17:56:56', 0),
(4725, 8, 6, '3,6,8,46,20,24,27,29', '12.00', '57474.00', '2024-07-30 17:56:56', '2024-07-30 17:56:56', 0),
(4726, 8, 6, '3,6,8,46,20,24,47,29', '12.00', '56300.00', '2024-07-30 17:56:56', '2024-07-30 17:56:56', 0),
(4727, 8, 6, '3,6,8,46,20,25,27,29', '12.90', '57474.00', '2024-07-30 17:56:56', '2024-07-30 17:56:56', 0),
(4728, 8, 6, '3,6,8,46,20,25,47,29', '12.90', '56300.00', '2024-07-30 17:56:56', '2024-07-30 17:56:56', 0),
(4729, 8, 6, '3,6,8,46,21,22,27,29', '15.80', '58274.00', '2024-07-30 17:56:56', '2024-07-30 17:56:56', 0),
(4730, 8, 6, '3,6,8,46,21,22,47,29', '15.80', '57100.00', '2024-07-30 17:56:56', '2024-07-30 17:56:56', 0),
(4731, 8, 6, '3,6,8,46,21,23,27,29', '15.80', '57524.00', '2024-07-30 17:56:56', '2024-07-30 17:56:56', 0),
(4732, 8, 6, '3,6,8,46,21,23,47,29', '15.80', '56350.00', '2024-07-30 17:56:56', '2024-07-30 17:56:56', 0),
(4733, 8, 6, '3,6,8,46,21,24,27,29', '13.10', '57524.00', '2024-07-30 17:56:56', '2024-07-30 17:56:56', 0),
(4734, 8, 6, '3,6,8,46,21,24,47,29', '13.10', '56350.00', '2024-07-30 17:56:56', '2024-07-30 17:56:56', 0),
(4735, 8, 6, '3,6,8,46,21,25,27,29', '14.00', '57524.00', '2024-07-30 17:56:56', '2024-07-30 17:56:56', 0),
(4736, 8, 6, '3,6,8,46,21,25,47,29', '14.00', '56350.00', '2024-07-30 17:56:56', '2024-07-30 17:56:56', 0),
(4737, 8, 6, '3,6,9,15,20,22,27,29', '22.90', '61774.00', '2024-07-30 17:56:56', '2024-07-30 17:56:56', 0),
(4738, 8, 6, '3,6,9,15,20,22,47,29', '22.90', '60600.00', '2024-07-30 17:56:56', '2024-07-30 17:56:56', 0),
(4739, 8, 6, '3,6,9,15,20,23,27,29', '22.90', '61024.00', '2024-07-30 17:56:56', '2024-07-30 17:56:56', 0),
(4740, 8, 6, '3,6,9,15,20,23,47,29', '22.90', '59850.00', '2024-07-30 17:56:56', '2024-07-30 17:56:56', 0),
(4741, 8, 6, '3,6,9,15,20,24,27,29', '20.20', '61024.00', '2024-07-30 17:56:56', '2024-07-30 17:56:56', 0),
(4742, 8, 6, '3,6,9,15,20,24,47,29', '20.20', '59850.00', '2024-07-30 17:56:56', '2024-07-30 17:56:56', 0),
(4743, 8, 6, '3,6,9,15,20,25,27,29', '21.10', '61024.00', '2024-07-30 17:56:56', '2024-07-30 17:56:56', 0),
(4744, 8, 6, '3,6,9,15,20,25,47,29', '21.10', '59850.00', '2024-07-30 17:56:56', '2024-07-30 17:56:56', 0),
(4745, 8, 6, '3,6,9,15,21,22,27,29', '24.00', '61824.00', '2024-07-30 17:56:56', '2024-07-30 17:56:56', 0),
(4746, 8, 6, '3,6,9,15,21,22,47,29', '24.00', '60650.00', '2024-07-30 17:56:56', '2024-07-30 17:56:56', 0),
(4747, 8, 6, '3,6,9,15,21,23,27,29', '24.00', '61074.00', '2024-07-30 17:56:56', '2024-07-30 17:56:56', 0),
(4748, 8, 6, '3,6,9,15,21,23,47,29', '24.00', '59900.00', '2024-07-30 17:56:56', '2024-07-30 17:56:56', 0),
(4749, 8, 6, '3,6,9,15,21,24,27,29', '21.30', '61074.00', '2024-07-30 17:56:56', '2024-07-30 17:56:56', 0),
(4750, 8, 6, '3,6,9,15,21,24,47,29', '21.30', '59900.00', '2024-07-30 17:56:56', '2024-07-30 17:56:56', 0),
(4751, 8, 6, '3,6,9,15,21,25,27,29', '22.20', '61074.00', '2024-07-30 17:56:56', '2024-07-30 17:56:56', 0),
(4752, 8, 6, '3,6,9,15,21,25,47,29', '22.20', '59900.00', '2024-07-30 17:56:56', '2024-07-30 17:56:56', 0),
(4753, 8, 6, '3,6,9,41,20,22,27,29', '19.70', '60824.00', '2024-07-30 17:56:56', '2024-07-30 17:56:56', 0),
(4754, 8, 6, '3,6,9,41,20,22,47,29', '19.70', '59650.00', '2024-07-30 17:56:56', '2024-07-30 17:56:56', 0),
(4755, 8, 6, '3,6,9,41,20,23,27,29', '19.70', '60074.00', '2024-07-30 17:56:56', '2024-07-30 17:56:56', 0),
(4756, 8, 6, '3,6,9,41,20,23,47,29', '19.70', '58900.00', '2024-07-30 17:56:56', '2024-07-30 17:56:56', 0),
(4757, 8, 6, '3,6,9,41,20,24,27,29', '17.00', '60074.00', '2024-07-30 17:56:56', '2024-07-30 17:56:56', 0),
(4758, 8, 6, '3,6,9,41,20,24,47,29', '17.00', '58900.00', '2024-07-30 17:56:56', '2024-07-30 17:56:56', 0),
(4759, 8, 6, '3,6,9,41,20,25,27,29', '17.90', '60074.00', '2024-07-30 17:56:56', '2024-07-30 17:56:56', 0),
(4760, 8, 6, '3,6,9,41,20,25,47,29', '17.90', '58900.00', '2024-07-30 17:56:56', '2024-07-30 17:56:56', 0),
(4761, 8, 6, '3,6,9,41,21,22,27,29', '20.80', '60874.00', '2024-07-30 17:56:56', '2024-07-30 17:56:56', 0),
(4762, 8, 6, '3,6,9,41,21,22,47,29', '20.80', '59700.00', '2024-07-30 17:56:56', '2024-07-30 17:56:56', 0),
(4763, 8, 6, '3,6,9,41,21,23,27,29', '20.80', '60124.00', '2024-07-30 17:56:56', '2024-07-30 17:56:56', 0),
(4764, 8, 6, '3,6,9,41,21,23,47,29', '20.80', '58950.00', '2024-07-30 17:56:56', '2024-07-30 17:56:56', 0),
(4765, 8, 6, '3,6,9,41,21,24,27,29', '18.10', '60124.00', '2024-07-30 17:56:56', '2024-07-30 17:56:56', 0),
(4766, 8, 6, '3,6,9,41,21,24,47,29', '18.10', '58950.00', '2024-07-30 17:56:56', '2024-07-30 17:56:56', 0),
(4767, 8, 6, '3,6,9,41,21,25,27,29', '19.00', '60124.00', '2024-07-30 17:56:56', '2024-07-30 17:56:56', 0),
(4768, 8, 6, '3,6,9,41,21,25,47,29', '19.00', '58950.00', '2024-07-30 17:56:56', '2024-07-30 17:56:56', 0),
(4769, 8, 6, '3,6,9,46,20,22,27,29', '16.50', '59324.00', '2024-07-30 17:56:56', '2024-07-30 17:56:56', 0),
(4770, 8, 6, '3,6,9,46,20,22,47,29', '16.50', '58150.00', '2024-07-30 17:56:56', '2024-07-30 17:56:56', 0),
(4771, 8, 6, '3,6,9,46,20,23,27,29', '16.50', '58574.00', '2024-07-30 17:56:56', '2024-07-30 17:56:56', 0),
(4772, 8, 6, '3,6,9,46,20,23,47,29', '16.50', '57400.00', '2024-07-30 17:56:56', '2024-07-30 17:56:56', 0),
(4773, 8, 6, '3,6,9,46,20,24,27,29', '13.80', '58574.00', '2024-07-30 17:56:56', '2024-07-30 17:56:56', 0),
(4774, 8, 6, '3,6,9,46,20,24,47,29', '13.80', '57400.00', '2024-07-30 17:56:56', '2024-07-30 17:56:56', 0),
(4775, 8, 6, '3,6,9,46,20,25,27,29', '14.70', '58574.00', '2024-07-30 17:56:56', '2024-07-30 17:56:56', 0),
(4776, 8, 6, '3,6,9,46,20,25,47,29', '14.70', '57400.00', '2024-07-30 17:56:56', '2024-07-30 17:56:56', 0),
(4777, 8, 6, '3,6,9,46,21,22,27,29', '17.60', '59374.00', '2024-07-30 17:56:56', '2024-07-30 17:56:56', 0),
(4778, 8, 6, '3,6,9,46,21,22,47,29', '17.60', '58200.00', '2024-07-30 17:56:56', '2024-07-30 17:56:56', 0),
(4779, 8, 6, '3,6,9,46,21,23,27,29', '17.60', '58624.00', '2024-07-30 17:56:56', '2024-07-30 17:56:56', 0),
(4780, 8, 6, '3,6,9,46,21,23,47,29', '17.60', '57450.00', '2024-07-30 17:56:56', '2024-07-30 17:56:56', 0),
(4781, 8, 6, '3,6,9,46,21,24,27,29', '14.90', '58624.00', '2024-07-30 17:56:56', '2024-07-30 17:56:56', 0),
(4782, 8, 6, '3,6,9,46,21,24,47,29', '14.90', '57450.00', '2024-07-30 17:56:56', '2024-07-30 17:56:56', 0),
(4783, 8, 6, '3,6,9,46,21,25,27,29', '15.80', '58624.00', '2024-07-30 17:56:56', '2024-07-30 17:56:56', 0),
(4784, 8, 6, '3,6,9,46,21,25,47,29', '15.80', '57450.00', '2024-07-30 17:56:56', '2024-07-30 17:56:56', 0),
(4785, 8, 6, '3,6,10,15,20,22,27,29', '26.30', '63024.00', '2024-07-30 17:56:56', '2024-07-30 17:56:56', 0),
(4786, 8, 6, '3,6,10,15,20,22,47,29', '26.30', '61850.00', '2024-07-30 17:56:56', '2024-07-30 17:56:56', 0),
(4787, 8, 6, '3,6,10,15,20,23,27,29', '26.30', '62274.00', '2024-07-30 17:56:56', '2024-07-30 17:56:56', 0),
(4788, 8, 6, '3,6,10,15,20,23,47,29', '26.30', '61100.00', '2024-07-30 17:56:56', '2024-07-30 17:56:56', 0),
(4789, 8, 6, '3,6,10,15,20,24,27,29', '23.60', '62274.00', '2024-07-30 17:56:56', '2024-07-30 17:56:56', 0),
(4790, 8, 6, '3,6,10,15,20,24,47,29', '23.60', '61100.00', '2024-07-30 17:56:56', '2024-07-30 17:56:56', 0),
(4791, 8, 6, '3,6,10,15,20,25,27,29', '24.50', '62274.00', '2024-07-30 17:56:56', '2024-07-30 17:56:56', 0),
(4792, 8, 6, '3,6,10,15,20,25,47,29', '24.50', '61100.00', '2024-07-30 17:56:56', '2024-07-30 17:56:56', 0),
(4793, 8, 6, '3,6,10,15,21,22,27,29', '27.40', '63074.00', '2024-07-30 17:56:56', '2024-07-30 17:56:56', 0),
(4794, 8, 6, '3,6,10,15,21,22,47,29', '27.40', '61900.00', '2024-07-30 17:56:56', '2024-07-30 17:56:56', 0),
(4795, 8, 6, '3,6,10,15,21,23,27,29', '27.40', '62324.00', '2024-07-30 17:56:56', '2024-07-30 17:56:56', 0),
(4796, 8, 6, '3,6,10,15,21,23,47,29', '27.40', '61150.00', '2024-07-30 17:56:56', '2024-07-30 17:56:56', 0),
(4797, 8, 6, '3,6,10,15,21,24,27,29', '24.70', '62324.00', '2024-07-30 17:56:56', '2024-07-30 17:56:56', 0),
(4798, 8, 6, '3,6,10,15,21,24,47,29', '24.70', '61150.00', '2024-07-30 17:56:56', '2024-07-30 17:56:56', 0),
(4799, 8, 6, '3,6,10,15,21,25,27,29', '25.60', '62324.00', '2024-07-30 17:56:56', '2024-07-30 17:56:56', 0),
(4800, 8, 6, '3,6,10,15,21,25,47,29', '25.60', '61150.00', '2024-07-30 17:56:56', '2024-07-30 17:56:56', 0),
(4801, 8, 6, '3,6,10,41,20,22,27,29', '23.10', '62074.00', '2024-07-30 17:56:56', '2024-07-30 17:56:56', 0),
(4802, 8, 6, '3,6,10,41,20,22,47,29', '23.10', '60900.00', '2024-07-30 17:56:56', '2024-07-30 17:56:56', 0),
(4803, 8, 6, '3,6,10,41,20,23,27,29', '23.10', '61324.00', '2024-07-30 17:56:56', '2024-07-30 17:56:56', 0),
(4804, 8, 6, '3,6,10,41,20,23,47,29', '23.10', '60150.00', '2024-07-30 17:56:56', '2024-07-30 17:56:56', 0),
(4805, 8, 6, '3,6,10,41,20,24,27,29', '20.40', '61324.00', '2024-07-30 17:56:56', '2024-07-30 17:56:56', 0),
(4806, 8, 6, '3,6,10,41,20,24,47,29', '20.40', '60150.00', '2024-07-30 17:56:56', '2024-07-30 17:56:56', 0),
(4807, 8, 6, '3,6,10,41,20,25,27,29', '21.30', '61324.00', '2024-07-30 17:56:56', '2024-07-30 17:56:56', 0),
(4808, 8, 6, '3,6,10,41,20,25,47,29', '21.30', '60150.00', '2024-07-30 17:56:56', '2024-07-30 17:56:56', 0),
(4809, 8, 6, '3,6,10,41,21,22,27,29', '24.20', '62124.00', '2024-07-30 17:56:56', '2024-07-30 17:56:56', 0),
(4810, 8, 6, '3,6,10,41,21,22,47,29', '24.20', '60950.00', '2024-07-30 17:56:56', '2024-07-30 17:56:56', 0),
(4811, 8, 6, '3,6,10,41,21,23,27,29', '24.20', '61374.00', '2024-07-30 17:56:56', '2024-07-30 17:56:56', 0),
(4812, 8, 6, '3,6,10,41,21,23,47,29', '24.20', '60200.00', '2024-07-30 17:56:56', '2024-07-30 17:56:56', 0),
(4813, 8, 6, '3,6,10,41,21,24,27,29', '21.50', '61374.00', '2024-07-30 17:56:56', '2024-07-30 17:56:56', 0),
(4814, 8, 6, '3,6,10,41,21,24,47,29', '21.50', '60200.00', '2024-07-30 17:56:56', '2024-07-30 17:56:56', 0),
(4815, 8, 6, '3,6,10,41,21,25,27,29', '22.40', '61374.00', '2024-07-30 17:56:56', '2024-07-30 17:56:56', 0),
(4816, 8, 6, '3,6,10,41,21,25,47,29', '22.40', '60200.00', '2024-07-30 17:56:56', '2024-07-30 17:56:56', 0),
(4817, 8, 6, '3,6,10,46,20,22,27,29', '19.90', '60574.00', '2024-07-30 17:56:56', '2024-07-30 17:56:56', 0),
(4818, 8, 6, '3,6,10,46,20,22,47,29', '19.90', '59400.00', '2024-07-30 17:56:56', '2024-07-30 17:56:56', 0),
(4819, 8, 6, '3,6,10,46,20,23,27,29', '19.90', '59824.00', '2024-07-30 17:56:56', '2024-07-30 17:56:56', 0),
(4820, 8, 6, '3,6,10,46,20,23,47,29', '19.90', '58650.00', '2024-07-30 17:56:56', '2024-07-30 17:56:56', 0),
(4821, 8, 6, '3,6,10,46,20,24,27,29', '17.20', '59824.00', '2024-07-30 17:56:56', '2024-07-30 17:56:56', 0),
(4822, 8, 6, '3,6,10,46,20,24,47,29', '17.20', '58650.00', '2024-07-30 17:56:56', '2024-07-30 17:56:56', 0),
(4823, 8, 6, '3,6,10,46,20,25,27,29', '18.10', '59824.00', '2024-07-30 17:56:56', '2024-07-30 17:56:56', 0),
(4824, 8, 6, '3,6,10,46,20,25,47,29', '18.10', '58650.00', '2024-07-30 17:56:56', '2024-07-30 17:56:56', 0),
(4825, 8, 6, '3,6,10,46,21,22,27,29', '21.00', '60624.00', '2024-07-30 17:56:56', '2024-07-30 17:56:56', 0),
(4826, 8, 6, '3,6,10,46,21,22,47,29', '21.00', '59450.00', '2024-07-30 17:56:56', '2024-07-30 17:56:56', 0),
(4827, 8, 6, '3,6,10,46,21,23,27,29', '21.00', '59874.00', '2024-07-30 17:56:56', '2024-07-30 17:56:56', 0),
(4828, 8, 6, '3,6,10,46,21,23,47,29', '21.00', '58700.00', '2024-07-30 17:56:56', '2024-07-30 17:56:56', 0),
(4829, 8, 6, '3,6,10,46,21,24,27,29', '18.30', '59874.00', '2024-07-30 17:56:56', '2024-07-30 17:56:56', 0),
(4830, 8, 6, '3,6,10,46,21,24,47,29', '18.30', '58700.00', '2024-07-30 17:56:56', '2024-07-30 17:56:56', 0),
(4831, 8, 6, '3,6,10,46,21,25,27,29', '19.20', '59874.00', '2024-07-30 17:56:56', '2024-07-30 17:56:56', 0),
(4832, 8, 6, '3,6,10,46,21,25,47,29', '19.20', '58700.00', '2024-07-30 17:56:56', '2024-07-30 17:56:56', 0),
(4833, 8, 6, '3,6,11,15,20,22,27,29', '19.30', '64424.00', '2024-07-30 17:56:56', '2024-07-30 17:56:56', 0),
(4834, 8, 6, '3,6,11,15,20,22,47,29', '19.30', '63250.00', '2024-07-30 17:56:56', '2024-07-30 17:56:56', 0),
(4835, 8, 6, '3,6,11,15,20,23,27,29', '19.30', '63674.00', '2024-07-30 17:56:56', '2024-07-30 17:56:56', 0),
(4836, 8, 6, '3,6,11,15,20,23,47,29', '19.30', '62500.00', '2024-07-30 17:56:56', '2024-07-30 17:56:56', 0),
(4837, 8, 6, '3,6,11,15,20,24,27,29', '16.60', '63674.00', '2024-07-30 17:56:56', '2024-07-30 17:56:56', 0),
(4838, 8, 6, '3,6,11,15,20,24,47,29', '16.60', '62500.00', '2024-07-30 17:56:56', '2024-07-30 17:56:56', 0),
(4839, 8, 6, '3,6,11,15,20,25,27,29', '17.50', '63674.00', '2024-07-30 17:56:56', '2024-07-30 17:56:56', 0),
(4840, 8, 6, '3,6,11,15,20,25,47,29', '17.50', '62500.00', '2024-07-30 17:56:56', '2024-07-30 17:56:56', 0),
(4841, 8, 6, '3,6,11,15,21,22,27,29', '20.40', '64474.00', '2024-07-30 17:56:56', '2024-07-30 17:56:56', 0),
(4842, 8, 6, '3,6,11,15,21,22,47,29', '20.40', '63300.00', '2024-07-30 17:56:56', '2024-07-30 17:56:56', 0),
(4843, 8, 6, '3,6,11,15,21,23,27,29', '20.40', '63724.00', '2024-07-30 17:56:56', '2024-07-30 17:56:56', 0),
(4844, 8, 6, '3,6,11,15,21,23,47,29', '20.40', '62550.00', '2024-07-30 17:56:56', '2024-07-30 17:56:56', 0),
(4845, 8, 6, '3,6,11,15,21,24,27,29', '17.70', '63724.00', '2024-07-30 17:56:56', '2024-07-30 17:56:56', 0),
(4846, 8, 6, '3,6,11,15,21,24,47,29', '17.70', '62550.00', '2024-07-30 17:56:56', '2024-07-30 17:56:56', 0),
(4847, 8, 6, '3,6,11,15,21,25,27,29', '18.60', '63724.00', '2024-07-30 17:56:56', '2024-07-30 17:56:56', 0),
(4848, 8, 6, '3,6,11,15,21,25,47,29', '18.60', '62550.00', '2024-07-30 17:56:56', '2024-07-30 17:56:56', 0),
(4849, 8, 6, '3,6,11,41,20,22,27,29', '16.10', '63474.00', '2024-07-30 17:56:56', '2024-07-30 17:56:56', 0),
(4850, 8, 6, '3,6,11,41,20,22,47,29', '16.10', '62300.00', '2024-07-30 17:56:56', '2024-07-30 17:56:56', 0),
(4851, 8, 6, '3,6,11,41,20,23,27,29', '16.10', '62724.00', '2024-07-30 17:56:56', '2024-07-30 17:56:56', 0),
(4852, 8, 6, '3,6,11,41,20,23,47,29', '16.10', '61550.00', '2024-07-30 17:56:56', '2024-07-30 17:56:56', 0),
(4853, 8, 6, '3,6,11,41,20,24,27,29', '13.40', '62724.00', '2024-07-30 17:56:56', '2024-07-30 17:56:56', 0),
(4854, 8, 6, '3,6,11,41,20,24,47,29', '13.40', '61550.00', '2024-07-30 17:56:56', '2024-07-30 17:56:56', 0),
(4855, 8, 6, '3,6,11,41,20,25,27,29', '14.30', '62724.00', '2024-07-30 17:56:56', '2024-07-30 17:56:56', 0),
(4856, 8, 6, '3,6,11,41,20,25,47,29', '14.30', '61550.00', '2024-07-30 17:56:56', '2024-07-30 17:56:56', 0),
(4857, 8, 6, '3,6,11,41,21,22,27,29', '17.20', '63524.00', '2024-07-30 17:56:56', '2024-07-30 17:56:56', 0),
(4858, 8, 6, '3,6,11,41,21,22,47,29', '17.20', '62350.00', '2024-07-30 17:56:56', '2024-07-30 17:56:56', 0);
INSERT INTO `ecm_result_combinations` (`id`, `combinationId`, `auditId`, `assemblyIds`, `totalCombinationECP`, `totalCombinationCost`, `createdAt`, `updatedAt`, `isDeleted`) VALUES
(4859, 8, 6, '3,6,11,41,21,23,27,29', '17.20', '62774.00', '2024-07-30 17:56:56', '2024-07-30 17:56:56', 0),
(4860, 8, 6, '3,6,11,41,21,23,47,29', '17.20', '61600.00', '2024-07-30 17:56:56', '2024-07-30 17:56:56', 0),
(4861, 8, 6, '3,6,11,41,21,24,27,29', '14.50', '62774.00', '2024-07-30 17:56:56', '2024-07-30 17:56:56', 0),
(4862, 8, 6, '3,6,11,41,21,24,47,29', '14.50', '61600.00', '2024-07-30 17:56:56', '2024-07-30 17:56:56', 0),
(4863, 8, 6, '3,6,11,41,21,25,27,29', '15.40', '62774.00', '2024-07-30 17:56:56', '2024-07-30 17:56:56', 0),
(4864, 8, 6, '3,6,11,41,21,25,47,29', '15.40', '61600.00', '2024-07-30 17:56:56', '2024-07-30 17:56:56', 0),
(4865, 8, 6, '3,6,11,46,20,22,27,29', '12.90', '61974.00', '2024-07-30 17:56:56', '2024-07-30 17:56:56', 0),
(4866, 8, 6, '3,6,11,46,20,22,47,29', '12.90', '60800.00', '2024-07-30 17:56:56', '2024-07-30 17:56:56', 0),
(4867, 8, 6, '3,6,11,46,20,23,27,29', '12.90', '61224.00', '2024-07-30 17:56:56', '2024-07-30 17:56:56', 0),
(4868, 8, 6, '3,6,11,46,20,23,47,29', '12.90', '60050.00', '2024-07-30 17:56:56', '2024-07-30 17:56:56', 0),
(4869, 8, 6, '3,6,11,46,20,24,27,29', '10.20', '61224.00', '2024-07-30 17:56:56', '2024-07-30 17:56:56', 0),
(4870, 8, 6, '3,6,11,46,20,24,47,29', '10.20', '60050.00', '2024-07-30 17:56:56', '2024-07-30 17:56:56', 0),
(4871, 8, 6, '3,6,11,46,20,25,27,29', '11.10', '61224.00', '2024-07-30 17:56:56', '2024-07-30 17:56:56', 0),
(4872, 8, 6, '3,6,11,46,20,25,47,29', '11.10', '60050.00', '2024-07-30 17:56:56', '2024-07-30 17:56:56', 0),
(4873, 8, 6, '3,6,11,46,21,22,27,29', '14.00', '62024.00', '2024-07-30 17:56:56', '2024-07-30 17:56:56', 0),
(4874, 8, 6, '3,6,11,46,21,22,47,29', '14.00', '60850.00', '2024-07-30 17:56:56', '2024-07-30 17:56:56', 0),
(4875, 8, 6, '3,6,11,46,21,23,27,29', '14.00', '61274.00', '2024-07-30 17:56:56', '2024-07-30 17:56:56', 0),
(4876, 8, 6, '3,6,11,46,21,23,47,29', '14.00', '60100.00', '2024-07-30 17:56:56', '2024-07-30 17:56:56', 0),
(4877, 8, 6, '3,6,11,46,21,24,27,29', '11.30', '61274.00', '2024-07-30 17:56:56', '2024-07-30 17:56:56', 0),
(4878, 8, 6, '3,6,11,46,21,24,47,29', '11.30', '60100.00', '2024-07-30 17:56:56', '2024-07-30 17:56:56', 0),
(4879, 8, 6, '3,6,11,46,21,25,27,29', '12.20', '61274.00', '2024-07-30 17:56:56', '2024-07-30 17:56:56', 0),
(4880, 8, 6, '3,6,11,46,21,25,47,29', '12.20', '60100.00', '2024-07-30 17:56:56', '2024-07-30 17:56:56', 0),
(4881, 8, 6, '4,5,8,15,20,22,27,29', '25.00', '31824.00', '2024-07-30 17:56:56', '2024-07-30 17:56:56', 0),
(4882, 8, 6, '4,5,8,15,20,22,47,29', '25.00', '30650.00', '2024-07-30 17:56:56', '2024-07-30 17:56:56', 0),
(4883, 8, 6, '4,5,8,15,20,23,27,29', '25.00', '31074.00', '2024-07-30 17:56:56', '2024-07-30 17:56:56', 0),
(4884, 8, 6, '4,5,8,15,20,23,47,29', '25.00', '29900.00', '2024-07-30 17:56:56', '2024-07-30 17:56:56', 0),
(4885, 8, 6, '4,5,8,15,20,24,27,29', '22.30', '31074.00', '2024-07-30 17:56:56', '2024-07-30 17:56:56', 0),
(4886, 8, 6, '4,5,8,15,20,24,47,29', '22.30', '29900.00', '2024-07-30 17:56:56', '2024-07-30 17:56:56', 0),
(4887, 8, 6, '4,5,8,15,20,25,27,29', '23.20', '31074.00', '2024-07-30 17:56:56', '2024-07-30 17:56:56', 0),
(4888, 8, 6, '4,5,8,15,20,25,47,29', '23.20', '29900.00', '2024-07-30 17:56:56', '2024-07-30 17:56:56', 0),
(4889, 8, 6, '4,5,8,15,21,22,27,29', '26.10', '31874.00', '2024-07-30 17:56:56', '2024-07-30 17:56:56', 0),
(4890, 8, 6, '4,5,8,15,21,22,47,29', '26.10', '30700.00', '2024-07-30 17:56:56', '2024-07-30 17:56:56', 0),
(4891, 8, 6, '4,5,8,15,21,23,27,29', '26.10', '31124.00', '2024-07-30 17:56:56', '2024-07-30 17:56:56', 0),
(4892, 8, 6, '4,5,8,15,21,23,47,29', '26.10', '29950.00', '2024-07-30 17:56:56', '2024-07-30 17:56:56', 0),
(4893, 8, 6, '4,5,8,15,21,24,27,29', '23.40', '31124.00', '2024-07-30 17:56:56', '2024-07-30 17:56:56', 0),
(4894, 8, 6, '4,5,8,15,21,24,47,29', '23.40', '29950.00', '2024-07-30 17:56:56', '2024-07-30 17:56:56', 0),
(4895, 8, 6, '4,5,8,15,21,25,27,29', '24.30', '31124.00', '2024-07-30 17:56:56', '2024-07-30 17:56:56', 0),
(4896, 8, 6, '4,5,8,15,21,25,47,29', '24.30', '29950.00', '2024-07-30 17:56:56', '2024-07-30 17:56:56', 0),
(4897, 8, 6, '4,5,8,41,20,22,27,29', '21.80', '30874.00', '2024-07-30 17:56:56', '2024-07-30 17:56:56', 0),
(4898, 8, 6, '4,5,8,41,20,22,47,29', '21.80', '29700.00', '2024-07-30 17:56:56', '2024-07-30 17:56:56', 0),
(4899, 8, 6, '4,5,8,41,20,23,27,29', '21.80', '30124.00', '2024-07-30 17:56:56', '2024-07-30 17:56:56', 0),
(4900, 8, 6, '4,5,8,41,20,23,47,29', '21.80', '28950.00', '2024-07-30 17:56:56', '2024-07-30 17:56:56', 0),
(4901, 8, 6, '4,5,8,41,20,24,27,29', '19.10', '30124.00', '2024-07-30 17:56:56', '2024-07-30 17:56:56', 0),
(4902, 8, 6, '4,5,8,41,20,24,47,29', '19.10', '28950.00', '2024-07-30 17:56:56', '2024-07-30 17:56:56', 0),
(4903, 8, 6, '4,5,8,41,20,25,27,29', '20.00', '30124.00', '2024-07-30 17:56:56', '2024-07-30 17:56:56', 0),
(4904, 8, 6, '4,5,8,41,20,25,47,29', '20.00', '28950.00', '2024-07-30 17:56:56', '2024-07-30 17:56:56', 0),
(4905, 8, 6, '4,5,8,41,21,22,27,29', '22.90', '30924.00', '2024-07-30 17:56:56', '2024-07-30 17:56:56', 0),
(4906, 8, 6, '4,5,8,41,21,22,47,29', '22.90', '29750.00', '2024-07-30 17:56:56', '2024-07-30 17:56:56', 0),
(4907, 8, 6, '4,5,8,41,21,23,27,29', '22.90', '30174.00', '2024-07-30 17:56:56', '2024-07-30 17:56:56', 0),
(4908, 8, 6, '4,5,8,41,21,23,47,29', '22.90', '29000.00', '2024-07-30 17:56:56', '2024-07-30 17:56:56', 0),
(4909, 8, 6, '4,5,8,41,21,24,27,29', '20.20', '30174.00', '2024-07-30 17:56:56', '2024-07-30 17:56:56', 0),
(4910, 8, 6, '4,5,8,41,21,24,47,29', '20.20', '29000.00', '2024-07-30 17:56:56', '2024-07-30 17:56:56', 0),
(4911, 8, 6, '4,5,8,41,21,25,27,29', '21.10', '30174.00', '2024-07-30 17:56:56', '2024-07-30 17:56:56', 0),
(4912, 8, 6, '4,5,8,41,21,25,47,29', '21.10', '29000.00', '2024-07-30 17:56:56', '2024-07-30 17:56:56', 0),
(4913, 8, 6, '4,5,8,46,20,22,27,29', '18.60', '29374.00', '2024-07-30 17:56:56', '2024-07-30 17:56:56', 0),
(4914, 8, 6, '4,5,8,46,20,22,47,29', '18.60', '28200.00', '2024-07-30 17:56:56', '2024-07-30 17:56:56', 0),
(4915, 8, 6, '4,5,8,46,20,23,27,29', '18.60', '28624.00', '2024-07-30 17:56:56', '2024-07-30 17:56:56', 0),
(4916, 8, 6, '4,5,8,46,20,23,47,29', '18.60', '27450.00', '2024-07-30 17:56:56', '2024-07-30 17:56:56', 0),
(4917, 8, 6, '4,5,8,46,20,24,27,29', '15.90', '28624.00', '2024-07-30 17:56:56', '2024-07-30 17:56:56', 0),
(4918, 8, 6, '4,5,8,46,20,24,47,29', '15.90', '27450.00', '2024-07-30 17:56:56', '2024-07-30 17:56:56', 0),
(4919, 8, 6, '4,5,8,46,20,25,27,29', '16.80', '28624.00', '2024-07-30 17:56:56', '2024-07-30 17:56:56', 0),
(4920, 8, 6, '4,5,8,46,20,25,47,29', '16.80', '27450.00', '2024-07-30 17:56:56', '2024-07-30 17:56:56', 0),
(4921, 8, 6, '4,5,8,46,21,22,27,29', '19.70', '29424.00', '2024-07-30 17:56:56', '2024-07-30 17:56:56', 0),
(4922, 8, 6, '4,5,8,46,21,22,47,29', '19.70', '28250.00', '2024-07-30 17:56:56', '2024-07-30 17:56:56', 0),
(4923, 8, 6, '4,5,8,46,21,23,27,29', '19.70', '28674.00', '2024-07-30 17:56:56', '2024-07-30 17:56:56', 0),
(4924, 8, 6, '4,5,8,46,21,23,47,29', '19.70', '27500.00', '2024-07-30 17:56:56', '2024-07-30 17:56:56', 0),
(4925, 8, 6, '4,5,8,46,21,24,27,29', '17.00', '28674.00', '2024-07-30 17:56:56', '2024-07-30 17:56:56', 0),
(4926, 8, 6, '4,5,8,46,21,24,47,29', '17.00', '27500.00', '2024-07-30 17:56:56', '2024-07-30 17:56:56', 0),
(4927, 8, 6, '4,5,8,46,21,25,27,29', '17.90', '28674.00', '2024-07-30 17:56:56', '2024-07-30 17:56:56', 0),
(4928, 8, 6, '4,5,8,46,21,25,47,29', '17.90', '27500.00', '2024-07-30 17:56:56', '2024-07-30 17:56:56', 0),
(4929, 8, 6, '4,5,9,15,20,22,27,29', '26.80', '32924.00', '2024-07-30 17:56:56', '2024-07-30 17:56:56', 0),
(4930, 8, 6, '4,5,9,15,20,22,47,29', '26.80', '31750.00', '2024-07-30 17:56:56', '2024-07-30 17:56:56', 0),
(4931, 8, 6, '4,5,9,15,20,23,27,29', '26.80', '32174.00', '2024-07-30 17:56:56', '2024-07-30 17:56:56', 0),
(4932, 8, 6, '4,5,9,15,20,23,47,29', '26.80', '31000.00', '2024-07-30 17:56:56', '2024-07-30 17:56:56', 0),
(4933, 8, 6, '4,5,9,15,20,24,27,29', '24.10', '32174.00', '2024-07-30 17:56:56', '2024-07-30 17:56:56', 0),
(4934, 8, 6, '4,5,9,15,20,24,47,29', '24.10', '31000.00', '2024-07-30 17:56:56', '2024-07-30 17:56:56', 0),
(4935, 8, 6, '4,5,9,15,20,25,27,29', '25.00', '32174.00', '2024-07-30 17:56:56', '2024-07-30 17:56:56', 0),
(4936, 8, 6, '4,5,9,15,20,25,47,29', '25.00', '31000.00', '2024-07-30 17:56:56', '2024-07-30 17:56:56', 0),
(4937, 8, 6, '4,5,9,15,21,22,27,29', '27.90', '32974.00', '2024-07-30 17:56:56', '2024-07-30 17:56:56', 0),
(4938, 8, 6, '4,5,9,15,21,22,47,29', '27.90', '31800.00', '2024-07-30 17:56:56', '2024-07-30 17:56:56', 0),
(4939, 8, 6, '4,5,9,15,21,23,27,29', '27.90', '32224.00', '2024-07-30 17:56:56', '2024-07-30 17:56:56', 0),
(4940, 8, 6, '4,5,9,15,21,23,47,29', '27.90', '31050.00', '2024-07-30 17:56:56', '2024-07-30 17:56:56', 0),
(4941, 8, 6, '4,5,9,15,21,24,27,29', '25.20', '32224.00', '2024-07-30 17:56:56', '2024-07-30 17:56:56', 0),
(4942, 8, 6, '4,5,9,15,21,24,47,29', '25.20', '31050.00', '2024-07-30 17:56:56', '2024-07-30 17:56:56', 0),
(4943, 8, 6, '4,5,9,15,21,25,27,29', '26.10', '32224.00', '2024-07-30 17:56:56', '2024-07-30 17:56:56', 0),
(4944, 8, 6, '4,5,9,15,21,25,47,29', '26.10', '31050.00', '2024-07-30 17:56:56', '2024-07-30 17:56:56', 0),
(4945, 8, 6, '4,5,9,41,20,22,27,29', '23.60', '31974.00', '2024-07-30 17:56:56', '2024-07-30 17:56:56', 0),
(4946, 8, 6, '4,5,9,41,20,22,47,29', '23.60', '30800.00', '2024-07-30 17:56:56', '2024-07-30 17:56:56', 0),
(4947, 8, 6, '4,5,9,41,20,23,27,29', '23.60', '31224.00', '2024-07-30 17:56:56', '2024-07-30 17:56:56', 0),
(4948, 8, 6, '4,5,9,41,20,23,47,29', '23.60', '30050.00', '2024-07-30 17:56:56', '2024-07-30 17:56:56', 0),
(4949, 8, 6, '4,5,9,41,20,24,27,29', '20.90', '31224.00', '2024-07-30 17:56:56', '2024-07-30 17:56:56', 0),
(4950, 8, 6, '4,5,9,41,20,24,47,29', '20.90', '30050.00', '2024-07-30 17:56:56', '2024-07-30 17:56:56', 0),
(4951, 8, 6, '4,5,9,41,20,25,27,29', '21.80', '31224.00', '2024-07-30 17:56:56', '2024-07-30 17:56:56', 0),
(4952, 8, 6, '4,5,9,41,20,25,47,29', '21.80', '30050.00', '2024-07-30 17:56:56', '2024-07-30 17:56:56', 0),
(4953, 8, 6, '4,5,9,41,21,22,27,29', '24.70', '32024.00', '2024-07-30 17:56:56', '2024-07-30 17:56:56', 0),
(4954, 8, 6, '4,5,9,41,21,22,47,29', '24.70', '30850.00', '2024-07-30 17:56:56', '2024-07-30 17:56:56', 0),
(4955, 8, 6, '4,5,9,41,21,23,27,29', '24.70', '31274.00', '2024-07-30 17:56:56', '2024-07-30 17:56:56', 0),
(4956, 8, 6, '4,5,9,41,21,23,47,29', '24.70', '30100.00', '2024-07-30 17:56:56', '2024-07-30 17:56:56', 0),
(4957, 8, 6, '4,5,9,41,21,24,27,29', '22.00', '31274.00', '2024-07-30 17:56:56', '2024-07-30 17:56:56', 0),
(4958, 8, 6, '4,5,9,41,21,24,47,29', '22.00', '30100.00', '2024-07-30 17:56:56', '2024-07-30 17:56:56', 0),
(4959, 8, 6, '4,5,9,41,21,25,27,29', '22.90', '31274.00', '2024-07-30 17:56:56', '2024-07-30 17:56:56', 0),
(4960, 8, 6, '4,5,9,41,21,25,47,29', '22.90', '30100.00', '2024-07-30 17:56:56', '2024-07-30 17:56:56', 0),
(4961, 8, 6, '4,5,9,46,20,22,27,29', '20.40', '30474.00', '2024-07-30 17:56:56', '2024-07-30 17:56:56', 0),
(4962, 8, 6, '4,5,9,46,20,22,47,29', '20.40', '29300.00', '2024-07-30 17:56:56', '2024-07-30 17:56:56', 0),
(4963, 8, 6, '4,5,9,46,20,23,27,29', '20.40', '29724.00', '2024-07-30 17:56:56', '2024-07-30 17:56:56', 0),
(4964, 8, 6, '4,5,9,46,20,23,47,29', '20.40', '28550.00', '2024-07-30 17:56:56', '2024-07-30 17:56:56', 0),
(4965, 8, 6, '4,5,9,46,20,24,27,29', '17.70', '29724.00', '2024-07-30 17:56:56', '2024-07-30 17:56:56', 0),
(4966, 8, 6, '4,5,9,46,20,24,47,29', '17.70', '28550.00', '2024-07-30 17:56:56', '2024-07-30 17:56:56', 0),
(4967, 8, 6, '4,5,9,46,20,25,27,29', '18.60', '29724.00', '2024-07-30 17:56:56', '2024-07-30 17:56:56', 0),
(4968, 8, 6, '4,5,9,46,20,25,47,29', '18.60', '28550.00', '2024-07-30 17:56:56', '2024-07-30 17:56:56', 0),
(4969, 8, 6, '4,5,9,46,21,22,27,29', '21.50', '30524.00', '2024-07-30 17:56:56', '2024-07-30 17:56:56', 0),
(4970, 8, 6, '4,5,9,46,21,22,47,29', '21.50', '29350.00', '2024-07-30 17:56:56', '2024-07-30 17:56:56', 0),
(4971, 8, 6, '4,5,9,46,21,23,27,29', '21.50', '29774.00', '2024-07-30 17:56:56', '2024-07-30 17:56:56', 0),
(4972, 8, 6, '4,5,9,46,21,23,47,29', '21.50', '28600.00', '2024-07-30 17:56:56', '2024-07-30 17:56:56', 0),
(4973, 8, 6, '4,5,9,46,21,24,27,29', '18.80', '29774.00', '2024-07-30 17:56:56', '2024-07-30 17:56:56', 0),
(4974, 8, 6, '4,5,9,46,21,24,47,29', '18.80', '28600.00', '2024-07-30 17:56:56', '2024-07-30 17:56:56', 0),
(4975, 8, 6, '4,5,9,46,21,25,27,29', '19.70', '29774.00', '2024-07-30 17:56:56', '2024-07-30 17:56:56', 0),
(4976, 8, 6, '4,5,9,46,21,25,47,29', '19.70', '28600.00', '2024-07-30 17:56:56', '2024-07-30 17:56:56', 0),
(4977, 8, 6, '4,5,10,15,20,22,27,29', '30.20', '34174.00', '2024-07-30 17:56:56', '2024-07-30 17:56:56', 0),
(4978, 8, 6, '4,5,10,15,20,22,47,29', '30.20', '33000.00', '2024-07-30 17:56:56', '2024-07-30 17:56:56', 0),
(4979, 8, 6, '4,5,10,15,20,23,27,29', '30.20', '33424.00', '2024-07-30 17:56:56', '2024-07-30 17:56:56', 0),
(4980, 8, 6, '4,5,10,15,20,23,47,29', '30.20', '32250.00', '2024-07-30 17:56:56', '2024-07-30 17:56:56', 0),
(4981, 8, 6, '4,5,10,15,20,24,27,29', '27.50', '33424.00', '2024-07-30 17:56:56', '2024-07-30 17:56:56', 0),
(4982, 8, 6, '4,5,10,15,20,24,47,29', '27.50', '32250.00', '2024-07-30 17:56:56', '2024-07-30 17:56:56', 0),
(4983, 8, 6, '4,5,10,15,20,25,27,29', '28.40', '33424.00', '2024-07-30 17:56:56', '2024-07-30 17:56:56', 0),
(4984, 8, 6, '4,5,10,15,20,25,47,29', '28.40', '32250.00', '2024-07-30 17:56:56', '2024-07-30 17:56:56', 0),
(4985, 8, 6, '4,5,10,15,21,22,27,29', '31.30', '34224.00', '2024-07-30 17:56:56', '2024-07-30 17:56:56', 0),
(4986, 8, 6, '4,5,10,15,21,22,47,29', '31.30', '33050.00', '2024-07-30 17:56:56', '2024-07-30 17:56:56', 0),
(4987, 8, 6, '4,5,10,15,21,23,27,29', '31.30', '33474.00', '2024-07-30 17:56:56', '2024-07-30 17:56:56', 0),
(4988, 8, 6, '4,5,10,15,21,23,47,29', '31.30', '32300.00', '2024-07-30 17:56:56', '2024-07-30 17:56:56', 0),
(4989, 8, 6, '4,5,10,15,21,24,27,29', '28.60', '33474.00', '2024-07-30 17:56:56', '2024-07-30 17:56:56', 0),
(4990, 8, 6, '4,5,10,15,21,24,47,29', '28.60', '32300.00', '2024-07-30 17:56:56', '2024-07-30 17:56:56', 0),
(4991, 8, 6, '4,5,10,15,21,25,27,29', '29.50', '33474.00', '2024-07-30 17:56:56', '2024-07-30 17:56:56', 0),
(4992, 8, 6, '4,5,10,15,21,25,47,29', '29.50', '32300.00', '2024-07-30 17:56:56', '2024-07-30 17:56:56', 0),
(4993, 8, 6, '4,5,10,41,20,22,27,29', '27.00', '33224.00', '2024-07-30 17:56:56', '2024-07-30 17:56:56', 0),
(4994, 8, 6, '4,5,10,41,20,22,47,29', '27.00', '32050.00', '2024-07-30 17:56:56', '2024-07-30 17:56:56', 0),
(4995, 8, 6, '4,5,10,41,20,23,27,29', '27.00', '32474.00', '2024-07-30 17:56:56', '2024-07-30 17:56:56', 0),
(4996, 8, 6, '4,5,10,41,20,23,47,29', '27.00', '31300.00', '2024-07-30 17:56:56', '2024-07-30 17:56:56', 0),
(4997, 8, 6, '4,5,10,41,20,24,27,29', '24.30', '32474.00', '2024-07-30 17:56:56', '2024-07-30 17:56:56', 0),
(4998, 8, 6, '4,5,10,41,20,24,47,29', '24.30', '31300.00', '2024-07-30 17:56:56', '2024-07-30 17:56:56', 0),
(4999, 8, 6, '4,5,10,41,20,25,27,29', '25.20', '32474.00', '2024-07-30 17:56:56', '2024-07-30 17:56:56', 0),
(5000, 8, 6, '4,5,10,41,20,25,47,29', '25.20', '31300.00', '2024-07-30 17:56:56', '2024-07-30 17:56:56', 0),
(5001, 8, 6, '4,5,10,41,21,22,27,29', '28.10', '33274.00', '2024-07-30 17:56:56', '2024-07-30 17:56:56', 0),
(5002, 8, 6, '4,5,10,41,21,22,47,29', '28.10', '32100.00', '2024-07-30 17:56:56', '2024-07-30 17:56:56', 0),
(5003, 8, 6, '4,5,10,41,21,23,27,29', '28.10', '32524.00', '2024-07-30 17:56:56', '2024-07-30 17:56:56', 0),
(5004, 8, 6, '4,5,10,41,21,23,47,29', '28.10', '31350.00', '2024-07-30 17:56:56', '2024-07-30 17:56:56', 0),
(5005, 8, 6, '4,5,10,41,21,24,27,29', '25.40', '32524.00', '2024-07-30 17:56:56', '2024-07-30 17:56:56', 0),
(5006, 8, 6, '4,5,10,41,21,24,47,29', '25.40', '31350.00', '2024-07-30 17:56:56', '2024-07-30 17:56:56', 0),
(5007, 8, 6, '4,5,10,41,21,25,27,29', '26.30', '32524.00', '2024-07-30 17:56:56', '2024-07-30 17:56:56', 0),
(5008, 8, 6, '4,5,10,41,21,25,47,29', '26.30', '31350.00', '2024-07-30 17:56:56', '2024-07-30 17:56:56', 0),
(5009, 8, 6, '4,5,10,46,20,22,27,29', '23.80', '31724.00', '2024-07-30 17:56:56', '2024-07-30 17:56:56', 0),
(5010, 8, 6, '4,5,10,46,20,22,47,29', '23.80', '30550.00', '2024-07-30 17:56:56', '2024-07-30 17:56:56', 0),
(5011, 8, 6, '4,5,10,46,20,23,27,29', '23.80', '30974.00', '2024-07-30 17:56:56', '2024-07-30 17:56:56', 0),
(5012, 8, 6, '4,5,10,46,20,23,47,29', '23.80', '29800.00', '2024-07-30 17:56:56', '2024-07-30 17:56:56', 0),
(5013, 8, 6, '4,5,10,46,20,24,27,29', '21.10', '30974.00', '2024-07-30 17:56:56', '2024-07-30 17:56:56', 0),
(5014, 8, 6, '4,5,10,46,20,24,47,29', '21.10', '29800.00', '2024-07-30 17:56:56', '2024-07-30 17:56:56', 0),
(5015, 8, 6, '4,5,10,46,20,25,27,29', '22.00', '30974.00', '2024-07-30 17:56:56', '2024-07-30 17:56:56', 0),
(5016, 8, 6, '4,5,10,46,20,25,47,29', '22.00', '29800.00', '2024-07-30 17:56:56', '2024-07-30 17:56:56', 0),
(5017, 8, 6, '4,5,10,46,21,22,27,29', '24.90', '31774.00', '2024-07-30 17:56:56', '2024-07-30 17:56:56', 0),
(5018, 8, 6, '4,5,10,46,21,22,47,29', '24.90', '30600.00', '2024-07-30 17:56:56', '2024-07-30 17:56:56', 0),
(5019, 8, 6, '4,5,10,46,21,23,27,29', '24.90', '31024.00', '2024-07-30 17:56:56', '2024-07-30 17:56:56', 0),
(5020, 8, 6, '4,5,10,46,21,23,47,29', '24.90', '29850.00', '2024-07-30 17:56:56', '2024-07-30 17:56:56', 0),
(5021, 8, 6, '4,5,10,46,21,24,27,29', '22.20', '31024.00', '2024-07-30 17:56:56', '2024-07-30 17:56:56', 0),
(5022, 8, 6, '4,5,10,46,21,24,47,29', '22.20', '29850.00', '2024-07-30 17:56:56', '2024-07-30 17:56:56', 0),
(5023, 8, 6, '4,5,10,46,21,25,27,29', '23.10', '31024.00', '2024-07-30 17:56:56', '2024-07-30 17:56:56', 0),
(5024, 8, 6, '4,5,10,46,21,25,47,29', '23.10', '29850.00', '2024-07-30 17:56:56', '2024-07-30 17:56:56', 0),
(5025, 8, 6, '4,5,11,15,20,22,27,29', '23.20', '35574.00', '2024-07-30 17:56:56', '2024-07-30 17:56:56', 0),
(5026, 8, 6, '4,5,11,15,20,22,47,29', '23.20', '34400.00', '2024-07-30 17:56:56', '2024-07-30 17:56:56', 0),
(5027, 8, 6, '4,5,11,15,20,23,27,29', '23.20', '34824.00', '2024-07-30 17:56:56', '2024-07-30 17:56:56', 0),
(5028, 8, 6, '4,5,11,15,20,23,47,29', '23.20', '33650.00', '2024-07-30 17:56:56', '2024-07-30 17:56:56', 0),
(5029, 8, 6, '4,5,11,15,20,24,27,29', '20.50', '34824.00', '2024-07-30 17:56:56', '2024-07-30 17:56:56', 0),
(5030, 8, 6, '4,5,11,15,20,24,47,29', '20.50', '33650.00', '2024-07-30 17:56:56', '2024-07-30 17:56:56', 0),
(5031, 8, 6, '4,5,11,15,20,25,27,29', '21.40', '34824.00', '2024-07-30 17:56:56', '2024-07-30 17:56:56', 0),
(5032, 8, 6, '4,5,11,15,20,25,47,29', '21.40', '33650.00', '2024-07-30 17:56:56', '2024-07-30 17:56:56', 0),
(5033, 8, 6, '4,5,11,15,21,22,27,29', '24.30', '35624.00', '2024-07-30 17:56:56', '2024-07-30 17:56:56', 0),
(5034, 8, 6, '4,5,11,15,21,22,47,29', '24.30', '34450.00', '2024-07-30 17:56:56', '2024-07-30 17:56:56', 0),
(5035, 8, 6, '4,5,11,15,21,23,27,29', '24.30', '34874.00', '2024-07-30 17:56:56', '2024-07-30 17:56:56', 0),
(5036, 8, 6, '4,5,11,15,21,23,47,29', '24.30', '33700.00', '2024-07-30 17:56:56', '2024-07-30 17:56:56', 0),
(5037, 8, 6, '4,5,11,15,21,24,27,29', '21.60', '34874.00', '2024-07-30 17:56:56', '2024-07-30 17:56:56', 0),
(5038, 8, 6, '4,5,11,15,21,24,47,29', '21.60', '33700.00', '2024-07-30 17:56:56', '2024-07-30 17:56:56', 0),
(5039, 8, 6, '4,5,11,15,21,25,27,29', '22.50', '34874.00', '2024-07-30 17:56:56', '2024-07-30 17:56:56', 0),
(5040, 8, 6, '4,5,11,15,21,25,47,29', '22.50', '33700.00', '2024-07-30 17:56:56', '2024-07-30 17:56:56', 0),
(5041, 8, 6, '4,5,11,41,20,22,27,29', '20.00', '34624.00', '2024-07-30 17:56:56', '2024-07-30 17:56:56', 0),
(5042, 8, 6, '4,5,11,41,20,22,47,29', '20.00', '33450.00', '2024-07-30 17:56:56', '2024-07-30 17:56:56', 0),
(5043, 8, 6, '4,5,11,41,20,23,27,29', '20.00', '33874.00', '2024-07-30 17:56:56', '2024-07-30 17:56:56', 0),
(5044, 8, 6, '4,5,11,41,20,23,47,29', '20.00', '32700.00', '2024-07-30 17:56:56', '2024-07-30 17:56:56', 0),
(5045, 8, 6, '4,5,11,41,20,24,27,29', '17.30', '33874.00', '2024-07-30 17:56:56', '2024-07-30 17:56:56', 0),
(5046, 8, 6, '4,5,11,41,20,24,47,29', '17.30', '32700.00', '2024-07-30 17:56:56', '2024-07-30 17:56:56', 0),
(5047, 8, 6, '4,5,11,41,20,25,27,29', '18.20', '33874.00', '2024-07-30 17:56:56', '2024-07-30 17:56:56', 0),
(5048, 8, 6, '4,5,11,41,20,25,47,29', '18.20', '32700.00', '2024-07-30 17:56:56', '2024-07-30 17:56:56', 0),
(5049, 8, 6, '4,5,11,41,21,22,27,29', '21.10', '34674.00', '2024-07-30 17:56:56', '2024-07-30 17:56:56', 0),
(5050, 8, 6, '4,5,11,41,21,22,47,29', '21.10', '33500.00', '2024-07-30 17:56:56', '2024-07-30 17:56:56', 0),
(5051, 8, 6, '4,5,11,41,21,23,27,29', '21.10', '33924.00', '2024-07-30 17:56:56', '2024-07-30 17:56:56', 0),
(5052, 8, 6, '4,5,11,41,21,23,47,29', '21.10', '32750.00', '2024-07-30 17:56:56', '2024-07-30 17:56:56', 0),
(5053, 8, 6, '4,5,11,41,21,24,27,29', '18.40', '33924.00', '2024-07-30 17:56:56', '2024-07-30 17:56:56', 0),
(5054, 8, 6, '4,5,11,41,21,24,47,29', '18.40', '32750.00', '2024-07-30 17:56:56', '2024-07-30 17:56:56', 0),
(5055, 8, 6, '4,5,11,41,21,25,27,29', '19.30', '33924.00', '2024-07-30 17:56:56', '2024-07-30 17:56:56', 0),
(5056, 8, 6, '4,5,11,41,21,25,47,29', '19.30', '32750.00', '2024-07-30 17:56:56', '2024-07-30 17:56:56', 0),
(5057, 8, 6, '4,5,11,46,20,22,27,29', '16.80', '33124.00', '2024-07-30 17:56:56', '2024-07-30 17:56:56', 0),
(5058, 8, 6, '4,5,11,46,20,22,47,29', '16.80', '31950.00', '2024-07-30 17:56:56', '2024-07-30 17:56:56', 0),
(5059, 8, 6, '4,5,11,46,20,23,27,29', '16.80', '32374.00', '2024-07-30 17:56:56', '2024-07-30 17:56:56', 0),
(5060, 8, 6, '4,5,11,46,20,23,47,29', '16.80', '31200.00', '2024-07-30 17:56:56', '2024-07-30 17:56:56', 0),
(5061, 8, 6, '4,5,11,46,20,24,27,29', '14.10', '32374.00', '2024-07-30 17:56:56', '2024-07-30 17:56:56', 0),
(5062, 8, 6, '4,5,11,46,20,24,47,29', '14.10', '31200.00', '2024-07-30 17:56:56', '2024-07-30 17:56:56', 0),
(5063, 8, 6, '4,5,11,46,20,25,27,29', '15.00', '32374.00', '2024-07-30 17:56:56', '2024-07-30 17:56:56', 0),
(5064, 8, 6, '4,5,11,46,20,25,47,29', '15.00', '31200.00', '2024-07-30 17:56:56', '2024-07-30 17:56:56', 0),
(5065, 8, 6, '4,5,11,46,21,22,27,29', '17.90', '33174.00', '2024-07-30 17:56:56', '2024-07-30 17:56:56', 0),
(5066, 8, 6, '4,5,11,46,21,22,47,29', '17.90', '32000.00', '2024-07-30 17:56:56', '2024-07-30 17:56:56', 0),
(5067, 8, 6, '4,5,11,46,21,23,27,29', '17.90', '32424.00', '2024-07-30 17:56:56', '2024-07-30 17:56:56', 0),
(5068, 8, 6, '4,5,11,46,21,23,47,29', '17.90', '31250.00', '2024-07-30 17:56:56', '2024-07-30 17:56:56', 0),
(5069, 8, 6, '4,5,11,46,21,24,27,29', '15.20', '32424.00', '2024-07-30 17:56:56', '2024-07-30 17:56:56', 0),
(5070, 8, 6, '4,5,11,46,21,24,47,29', '15.20', '31250.00', '2024-07-30 17:56:56', '2024-07-30 17:56:56', 0),
(5071, 8, 6, '4,5,11,46,21,25,27,29', '16.10', '32424.00', '2024-07-30 17:56:56', '2024-07-30 17:56:56', 0),
(5072, 8, 6, '4,5,11,46,21,25,47,29', '16.10', '31250.00', '2024-07-30 17:56:56', '2024-07-30 17:56:56', 0),
(5073, 8, 6, '4,6,8,15,20,22,27,29', '24.40', '42724.00', '2024-07-30 17:56:56', '2024-07-30 17:56:56', 0),
(5074, 8, 6, '4,6,8,15,20,22,47,29', '24.40', '41550.00', '2024-07-30 17:56:56', '2024-07-30 17:56:56', 0),
(5075, 8, 6, '4,6,8,15,20,23,27,29', '24.40', '41974.00', '2024-07-30 17:56:56', '2024-07-30 17:56:56', 0),
(5076, 8, 6, '4,6,8,15,20,23,47,29', '24.40', '40800.00', '2024-07-30 17:56:56', '2024-07-30 17:56:56', 0),
(5077, 8, 6, '4,6,8,15,20,24,27,29', '21.70', '41974.00', '2024-07-30 17:56:56', '2024-07-30 17:56:56', 0),
(5078, 8, 6, '4,6,8,15,20,24,47,29', '21.70', '40800.00', '2024-07-30 17:56:56', '2024-07-30 17:56:56', 0),
(5079, 8, 6, '4,6,8,15,20,25,27,29', '22.60', '41974.00', '2024-07-30 17:56:56', '2024-07-30 17:56:56', 0),
(5080, 8, 6, '4,6,8,15,20,25,47,29', '22.60', '40800.00', '2024-07-30 17:56:56', '2024-07-30 17:56:56', 0),
(5081, 8, 6, '4,6,8,15,21,22,27,29', '25.50', '42774.00', '2024-07-30 17:56:56', '2024-07-30 17:56:56', 0),
(5082, 8, 6, '4,6,8,15,21,22,47,29', '25.50', '41600.00', '2024-07-30 17:56:56', '2024-07-30 17:56:56', 0),
(5083, 8, 6, '4,6,8,15,21,23,27,29', '25.50', '42024.00', '2024-07-30 17:56:56', '2024-07-30 17:56:56', 0),
(5084, 8, 6, '4,6,8,15,21,23,47,29', '25.50', '40850.00', '2024-07-30 17:56:56', '2024-07-30 17:56:56', 0),
(5085, 8, 6, '4,6,8,15,21,24,27,29', '22.80', '42024.00', '2024-07-30 17:56:56', '2024-07-30 17:56:56', 0),
(5086, 8, 6, '4,6,8,15,21,24,47,29', '22.80', '40850.00', '2024-07-30 17:56:56', '2024-07-30 17:56:56', 0),
(5087, 8, 6, '4,6,8,15,21,25,27,29', '23.70', '42024.00', '2024-07-30 17:56:56', '2024-07-30 17:56:56', 0),
(5088, 8, 6, '4,6,8,15,21,25,47,29', '23.70', '40850.00', '2024-07-30 17:56:56', '2024-07-30 17:56:56', 0),
(5089, 8, 6, '4,6,8,41,20,22,27,29', '21.20', '41774.00', '2024-07-30 17:56:56', '2024-07-30 17:56:56', 0),
(5090, 8, 6, '4,6,8,41,20,22,47,29', '21.20', '40600.00', '2024-07-30 17:56:56', '2024-07-30 17:56:56', 0),
(5091, 8, 6, '4,6,8,41,20,23,27,29', '21.20', '41024.00', '2024-07-30 17:56:56', '2024-07-30 17:56:56', 0),
(5092, 8, 6, '4,6,8,41,20,23,47,29', '21.20', '39850.00', '2024-07-30 17:56:56', '2024-07-30 17:56:56', 0),
(5093, 8, 6, '4,6,8,41,20,24,27,29', '18.50', '41024.00', '2024-07-30 17:56:56', '2024-07-30 17:56:56', 0),
(5094, 8, 6, '4,6,8,41,20,24,47,29', '18.50', '39850.00', '2024-07-30 17:56:56', '2024-07-30 17:56:56', 0),
(5095, 8, 6, '4,6,8,41,20,25,27,29', '19.40', '41024.00', '2024-07-30 17:56:56', '2024-07-30 17:56:56', 0),
(5096, 8, 6, '4,6,8,41,20,25,47,29', '19.40', '39850.00', '2024-07-30 17:56:56', '2024-07-30 17:56:56', 0),
(5097, 8, 6, '4,6,8,41,21,22,27,29', '22.30', '41824.00', '2024-07-30 17:56:56', '2024-07-30 17:56:56', 0),
(5098, 8, 6, '4,6,8,41,21,22,47,29', '22.30', '40650.00', '2024-07-30 17:56:56', '2024-07-30 17:56:56', 0),
(5099, 8, 6, '4,6,8,41,21,23,27,29', '22.30', '41074.00', '2024-07-30 17:56:56', '2024-07-30 17:56:56', 0),
(5100, 8, 6, '4,6,8,41,21,23,47,29', '22.30', '39900.00', '2024-07-30 17:56:56', '2024-07-30 17:56:56', 0),
(5101, 8, 6, '4,6,8,41,21,24,27,29', '19.60', '41074.00', '2024-07-30 17:56:56', '2024-07-30 17:56:56', 0),
(5102, 8, 6, '4,6,8,41,21,24,47,29', '19.60', '39900.00', '2024-07-30 17:56:56', '2024-07-30 17:56:56', 0),
(5103, 8, 6, '4,6,8,41,21,25,27,29', '20.50', '41074.00', '2024-07-30 17:56:56', '2024-07-30 17:56:56', 0),
(5104, 8, 6, '4,6,8,41,21,25,47,29', '20.50', '39900.00', '2024-07-30 17:56:56', '2024-07-30 17:56:56', 0),
(5105, 8, 6, '4,6,8,46,20,22,27,29', '18.00', '40274.00', '2024-07-30 17:56:56', '2024-07-30 17:56:56', 0),
(5106, 8, 6, '4,6,8,46,20,22,47,29', '18.00', '39100.00', '2024-07-30 17:56:56', '2024-07-30 17:56:56', 0),
(5107, 8, 6, '4,6,8,46,20,23,27,29', '18.00', '39524.00', '2024-07-30 17:56:56', '2024-07-30 17:56:56', 0),
(5108, 8, 6, '4,6,8,46,20,23,47,29', '18.00', '38350.00', '2024-07-30 17:56:56', '2024-07-30 17:56:56', 0),
(5109, 8, 6, '4,6,8,46,20,24,27,29', '15.30', '39524.00', '2024-07-30 17:56:56', '2024-07-30 17:56:56', 0),
(5110, 8, 6, '4,6,8,46,20,24,47,29', '15.30', '38350.00', '2024-07-30 17:56:56', '2024-07-30 17:56:56', 0),
(5111, 8, 6, '4,6,8,46,20,25,27,29', '16.20', '39524.00', '2024-07-30 17:56:56', '2024-07-30 17:56:56', 0),
(5112, 8, 6, '4,6,8,46,20,25,47,29', '16.20', '38350.00', '2024-07-30 17:56:56', '2024-07-30 17:56:56', 0),
(5113, 8, 6, '4,6,8,46,21,22,27,29', '19.10', '40324.00', '2024-07-30 17:56:56', '2024-07-30 17:56:56', 0),
(5114, 8, 6, '4,6,8,46,21,22,47,29', '19.10', '39150.00', '2024-07-30 17:56:56', '2024-07-30 17:56:56', 0),
(5115, 8, 6, '4,6,8,46,21,23,27,29', '19.10', '39574.00', '2024-07-30 17:56:56', '2024-07-30 17:56:56', 0),
(5116, 8, 6, '4,6,8,46,21,23,47,29', '19.10', '38400.00', '2024-07-30 17:56:56', '2024-07-30 17:56:56', 0),
(5117, 8, 6, '4,6,8,46,21,24,27,29', '16.40', '39574.00', '2024-07-30 17:56:56', '2024-07-30 17:56:56', 0),
(5118, 8, 6, '4,6,8,46,21,24,47,29', '16.40', '38400.00', '2024-07-30 17:56:56', '2024-07-30 17:56:56', 0),
(5119, 8, 6, '4,6,8,46,21,25,27,29', '17.30', '39574.00', '2024-07-30 17:56:56', '2024-07-30 17:56:56', 0),
(5120, 8, 6, '4,6,8,46,21,25,47,29', '17.30', '38400.00', '2024-07-30 17:56:56', '2024-07-30 17:56:56', 0),
(5121, 8, 6, '4,6,9,15,20,22,27,29', '26.20', '43824.00', '2024-07-30 17:56:56', '2024-07-30 17:56:56', 0),
(5122, 8, 6, '4,6,9,15,20,22,47,29', '26.20', '42650.00', '2024-07-30 17:56:56', '2024-07-30 17:56:56', 0),
(5123, 8, 6, '4,6,9,15,20,23,27,29', '26.20', '43074.00', '2024-07-30 17:56:56', '2024-07-30 17:56:56', 0),
(5124, 8, 6, '4,6,9,15,20,23,47,29', '26.20', '41900.00', '2024-07-30 17:56:56', '2024-07-30 17:56:56', 0),
(5125, 8, 6, '4,6,9,15,20,24,27,29', '23.50', '43074.00', '2024-07-30 17:56:56', '2024-07-30 17:56:56', 0),
(5126, 8, 6, '4,6,9,15,20,24,47,29', '23.50', '41900.00', '2024-07-30 17:56:56', '2024-07-30 17:56:56', 0),
(5127, 8, 6, '4,6,9,15,20,25,27,29', '24.40', '43074.00', '2024-07-30 17:56:56', '2024-07-30 17:56:56', 0),
(5128, 8, 6, '4,6,9,15,20,25,47,29', '24.40', '41900.00', '2024-07-30 17:56:56', '2024-07-30 17:56:56', 0),
(5129, 8, 6, '4,6,9,15,21,22,27,29', '27.30', '43874.00', '2024-07-30 17:56:56', '2024-07-30 17:56:56', 0),
(5130, 8, 6, '4,6,9,15,21,22,47,29', '27.30', '42700.00', '2024-07-30 17:56:56', '2024-07-30 17:56:56', 0),
(5131, 8, 6, '4,6,9,15,21,23,27,29', '27.30', '43124.00', '2024-07-30 17:56:56', '2024-07-30 17:56:56', 0),
(5132, 8, 6, '4,6,9,15,21,23,47,29', '27.30', '41950.00', '2024-07-30 17:56:56', '2024-07-30 17:56:56', 0),
(5133, 8, 6, '4,6,9,15,21,24,27,29', '24.60', '43124.00', '2024-07-30 17:56:56', '2024-07-30 17:56:56', 0),
(5134, 8, 6, '4,6,9,15,21,24,47,29', '24.60', '41950.00', '2024-07-30 17:56:56', '2024-07-30 17:56:56', 0),
(5135, 8, 6, '4,6,9,15,21,25,27,29', '25.50', '43124.00', '2024-07-30 17:56:56', '2024-07-30 17:56:56', 0),
(5136, 8, 6, '4,6,9,15,21,25,47,29', '25.50', '41950.00', '2024-07-30 17:56:56', '2024-07-30 17:56:56', 0),
(5137, 8, 6, '4,6,9,41,20,22,27,29', '23.00', '42874.00', '2024-07-30 17:56:56', '2024-07-30 17:56:56', 0),
(5138, 8, 6, '4,6,9,41,20,22,47,29', '23.00', '41700.00', '2024-07-30 17:56:56', '2024-07-30 17:56:56', 0),
(5139, 8, 6, '4,6,9,41,20,23,27,29', '23.00', '42124.00', '2024-07-30 17:56:56', '2024-07-30 17:56:56', 0),
(5140, 8, 6, '4,6,9,41,20,23,47,29', '23.00', '40950.00', '2024-07-30 17:56:56', '2024-07-30 17:56:56', 0),
(5141, 8, 6, '4,6,9,41,20,24,27,29', '20.30', '42124.00', '2024-07-30 17:56:56', '2024-07-30 17:56:56', 0),
(5142, 8, 6, '4,6,9,41,20,24,47,29', '20.30', '40950.00', '2024-07-30 17:56:56', '2024-07-30 17:56:56', 0),
(5143, 8, 6, '4,6,9,41,20,25,27,29', '21.20', '42124.00', '2024-07-30 17:56:56', '2024-07-30 17:56:56', 0),
(5144, 8, 6, '4,6,9,41,20,25,47,29', '21.20', '40950.00', '2024-07-30 17:56:56', '2024-07-30 17:56:56', 0),
(5145, 8, 6, '4,6,9,41,21,22,27,29', '24.10', '42924.00', '2024-07-30 17:56:56', '2024-07-30 17:56:56', 0),
(5146, 8, 6, '4,6,9,41,21,22,47,29', '24.10', '41750.00', '2024-07-30 17:56:56', '2024-07-30 17:56:56', 0),
(5147, 8, 6, '4,6,9,41,21,23,27,29', '24.10', '42174.00', '2024-07-30 17:56:56', '2024-07-30 17:56:56', 0),
(5148, 8, 6, '4,6,9,41,21,23,47,29', '24.10', '41000.00', '2024-07-30 17:56:56', '2024-07-30 17:56:56', 0),
(5149, 8, 6, '4,6,9,41,21,24,27,29', '21.40', '42174.00', '2024-07-30 17:56:56', '2024-07-30 17:56:56', 0),
(5150, 8, 6, '4,6,9,41,21,24,47,29', '21.40', '41000.00', '2024-07-30 17:56:56', '2024-07-30 17:56:56', 0),
(5151, 8, 6, '4,6,9,41,21,25,27,29', '22.30', '42174.00', '2024-07-30 17:56:56', '2024-07-30 17:56:56', 0),
(5152, 8, 6, '4,6,9,41,21,25,47,29', '22.30', '41000.00', '2024-07-30 17:56:56', '2024-07-30 17:56:56', 0),
(5153, 8, 6, '4,6,9,46,20,22,27,29', '19.80', '41374.00', '2024-07-30 17:56:56', '2024-07-30 17:56:56', 0),
(5154, 8, 6, '4,6,9,46,20,22,47,29', '19.80', '40200.00', '2024-07-30 17:56:56', '2024-07-30 17:56:56', 0),
(5155, 8, 6, '4,6,9,46,20,23,27,29', '19.80', '40624.00', '2024-07-30 17:56:56', '2024-07-30 17:56:56', 0),
(5156, 8, 6, '4,6,9,46,20,23,47,29', '19.80', '39450.00', '2024-07-30 17:56:56', '2024-07-30 17:56:56', 0),
(5157, 8, 6, '4,6,9,46,20,24,27,29', '17.10', '40624.00', '2024-07-30 17:56:56', '2024-07-30 17:56:56', 0),
(5158, 8, 6, '4,6,9,46,20,24,47,29', '17.10', '39450.00', '2024-07-30 17:56:56', '2024-07-30 17:56:56', 0),
(5159, 8, 6, '4,6,9,46,20,25,27,29', '18.00', '40624.00', '2024-07-30 17:56:56', '2024-07-30 17:56:56', 0),
(5160, 8, 6, '4,6,9,46,20,25,47,29', '18.00', '39450.00', '2024-07-30 17:56:56', '2024-07-30 17:56:56', 0),
(5161, 8, 6, '4,6,9,46,21,22,27,29', '20.90', '41424.00', '2024-07-30 17:56:56', '2024-07-30 17:56:56', 0),
(5162, 8, 6, '4,6,9,46,21,22,47,29', '20.90', '40250.00', '2024-07-30 17:56:56', '2024-07-30 17:56:56', 0),
(5163, 8, 6, '4,6,9,46,21,23,27,29', '20.90', '40674.00', '2024-07-30 17:56:56', '2024-07-30 17:56:56', 0),
(5164, 8, 6, '4,6,9,46,21,23,47,29', '20.90', '39500.00', '2024-07-30 17:56:56', '2024-07-30 17:56:56', 0),
(5165, 8, 6, '4,6,9,46,21,24,27,29', '18.20', '40674.00', '2024-07-30 17:56:56', '2024-07-30 17:56:56', 0),
(5166, 8, 6, '4,6,9,46,21,24,47,29', '18.20', '39500.00', '2024-07-30 17:56:56', '2024-07-30 17:56:56', 0),
(5167, 8, 6, '4,6,9,46,21,25,27,29', '19.10', '40674.00', '2024-07-30 17:56:56', '2024-07-30 17:56:56', 0),
(5168, 8, 6, '4,6,9,46,21,25,47,29', '19.10', '39500.00', '2024-07-30 17:56:56', '2024-07-30 17:56:56', 0),
(5169, 8, 6, '4,6,10,15,20,22,27,29', '29.60', '45074.00', '2024-07-30 17:56:56', '2024-07-30 17:56:56', 0),
(5170, 8, 6, '4,6,10,15,20,22,47,29', '29.60', '43900.00', '2024-07-30 17:56:56', '2024-07-30 17:56:56', 0),
(5171, 8, 6, '4,6,10,15,20,23,27,29', '29.60', '44324.00', '2024-07-30 17:56:56', '2024-07-30 17:56:56', 0),
(5172, 8, 6, '4,6,10,15,20,23,47,29', '29.60', '43150.00', '2024-07-30 17:56:56', '2024-07-30 17:56:56', 0),
(5173, 8, 6, '4,6,10,15,20,24,27,29', '26.90', '44324.00', '2024-07-30 17:56:56', '2024-07-30 17:56:56', 0),
(5174, 8, 6, '4,6,10,15,20,24,47,29', '26.90', '43150.00', '2024-07-30 17:56:56', '2024-07-30 17:56:56', 0),
(5175, 8, 6, '4,6,10,15,20,25,27,29', '27.80', '44324.00', '2024-07-30 17:56:56', '2024-07-30 17:56:56', 0),
(5176, 8, 6, '4,6,10,15,20,25,47,29', '27.80', '43150.00', '2024-07-30 17:56:56', '2024-07-30 17:56:56', 0),
(5177, 8, 6, '4,6,10,15,21,22,27,29', '30.70', '45124.00', '2024-07-30 17:56:56', '2024-07-30 17:56:56', 0),
(5178, 8, 6, '4,6,10,15,21,22,47,29', '30.70', '43950.00', '2024-07-30 17:56:56', '2024-07-30 17:56:56', 0),
(5179, 8, 6, '4,6,10,15,21,23,27,29', '30.70', '44374.00', '2024-07-30 17:56:56', '2024-07-30 17:56:56', 0),
(5180, 8, 6, '4,6,10,15,21,23,47,29', '30.70', '43200.00', '2024-07-30 17:56:56', '2024-07-30 17:56:56', 0),
(5181, 8, 6, '4,6,10,15,21,24,27,29', '28.00', '44374.00', '2024-07-30 17:56:56', '2024-07-30 17:56:56', 0),
(5182, 8, 6, '4,6,10,15,21,24,47,29', '28.00', '43200.00', '2024-07-30 17:56:56', '2024-07-30 17:56:56', 0),
(5183, 8, 6, '4,6,10,15,21,25,27,29', '28.90', '44374.00', '2024-07-30 17:56:56', '2024-07-30 17:56:56', 0),
(5184, 8, 6, '4,6,10,15,21,25,47,29', '28.90', '43200.00', '2024-07-30 17:56:56', '2024-07-30 17:56:56', 0),
(5185, 8, 6, '4,6,10,41,20,22,27,29', '26.40', '44124.00', '2024-07-30 17:56:56', '2024-07-30 17:56:56', 0),
(5186, 8, 6, '4,6,10,41,20,22,47,29', '26.40', '42950.00', '2024-07-30 17:56:56', '2024-07-30 17:56:56', 0),
(5187, 8, 6, '4,6,10,41,20,23,27,29', '26.40', '43374.00', '2024-07-30 17:56:56', '2024-07-30 17:56:56', 0),
(5188, 8, 6, '4,6,10,41,20,23,47,29', '26.40', '42200.00', '2024-07-30 17:56:56', '2024-07-30 17:56:56', 0),
(5189, 8, 6, '4,6,10,41,20,24,27,29', '23.70', '43374.00', '2024-07-30 17:56:56', '2024-07-30 17:56:56', 0),
(5190, 8, 6, '4,6,10,41,20,24,47,29', '23.70', '42200.00', '2024-07-30 17:56:56', '2024-07-30 17:56:56', 0),
(5191, 8, 6, '4,6,10,41,20,25,27,29', '24.60', '43374.00', '2024-07-30 17:56:56', '2024-07-30 17:56:56', 0),
(5192, 8, 6, '4,6,10,41,20,25,47,29', '24.60', '42200.00', '2024-07-30 17:56:56', '2024-07-30 17:56:56', 0),
(5193, 8, 6, '4,6,10,41,21,22,27,29', '27.50', '44174.00', '2024-07-30 17:56:56', '2024-07-30 17:56:56', 0),
(5194, 8, 6, '4,6,10,41,21,22,47,29', '27.50', '43000.00', '2024-07-30 17:56:56', '2024-07-30 17:56:56', 0),
(5195, 8, 6, '4,6,10,41,21,23,27,29', '27.50', '43424.00', '2024-07-30 17:56:56', '2024-07-30 17:56:56', 0),
(5196, 8, 6, '4,6,10,41,21,23,47,29', '27.50', '42250.00', '2024-07-30 17:56:56', '2024-07-30 17:56:56', 0),
(5197, 8, 6, '4,6,10,41,21,24,27,29', '24.80', '43424.00', '2024-07-30 17:56:56', '2024-07-30 17:56:56', 0),
(5198, 8, 6, '4,6,10,41,21,24,47,29', '24.80', '42250.00', '2024-07-30 17:56:56', '2024-07-30 17:56:56', 0),
(5199, 8, 6, '4,6,10,41,21,25,27,29', '25.70', '43424.00', '2024-07-30 17:56:56', '2024-07-30 17:56:56', 0),
(5200, 8, 6, '4,6,10,41,21,25,47,29', '25.70', '42250.00', '2024-07-30 17:56:56', '2024-07-30 17:56:56', 0),
(5201, 8, 6, '4,6,10,46,20,22,27,29', '23.20', '42624.00', '2024-07-30 17:56:56', '2024-07-30 17:56:56', 0),
(5202, 8, 6, '4,6,10,46,20,22,47,29', '23.20', '41450.00', '2024-07-30 17:56:56', '2024-07-30 17:56:56', 0),
(5203, 8, 6, '4,6,10,46,20,23,27,29', '23.20', '41874.00', '2024-07-30 17:56:56', '2024-07-30 17:56:56', 0),
(5204, 8, 6, '4,6,10,46,20,23,47,29', '23.20', '40700.00', '2024-07-30 17:56:56', '2024-07-30 17:56:56', 0),
(5205, 8, 6, '4,6,10,46,20,24,27,29', '20.50', '41874.00', '2024-07-30 17:56:56', '2024-07-30 17:56:56', 0),
(5206, 8, 6, '4,6,10,46,20,24,47,29', '20.50', '40700.00', '2024-07-30 17:56:56', '2024-07-30 17:56:56', 0),
(5207, 8, 6, '4,6,10,46,20,25,27,29', '21.40', '41874.00', '2024-07-30 17:56:56', '2024-07-30 17:56:56', 0),
(5208, 8, 6, '4,6,10,46,20,25,47,29', '21.40', '40700.00', '2024-07-30 17:56:56', '2024-07-30 17:56:56', 0),
(5209, 8, 6, '4,6,10,46,21,22,27,29', '24.30', '42674.00', '2024-07-30 17:56:56', '2024-07-30 17:56:56', 0),
(5210, 8, 6, '4,6,10,46,21,22,47,29', '24.30', '41500.00', '2024-07-30 17:56:56', '2024-07-30 17:56:56', 0),
(5211, 8, 6, '4,6,10,46,21,23,27,29', '24.30', '41924.00', '2024-07-30 17:56:56', '2024-07-30 17:56:56', 0),
(5212, 8, 6, '4,6,10,46,21,23,47,29', '24.30', '40750.00', '2024-07-30 17:56:56', '2024-07-30 17:56:56', 0),
(5213, 8, 6, '4,6,10,46,21,24,27,29', '21.60', '41924.00', '2024-07-30 17:56:56', '2024-07-30 17:56:56', 0),
(5214, 8, 6, '4,6,10,46,21,24,47,29', '21.60', '40750.00', '2024-07-30 17:56:56', '2024-07-30 17:56:56', 0),
(5215, 8, 6, '4,6,10,46,21,25,27,29', '22.50', '41924.00', '2024-07-30 17:56:56', '2024-07-30 17:56:56', 0),
(5216, 8, 6, '4,6,10,46,21,25,47,29', '22.50', '40750.00', '2024-07-30 17:56:56', '2024-07-30 17:56:56', 0),
(5217, 8, 6, '4,6,11,15,20,22,27,29', '22.60', '46474.00', '2024-07-30 17:56:56', '2024-07-30 17:56:56', 0),
(5218, 8, 6, '4,6,11,15,20,22,47,29', '22.60', '45300.00', '2024-07-30 17:56:56', '2024-07-30 17:56:56', 0),
(5219, 8, 6, '4,6,11,15,20,23,27,29', '22.60', '45724.00', '2024-07-30 17:56:56', '2024-07-30 17:56:56', 0),
(5220, 8, 6, '4,6,11,15,20,23,47,29', '22.60', '44550.00', '2024-07-30 17:56:56', '2024-07-30 17:56:56', 0),
(5221, 8, 6, '4,6,11,15,20,24,27,29', '19.90', '45724.00', '2024-07-30 17:56:56', '2024-07-30 17:56:56', 0),
(5222, 8, 6, '4,6,11,15,20,24,47,29', '19.90', '44550.00', '2024-07-30 17:56:56', '2024-07-30 17:56:56', 0),
(5223, 8, 6, '4,6,11,15,20,25,27,29', '20.80', '45724.00', '2024-07-30 17:56:56', '2024-07-30 17:56:56', 0),
(5224, 8, 6, '4,6,11,15,20,25,47,29', '20.80', '44550.00', '2024-07-30 17:56:56', '2024-07-30 17:56:56', 0),
(5225, 8, 6, '4,6,11,15,21,22,27,29', '23.70', '46524.00', '2024-07-30 17:56:56', '2024-07-30 17:56:56', 0),
(5226, 8, 6, '4,6,11,15,21,22,47,29', '23.70', '45350.00', '2024-07-30 17:56:56', '2024-07-30 17:56:56', 0),
(5227, 8, 6, '4,6,11,15,21,23,27,29', '23.70', '45774.00', '2024-07-30 17:56:56', '2024-07-30 17:56:56', 0),
(5228, 8, 6, '4,6,11,15,21,23,47,29', '23.70', '44600.00', '2024-07-30 17:56:56', '2024-07-30 17:56:56', 0),
(5229, 8, 6, '4,6,11,15,21,24,27,29', '21.00', '45774.00', '2024-07-30 17:56:56', '2024-07-30 17:56:56', 0),
(5230, 8, 6, '4,6,11,15,21,24,47,29', '21.00', '44600.00', '2024-07-30 17:56:56', '2024-07-30 17:56:56', 0),
(5231, 8, 6, '4,6,11,15,21,25,27,29', '21.90', '45774.00', '2024-07-30 17:56:56', '2024-07-30 17:56:56', 0),
(5232, 8, 6, '4,6,11,15,21,25,47,29', '21.90', '44600.00', '2024-07-30 17:56:56', '2024-07-30 17:56:56', 0),
(5233, 8, 6, '4,6,11,41,20,22,27,29', '19.40', '45524.00', '2024-07-30 17:56:56', '2024-07-30 17:56:56', 0),
(5234, 8, 6, '4,6,11,41,20,22,47,29', '19.40', '44350.00', '2024-07-30 17:56:56', '2024-07-30 17:56:56', 0),
(5235, 8, 6, '4,6,11,41,20,23,27,29', '19.40', '44774.00', '2024-07-30 17:56:56', '2024-07-30 17:56:56', 0),
(5236, 8, 6, '4,6,11,41,20,23,47,29', '19.40', '43600.00', '2024-07-30 17:56:56', '2024-07-30 17:56:56', 0),
(5237, 8, 6, '4,6,11,41,20,24,27,29', '16.70', '44774.00', '2024-07-30 17:56:56', '2024-07-30 17:56:56', 0),
(5238, 8, 6, '4,6,11,41,20,24,47,29', '16.70', '43600.00', '2024-07-30 17:56:56', '2024-07-30 17:56:56', 0),
(5239, 8, 6, '4,6,11,41,20,25,27,29', '17.60', '44774.00', '2024-07-30 17:56:56', '2024-07-30 17:56:56', 0),
(5240, 8, 6, '4,6,11,41,20,25,47,29', '17.60', '43600.00', '2024-07-30 17:56:56', '2024-07-30 17:56:56', 0),
(5241, 8, 6, '4,6,11,41,21,22,27,29', '20.50', '45574.00', '2024-07-30 17:56:56', '2024-07-30 17:56:56', 0),
(5242, 8, 6, '4,6,11,41,21,22,47,29', '20.50', '44400.00', '2024-07-30 17:56:56', '2024-07-30 17:56:56', 0),
(5243, 8, 6, '4,6,11,41,21,23,27,29', '20.50', '44824.00', '2024-07-30 17:56:56', '2024-07-30 17:56:56', 0),
(5244, 8, 6, '4,6,11,41,21,23,47,29', '20.50', '43650.00', '2024-07-30 17:56:56', '2024-07-30 17:56:56', 0),
(5245, 8, 6, '4,6,11,41,21,24,27,29', '17.80', '44824.00', '2024-07-30 17:56:56', '2024-07-30 17:56:56', 0),
(5246, 8, 6, '4,6,11,41,21,24,47,29', '17.80', '43650.00', '2024-07-30 17:56:56', '2024-07-30 17:56:56', 0),
(5247, 8, 6, '4,6,11,41,21,25,27,29', '18.70', '44824.00', '2024-07-30 17:56:56', '2024-07-30 17:56:56', 0),
(5248, 8, 6, '4,6,11,41,21,25,47,29', '18.70', '43650.00', '2024-07-30 17:56:56', '2024-07-30 17:56:56', 0),
(5249, 8, 6, '4,6,11,46,20,22,27,29', '16.20', '44024.00', '2024-07-30 17:56:56', '2024-07-30 17:56:56', 0),
(5250, 8, 6, '4,6,11,46,20,22,47,29', '16.20', '42850.00', '2024-07-30 17:56:56', '2024-07-30 17:56:56', 0),
(5251, 8, 6, '4,6,11,46,20,23,27,29', '16.20', '43274.00', '2024-07-30 17:56:56', '2024-07-30 17:56:56', 0),
(5252, 8, 6, '4,6,11,46,20,23,47,29', '16.20', '42100.00', '2024-07-30 17:56:56', '2024-07-30 17:56:56', 0),
(5253, 8, 6, '4,6,11,46,20,24,27,29', '13.50', '43274.00', '2024-07-30 17:56:56', '2024-07-30 17:56:56', 0),
(5254, 8, 6, '4,6,11,46,20,24,47,29', '13.50', '42100.00', '2024-07-30 17:56:56', '2024-07-30 17:56:56', 0),
(5255, 8, 6, '4,6,11,46,20,25,27,29', '14.40', '43274.00', '2024-07-30 17:56:56', '2024-07-30 17:56:56', 0),
(5256, 8, 6, '4,6,11,46,20,25,47,29', '14.40', '42100.00', '2024-07-30 17:56:56', '2024-07-30 17:56:56', 0),
(5257, 8, 6, '4,6,11,46,21,22,27,29', '17.30', '44074.00', '2024-07-30 17:56:56', '2024-07-30 17:56:56', 0),
(5258, 8, 6, '4,6,11,46,21,22,47,29', '17.30', '42900.00', '2024-07-30 17:56:56', '2024-07-30 17:56:56', 0),
(5259, 8, 6, '4,6,11,46,21,23,27,29', '17.30', '43324.00', '2024-07-30 17:56:56', '2024-07-30 17:56:56', 0),
(5260, 8, 6, '4,6,11,46,21,23,47,29', '17.30', '42150.00', '2024-07-30 17:56:56', '2024-07-30 17:56:56', 0),
(5261, 8, 6, '4,6,11,46,21,24,27,29', '14.60', '43324.00', '2024-07-30 17:56:56', '2024-07-30 17:56:56', 0),
(5262, 8, 6, '4,6,11,46,21,24,47,29', '14.60', '42150.00', '2024-07-30 17:56:56', '2024-07-30 17:56:56', 0),
(5263, 8, 6, '4,6,11,46,21,25,27,29', '15.50', '43324.00', '2024-07-30 17:56:56', '2024-07-30 17:56:56', 0),
(5264, 8, 6, '4,6,11,46,21,25,47,29', '15.50', '42150.00', '2024-07-30 17:56:56', '2024-07-30 17:56:56', 0),
(5265, 9, 7, '1,5,8,41,19,22,28,29', '18.90', '39963.00', '2024-07-31 07:31:52', '2024-07-31 07:31:52', 0),
(5266, 9, 7, '1,5,8,41,19,22,28,35', '24.30', '42037.00', '2024-07-31 07:31:52', '2024-07-31 07:31:52', 0),
(5267, 9, 7, '1,5,8,46,19,22,28,29', '16.80', '38463.00', '2024-07-31 07:31:52', '2024-07-31 07:31:52', 0),
(5268, 9, 7, '1,5,8,46,19,22,28,35', '22.20', '40537.00', '2024-07-31 07:31:52', '2024-07-31 07:31:52', 0),
(5269, 9, 7, '1,5,9,41,19,22,28,29', '20.80', '41063.00', '2024-07-31 07:31:52', '2024-07-31 07:31:52', 0),
(5270, 9, 7, '1,5,9,41,19,22,28,35', '26.20', '43137.00', '2024-07-31 07:31:52', '2024-07-31 07:31:52', 0),
(5271, 9, 7, '1,5,9,46,19,22,28,29', '18.70', '39563.00', '2024-07-31 07:31:52', '2024-07-31 07:31:52', 0),
(5272, 9, 7, '1,5,9,46,19,22,28,35', '24.10', '41637.00', '2024-07-31 07:31:52', '2024-07-31 07:31:52', 0),
(5273, 9, 7, '1,6,8,41,19,22,28,29', '16.70', '50863.00', '2024-07-31 07:31:52', '2024-07-31 07:31:52', 0),
(5274, 9, 7, '1,6,8,41,19,22,28,35', '22.10', '52937.00', '2024-07-31 07:31:52', '2024-07-31 07:31:52', 0),
(5275, 9, 7, '1,6,8,46,19,22,28,29', '14.60', '49363.00', '2024-07-31 07:31:52', '2024-07-31 07:31:52', 0),
(5276, 9, 7, '1,6,8,46,19,22,28,35', '20.00', '51437.00', '2024-07-31 07:31:52', '2024-07-31 07:31:52', 0),
(5277, 9, 7, '1,6,9,41,19,22,28,29', '18.60', '51963.00', '2024-07-31 07:31:52', '2024-07-31 07:31:52', 0),
(5278, 9, 7, '1,6,9,41,19,22,28,35', '24.00', '54037.00', '2024-07-31 07:31:52', '2024-07-31 07:31:52', 0),
(5279, 9, 7, '1,6,9,46,19,22,28,29', '16.50', '50463.00', '2024-07-31 07:31:52', '2024-07-31 07:31:52', 0),
(5280, 9, 7, '1,6,9,46,19,22,28,35', '21.90', '52537.00', '2024-07-31 07:31:52', '2024-07-31 07:31:52', 0),
(5281, 9, 7, '37,5,8,41,19,22,28,29', '28.80', '52263.00', '2024-07-31 07:31:52', '2024-07-31 07:31:52', 0),
(5282, 9, 7, '37,5,8,41,19,22,28,35', '34.20', '54337.00', '2024-07-31 07:31:52', '2024-07-31 07:31:52', 0),
(5283, 9, 7, '37,5,8,46,19,22,28,29', '26.70', '50763.00', '2024-07-31 07:31:52', '2024-07-31 07:31:52', 0),
(5284, 9, 7, '37,5,8,46,19,22,28,35', '32.10', '52837.00', '2024-07-31 07:31:52', '2024-07-31 07:31:52', 0),
(5285, 9, 7, '37,5,9,41,19,22,28,29', '30.70', '53363.00', '2024-07-31 07:31:52', '2024-07-31 07:31:52', 0),
(5286, 9, 7, '37,5,9,41,19,22,28,35', '36.10', '55437.00', '2024-07-31 07:31:52', '2024-07-31 07:31:52', 0),
(5287, 9, 7, '37,5,9,46,19,22,28,29', '28.60', '51863.00', '2024-07-31 07:31:52', '2024-07-31 07:31:52', 0),
(5288, 9, 7, '37,5,9,46,19,22,28,35', '34.00', '53937.00', '2024-07-31 07:31:52', '2024-07-31 07:31:52', 0),
(5289, 9, 7, '37,6,8,41,19,22,28,29', '26.60', '63163.00', '2024-07-31 07:31:52', '2024-07-31 07:31:52', 0),
(5290, 9, 7, '37,6,8,41,19,22,28,35', '32.00', '65237.00', '2024-07-31 07:31:52', '2024-07-31 07:31:52', 0),
(5291, 9, 7, '37,6,8,46,19,22,28,29', '24.50', '61663.00', '2024-07-31 07:31:52', '2024-07-31 07:31:52', 0),
(5292, 9, 7, '37,6,8,46,19,22,28,35', '29.90', '63737.00', '2024-07-31 07:31:52', '2024-07-31 07:31:52', 0),
(5293, 9, 7, '37,6,9,41,19,22,28,29', '28.50', '64263.00', '2024-07-31 07:31:52', '2024-07-31 07:31:52', 0),
(5294, 9, 7, '37,6,9,41,19,22,28,35', '33.90', '66337.00', '2024-07-31 07:31:52', '2024-07-31 07:31:52', 0),
(5295, 9, 7, '37,6,9,46,19,22,28,29', '26.40', '62763.00', '2024-07-31 07:31:52', '2024-07-31 07:31:52', 0),
(5296, 9, 7, '37,6,9,46,19,22,28,35', '31.80', '64837.00', '2024-07-31 07:31:52', '2024-07-31 07:31:52', 0);

-- --------------------------------------------------------

--
-- Table structure for table `ecm_result_combinations_header`
--

CREATE TABLE `ecm_result_combinations_header` (
  `id` int NOT NULL,
  `auditId` int NOT NULL,
  `totalECPoints` decimal(20,2) DEFAULT '0.00',
  `totalECMCost` decimal(20,2) DEFAULT '0.00',
  `ecmCostIndex` int DEFAULT '0',
  `createdAt` datetime NOT NULL DEFAULT CURRENT_TIMESTAMP,
  `updatedAt` datetime NOT NULL DEFAULT CURRENT_TIMESTAMP ON UPDATE CURRENT_TIMESTAMP,
  `isDeleted` tinyint DEFAULT '0'
) ENGINE=InnoDB DEFAULT CHARSET=utf8mb4 COLLATE=utf8mb4_0900_ai_ci;

--
-- Dumping data for table `ecm_result_combinations_header`
--

INSERT INTO `ecm_result_combinations_header` (`id`, `auditId`, `totalECPoints`, `totalECMCost`, `ecmCostIndex`, `createdAt`, `updatedAt`, `isDeleted`) VALUES
(1, 1, '9007.20', '25692768.00', 2852, '2024-07-17 12:30:34', '2024-07-17 12:30:34', 0),
(3, 2, '24624.00', '55135872.00', 2239, '2024-07-17 12:36:57', '2024-07-17 12:36:57', 0),
(4, 4, '4217.60', '12700672.00', 3011, '2024-07-18 06:24:08', '2024-07-18 06:24:08', 0),
(5, 5, '2019.20', '6497408.00', 3218, '2024-07-18 06:29:51', '2024-07-18 06:29:51', 0),
(8, 6, '26726.40', '67474432.00', 2525, '2024-07-30 17:56:56', '2024-07-30 17:56:56', 0),
(9, 7, '811.20', '1676800.00', 2067, '2024-07-31 07:31:52', '2024-07-31 07:31:52', 0);

-- --------------------------------------------------------

--
-- Table structure for table `fenestration_and_door_measures`
--

CREATE TABLE `fenestration_and_door_measures` (
  `id` int NOT NULL,
  `max_uValue` varchar(50) DEFAULT NULL,
  `min_energy_rating` varchar(50) DEFAULT NULL,
  `zone` varchar(50) DEFAULT NULL,
  `ecPoints` decimal(10,2) DEFAULT '0.00'
) ENGINE=InnoDB DEFAULT CHARSET=utf8mb4 COLLATE=utf8mb4_0900_ai_ci;

--
-- Dumping data for table `fenestration_and_door_measures`
--

INSERT INTO `fenestration_and_door_measures` (`id`, `max_uValue`, `min_energy_rating`, `zone`, `ecPoints`) VALUES
(1, '1.61', '25', '4', '1.90'),
(2, '1.61', '25', '5', '1.80'),
(3, '1.61', '25', '6', '0.00'),
(4, '1.61', '25', '7A', '0.00'),
(5, '1.61', '25', '7B', '0.00'),
(6, '1.61', '25', '8', '0.00'),
(7, '1.44', '29', '4', '3.80'),
(8, '1.44', '29', '5', '3.60'),
(9, '1.44', '29', '6', '1.60'),
(10, '1.44', '29', '7A', '1.80'),
(11, '1.44', '29', '7B', '0.00'),
(12, '1.44', '29', '8', '0.00'),
(13, '1.22', '34', '4', '6.90'),
(14, '1.22', '34', '5', '7.00'),
(15, '1.22', '34', '6', '4.60'),
(16, '1.22', '34', '7A', '5.50'),
(17, '1.22', '34', '7B', '3.20'),
(18, '1.22', '34', '8', '3.40'),
(19, '1.05', '40', '4', '0.00'),
(20, '1.05', '40', '5', '0.00'),
(21, '1.05', '40', '6', '0.00'),
(22, '1.05', '40', '7A', '0.00'),
(23, '1.05', '40', '7B', '0.00'),
(24, '1.05', '40', '8', '0.00'),
(25, '0.94', '42', '4', '0.00'),
(26, '0.94', '42', '5', '0.00'),
(27, '0.94', '42', '6', '0.00'),
(28, '0.94', '42', '7A', '0.00'),
(29, '0.94', '42', '7B', '0.00'),
(30, '0.94', '42', '8', '0.00'),
(31, '0.82', '44', '4', '0.00'),
(32, '0.82', '44', '5', '0.00'),
(33, '0.82', '44', '6', '0.00'),
(34, '0.82', '44', '7A', '0.00'),
(35, '0.82', '44', '7B', '0.00'),
(36, '0.82', '44', '8', '0.00');

-- --------------------------------------------------------

--
-- Table structure for table `gas_fire_furnaces_measures`
--

CREATE TABLE `gas_fire_furnaces_measures` (
  `id` int NOT NULL,
  `AFUE` varchar(50) DEFAULT NULL,
  `zone` varchar(50) DEFAULT NULL,
  `ecPoints` decimal(10,2) DEFAULT '0.00'
) ENGINE=InnoDB DEFAULT CHARSET=utf8mb4 COLLATE=utf8mb4_0900_ai_ci;

--
-- Dumping data for table `gas_fire_furnaces_measures`
--

INSERT INTO `gas_fire_furnaces_measures` (`id`, `AFUE`, `zone`, `ecPoints`) VALUES
(1, '96% AFUE', '4', '0.40'),
(2, '96% AFUE', '5', '0.40'),
(3, '96% AFUE', '6', '0.40'),
(4, '96% AFUE', '7A', '0.50'),
(5, '96% AFUE', '7B', '0.50'),
(6, '96% AFUE', '8', '0.50'),
(7, '98% AFUE', '4', '1.10'),
(8, '98% AFUE', '5', '1.30'),
(9, '98% AFUE', '6', '1.30'),
(10, '98% AFUE', '7A', '1.50'),
(11, '98% AFUE', '7B', '1.50'),
(12, '98% AFUE', '8', '1.60');

-- --------------------------------------------------------

--
-- Table structure for table `hdd_climate_zone_matrix`
--

CREATE TABLE `hdd_climate_zone_matrix` (
  `id` int NOT NULL,
  `minHdd` int DEFAULT NULL,
  `maxHdd` int DEFAULT NULL,
  `zone` varchar(5) DEFAULT NULL,
  `createdAt` datetime NOT NULL DEFAULT CURRENT_TIMESTAMP,
  `updatedAt` datetime NOT NULL DEFAULT CURRENT_TIMESTAMP ON UPDATE CURRENT_TIMESTAMP,
  `isDeleted` tinyint DEFAULT '0'
) ENGINE=InnoDB DEFAULT CHARSET=utf8mb4 COLLATE=utf8mb4_0900_ai_ci;

--
-- Dumping data for table `hdd_climate_zone_matrix`
--

INSERT INTO `hdd_climate_zone_matrix` (`id`, `minHdd`, `maxHdd`, `zone`, `createdAt`, `updatedAt`, `isDeleted`) VALUES
(1, 0, 2999, '4', '2024-03-21 12:35:00', '2024-03-21 12:35:00', 0),
(2, 3000, 3999, '5', '2024-03-21 12:35:00', '2024-03-21 12:35:00', 0),
(3, 4000, 4999, '6', '2024-03-21 12:35:00', '2024-03-21 12:35:00', 0),
(4, 5000, 5999, '7A', '2024-03-21 12:35:00', '2024-03-21 12:35:00', 0),
(5, 6000, 6999, '7B', '2024-03-21 12:35:00', '2024-03-21 12:35:00', 0),
(6, 7000, 1000000000, '8', '2024-03-21 12:35:00', '2024-03-21 12:35:00', 0);

-- --------------------------------------------------------

--
-- Table structure for table `leads`
--

CREATE TABLE `leads` (
  `id` int NOT NULL,
  `name` varchar(100) NOT NULL,
  `email` varchar(100) NOT NULL,
  `phone` varchar(15) NOT NULL,
  `city` varchar(100) NOT NULL,
  `province` varchar(50) NOT NULL,
  `country` varchar(50) NOT NULL,
  `status` tinyint DEFAULT '0',
  `createdAt` datetime NOT NULL DEFAULT CURRENT_TIMESTAMP,
  `updatedAt` datetime NOT NULL DEFAULT CURRENT_TIMESTAMP ON UPDATE CURRENT_TIMESTAMP,
  `isDeleted` tinyint DEFAULT '0'
) ENGINE=InnoDB DEFAULT CHARSET=utf8mb4 COLLATE=utf8mb4_0900_ai_ci;

--
-- Dumping data for table `leads`
--

INSERT INTO `leads` (`id`, `name`, `email`, `phone`, `city`, `province`, `country`, `status`, `createdAt`, `updatedAt`, `isDeleted`) VALUES
(1, 'Chintan Vekariya', 'chintanvekariya1812@gmail.com', '9664920112', 'Ahemdabad', 'Gujarat', 'India', 0, '2024-07-17 12:24:53', '2024-07-17 12:24:53', 0),
(2, 'Ankit Panchal', 'ankzee@gmail.com', '8007537301', 'Mumbai', 'Maharashtra', 'India', 1, '2024-07-17 13:00:50', '2024-07-18 06:15:48', 0),
(3, 'James', 'jamesstiger.cis@gmail.com', '1234567890', 'Bopal', 'Ahmedabad', 'India', 0, '2024-07-18 14:05:17', '2024-07-18 14:05:17', 0),
(4, 'Ankit Panchal', 'ankzee@hotmail.com', '8007537301', 'Mumbai', 'Maharashtra', 'India', 1, '2024-07-20 06:33:22', '2024-07-22 12:36:05', 0),
(5, 'alice huang', 'alicehuangstrawberry@gmail.com', '6477084322', 'Richmond Hill', 'ON', 'Canada', 0, '2024-07-25 16:38:29', '2024-07-25 16:38:29', 0);

-- --------------------------------------------------------

--
-- Table structure for table `nbc_tier`
--

CREATE TABLE `nbc_tier` (
  `id` int NOT NULL,
  `nbcTierTitle` varchar(100) DEFAULT NULL,
  `ecPoints` int DEFAULT NULL,
  `createdAt` datetime NOT NULL DEFAULT CURRENT_TIMESTAMP,
  `updatedAt` datetime NOT NULL DEFAULT CURRENT_TIMESTAMP ON UPDATE CURRENT_TIMESTAMP,
  `isDeleted` tinyint DEFAULT '0'
) ENGINE=InnoDB DEFAULT CHARSET=utf8mb4 COLLATE=utf8mb4_0900_ai_ci;

--
-- Dumping data for table `nbc_tier`
--

INSERT INTO `nbc_tier` (`id`, `nbcTierTitle`, `ecPoints`, `createdAt`, `updatedAt`, `isDeleted`) VALUES
(1, 'Tier 1', 0, '2024-03-21 12:35:00', '2024-04-08 17:16:31', 0),
(2, 'Tier 2', 10, '2024-03-21 12:35:00', '2024-03-21 12:35:00', 0),
(3, 'Tier 3', 20, '2024-03-21 12:35:00', '2024-03-21 12:35:00', 0),
(4, 'Tier 4', 0, '2024-03-21 12:35:00', '2024-03-21 12:35:00', 0),
(5, 'Tier 5', 0, '2024-03-21 12:35:00', '2024-03-21 12:35:00', 0);

-- --------------------------------------------------------

--
-- Table structure for table `property`
--

CREATE TABLE `property` (
  `id` int NOT NULL,
  `userId` int NOT NULL,
  `type` tinyint DEFAULT '0',
  `title` varchar(255) NOT NULL,
  `address` text NOT NULL,
  `city` varchar(100) NOT NULL,
  `provinceId` int DEFAULT NULL,
  `postalCode` varchar(20) NOT NULL,
  `status` tinyint DEFAULT '1',
  `createdAt` datetime NOT NULL DEFAULT CURRENT_TIMESTAMP,
  `updatedAt` datetime NOT NULL DEFAULT CURRENT_TIMESTAMP ON UPDATE CURRENT_TIMESTAMP,
  `isDeleted` tinyint DEFAULT '0'
) ENGINE=InnoDB DEFAULT CHARSET=utf8mb4 COLLATE=utf8mb4_0900_ai_ci;

--
-- Dumping data for table `property`
--

INSERT INTO `property` (`id`, `userId`, `type`, `title`, `address`, `city`, `provinceId`, `postalCode`, `status`, `createdAt`, `updatedAt`, `isDeleted`) VALUES
(1, 1, 1, 'Abc Hospital', 'science city', 'Ahemdabad', 2, '364060', 1, '2024-07-17 12:26:53', '2024-07-17 12:26:53', 0),
(2, 3, 1, 'Abc Hospital', 'Science City', 'Ahemdabad', 2, '364060', 1, '2024-07-17 12:33:47', '2024-07-17 12:33:47', 0),
(3, 4, 2, 'My Home', 'C-207, Navkar Apartment, Mahim Road', 'Palghar', 9, 'PLG 401404', 1, '2024-07-17 13:18:54', '2024-07-17 13:18:54', 0),
(4, 7, 1, 'Dianas Makeup Studio', 'Palghar', 'Palghar', 9, '401404', 1, '2024-07-18 06:29:51', '2024-07-18 06:29:51', 0),
(5, 9, 2, 'Project 1', '123 Here St', 'Toronto', 9, 'L4M2M2', 1, '2024-07-23 00:20:04', '2024-07-23 00:20:04', 0),
(6, 13, 1, 'new project', 'vastral ahmedabad', 'ahmedabad', 3, '382350', 1, '2024-07-31 07:31:51', '2024-07-31 07:31:51', 0),
(7, 12, 1, 'New project', 'Av. dos Andradas, 3000', 'Belo Horizonte', 4, '30260-070', 1, '2024-07-31 11:55:43', '2024-07-31 11:55:43', 0);

-- --------------------------------------------------------

--
-- Table structure for table `regions`
--

CREATE TABLE `regions` (
  `id` int NOT NULL,
  `regionCode` varchar(10) DEFAULT NULL,
  `regionTitle` varchar(100) DEFAULT NULL,
  `createdAt` datetime NOT NULL DEFAULT CURRENT_TIMESTAMP,
  `updatedAt` datetime NOT NULL DEFAULT CURRENT_TIMESTAMP ON UPDATE CURRENT_TIMESTAMP,
  `isDeleted` tinyint DEFAULT '0'
) ENGINE=InnoDB DEFAULT CHARSET=utf8mb4 COLLATE=utf8mb4_0900_ai_ci;

--
-- Dumping data for table `regions`
--

INSERT INTO `regions` (`id`, `regionCode`, `regionTitle`, `createdAt`, `updatedAt`, `isDeleted`) VALUES
(1, 'AB', 'Alberta', '2024-03-21 12:35:00', '2024-03-21 12:35:00', 0),
(2, 'BC', 'British Columbia', '2024-03-21 12:35:00', '2024-03-21 12:35:00', 0),
(3, 'MB', 'Manitoba', '2024-03-21 12:35:00', '2024-03-21 12:35:00', 0),
(4, 'NB', 'New Brunswick', '2024-03-21 12:35:00', '2024-03-21 12:35:00', 0),
(5, 'NL', 'Newfoundland and Labrador', '2024-03-21 12:35:00', '2024-03-21 12:35:00', 0),
(6, 'NT', 'Northwest Territories', '2024-03-21 12:35:00', '2024-03-21 12:35:00', 0),
(7, 'NS', 'Nova Scotia', '2024-03-21 12:35:00', '2024-03-21 12:35:00', 0),
(8, 'NU', 'Nunavut', '2024-03-21 12:35:00', '2024-03-21 12:35:00', 0),
(9, 'ON', 'Ontario', '2024-03-21 12:35:00', '2024-03-21 12:35:00', 0),
(10, 'PE', 'Prince Edward Island', '2024-03-21 12:35:00', '2024-03-21 12:35:00', 0),
(11, 'QC', 'Quebec', '2024-03-21 12:35:00', '2024-03-21 12:35:00', 0),
(12, 'SK', 'Saskatchewan', '2024-03-21 12:35:00', '2024-03-21 12:35:00', 0),
(13, 'YT', 'Yukon', '2024-03-21 12:35:00', '2024-03-21 12:35:00', 0);

-- --------------------------------------------------------

--
-- Table structure for table `SequelizeMeta`
--

CREATE TABLE `SequelizeMeta` (
  `name` varchar(255) COLLATE utf8mb3_unicode_ci NOT NULL
) ENGINE=InnoDB DEFAULT CHARSET=utf8mb3 COLLATE=utf8mb3_unicode_ci;

--
-- Dumping data for table `SequelizeMeta`
--

INSERT INTO `SequelizeMeta` (`name`) VALUES
('20240318084548-create-user-master.js'),
('20240318115429-create-user-home.js'),
('20240318123154-create-user-audid-requests.js'),
('20240318125835-create-auditor.js'),
('20240318131331-create-auditor-documents.js'),
('20240318133041-create-assembly-category.js'),
('20240318133720-create-assembly.js'),
('20240319091906-create-assembly-elements.js'),
('20240319093430-create-nbc-tier.js'),
('20240319093917-create-regions.js'),
('20240319094251-create-weather-stations.js'),
('20240319100105-create-audits.js'),
('20240319102617-create-audit-assembly-selection.js'),
('20240319110324-create-audit-ecm-result-combinations.js'),
('20240319110948-create-audit-ecm-results.js'),
('20240320095832-modify_user_master_add_new_fields.js'),
('20240320105031-modify_user_master_change_password_column_length.js'),
('20240320121823-modify_user_master_add_column_forgot_password.js'),
('20240321063347-hdd-climate-zone-matrix.js'),
('20240329054607-alter-audits-table.js'),
('20240329060027-create-admin.js'),
('20240329091819-add-phone-column-audits-table.js'),
('20240329094248-add-change-pincode-column-audits-table.js'),
('20240401054729-create-audit-status-log.js'),
('20240402100735-alter-audits.js'),
('20240402101338-ecm-result-combinations-header.js'),
('20240402121907-alter-ecm-result-combinations.js'),
('20240403084515-change-ecm-result-combinations.js'),
('20240403085501-change-ecm-result-combinations.js'),
('20240403085956-change-ecm-result-combinations-header.js'),
('20240403094811-change-ecm-result-combinations.js'),
('20240403105620-change-ecm-result-combinations.js'),
('20240405122956-altr-ecm-result-combination-header.js'),
('20240409053643-create-testing.js'),
('20240409103842-change-user-audit-requests.js'),
('20240409105813-change-auditorId-audit-table.js'),
('20240409111250-change-auditorId-audit-table.js'),
('20240409125135-create-auditor-pincode-table.js'),
('20240410101328-create-auditor-rejected-audit.js'),
('20240419041712-create-above-grid-wall-measures.js'),
('20240419041720-create-below-grid-wall-measures.js'),
('20240419041732-create-ventilation-measures.js'),
('20240419041755-create-gas-fire-furnace-measures.js'),
('20240419041818-create-drain-water-measures.js'),
('20240419050713-add-coloum-assembly.js'),
('20240419053718-create-fenestration-and-door-measures.js'),
('20240419054243-create-water-heating-measures.js'),
('20240419054300-create-air-tightness-measures.js'),
('20240424060038-create-volume-credit-measures.js'),
('20240429045317-add-ecp-column-assembly-selection-table.js'),
('20240429125929-add-unit-column-audit-table.js'),
('20240711111409-create-leads-table.js'),
('20240715104919-create-property-table.js'),
('20240716064339-altr-audit-table.js'),
('20240716082231-altr-user-table.js'),
('20240716122758-altr-user-audit-request-table.js'),
('20240717052312-altr-auditor-pincode-table.js'),
('20240717121544-altr-phone-column-user-table.js'),
('20240718111324-create-site-settings-table.js');

-- --------------------------------------------------------

--
-- Table structure for table `site_settings`
--

CREATE TABLE `site_settings` (
  `id` int NOT NULL,
  `key` varchar(255) DEFAULT NULL,
  `value` text
) ENGINE=InnoDB DEFAULT CHARSET=utf8mb4 COLLATE=utf8mb4_0900_ai_ci;

--
-- Dumping data for table `site_settings`
--

INSERT INTO `site_settings` (`id`, `key`, `value`) VALUES
(1, 'email_to', 'ankzee@gmail.com,ankitrpanchal@outlook.com');

-- --------------------------------------------------------

--
-- Table structure for table `testing`
--

CREATE TABLE `testing` (
  `id` int NOT NULL,
  `title` varchar(100) DEFAULT NULL,
  `desc` varchar(250) DEFAULT NULL,
  `createdAt` datetime NOT NULL DEFAULT CURRENT_TIMESTAMP,
  `updatedAt` datetime NOT NULL DEFAULT CURRENT_TIMESTAMP ON UPDATE CURRENT_TIMESTAMP,
  `isDeleted` tinyint DEFAULT '0'
) ENGINE=InnoDB DEFAULT CHARSET=utf8mb4 COLLATE=utf8mb4_0900_ai_ci;

--
-- Dumping data for table `testing`
--

INSERT INTO `testing` (`id`, `title`, `desc`, `createdAt`, `updatedAt`, `isDeleted`) VALUES
(1, 'Test Title update', 'Test Desc update', '2024-04-09 06:16:43', '2024-04-09 06:17:10', 1);

-- --------------------------------------------------------

--
-- Table structure for table `user_audit_requests`
--

CREATE TABLE `user_audit_requests` (
  `id` int NOT NULL,
  `userId` int NOT NULL,
  `propertyId` int DEFAULT NULL,
  `homeId` int DEFAULT NULL,
  `pincode` varchar(20) DEFAULT NULL,
  `auditStatusId` int DEFAULT NULL,
  `createdAt` datetime NOT NULL DEFAULT CURRENT_TIMESTAMP,
  `updatedAt` datetime NOT NULL DEFAULT CURRENT_TIMESTAMP ON UPDATE CURRENT_TIMESTAMP,
  `isDeleted` tinyint DEFAULT '0'
) ENGINE=InnoDB DEFAULT CHARSET=utf8mb4 COLLATE=utf8mb4_0900_ai_ci;

--
-- Dumping data for table `user_audit_requests`
--

INSERT INTO `user_audit_requests` (`id`, `userId`, `propertyId`, `homeId`, `pincode`, `auditStatusId`, `createdAt`, `updatedAt`, `isDeleted`) VALUES
(1, 1, 1, NULL, NULL, 3, '2024-07-17 12:27:01', '2024-07-17 12:29:27', 0),
(2, 1, 1, NULL, '', 3, '2024-07-17 12:34:32', '2024-07-17 12:35:10', 0),
(3, 4, 3, NULL, NULL, 3, '2024-07-17 13:25:27', '2024-07-18 06:21:56', 0),
(4, 12, 7, NULL, NULL, 3, '2024-07-31 11:55:58', '2024-07-31 11:56:54', 0);

-- --------------------------------------------------------

--
-- Table structure for table `user_home`
--

CREATE TABLE `user_home` (
  `id` int NOT NULL,
  `userId` int NOT NULL,
  `pincode` varchar(20) DEFAULT NULL,
  `addressLine1` varchar(500) DEFAULT NULL,
  `addressLine2` varchar(500) DEFAULT NULL,
  `createdAt` datetime NOT NULL DEFAULT CURRENT_TIMESTAMP,
  `updatedAt` datetime NOT NULL DEFAULT CURRENT_TIMESTAMP ON UPDATE CURRENT_TIMESTAMP,
  `isDeleted` tinyint DEFAULT '0'
) ENGINE=InnoDB DEFAULT CHARSET=utf8mb4 COLLATE=utf8mb4_0900_ai_ci;

--
-- Dumping data for table `user_home`
--

INSERT INTO `user_home` (`id`, `userId`, `pincode`, `addressLine1`, `addressLine2`, `createdAt`, `updatedAt`, `isDeleted`) VALUES
(1, 1, NULL, 'Science City ', 'Ahemdabad', '2024-07-17 12:26:17', '2024-07-17 12:26:17', 0),
(2, 4, NULL, 'C-207, Navkar Apartment', 'Mahim Road, Palghar West', '2024-07-17 13:17:31', '2024-07-17 13:17:31', 0),
(3, 12, NULL, 'Nikol', 'ahmedabad', '2024-07-31 07:01:03', '2024-07-31 07:01:03', 0),
(4, 15, NULL, 'hello', 'hii', '2024-07-31 18:46:19', '2024-07-31 18:46:19', 0);

-- --------------------------------------------------------

--
-- Table structure for table `user_master`
--

CREATE TABLE `user_master` (
  `id` int NOT NULL,
  `userType` int DEFAULT NULL,
  `firstName` varchar(30) DEFAULT NULL,
  `lastName` varchar(30) DEFAULT NULL,
  `emailID` varchar(320) DEFAULT NULL,
  `password` varchar(255) DEFAULT NULL,
  `login_access_token` varchar(255) DEFAULT NULL,
  `phoneNo` varchar(15) DEFAULT NULL,
  `pincode` varchar(20) DEFAULT NULL,
  `provinceId` int DEFAULT NULL,
  `addressLine1` varchar(500) DEFAULT NULL,
  `addressLine2` varchar(500) DEFAULT NULL,
  `forgotPasswordCode` varchar(100) DEFAULT NULL,
  `forgotPasswordCodeExpires` int DEFAULT NULL,
  `emailVerificationCode` varchar(100) DEFAULT NULL,
  `isEmailVerified` tinyint DEFAULT '0',
  `isPhoneVerified` tinyint DEFAULT '0',
  `energy_audit` tinyint DEFAULT '0',
  `consultation` tinyint DEFAULT '0',
  `seeking_investment` tinyint DEFAULT '0',
  `is_offline` tinyint DEFAULT '0',
  `createdAt` datetime NOT NULL DEFAULT CURRENT_TIMESTAMP,
  `updatedAt` datetime NOT NULL DEFAULT CURRENT_TIMESTAMP ON UPDATE CURRENT_TIMESTAMP,
  `isDeleted` tinyint DEFAULT '0'
) ENGINE=InnoDB DEFAULT CHARSET=utf8mb4 COLLATE=utf8mb4_0900_ai_ci;

--
-- Dumping data for table `user_master`
--

INSERT INTO `user_master` (`id`, `userType`, `firstName`, `lastName`, `emailID`, `password`, `login_access_token`, `phoneNo`, `pincode`, `provinceId`, `addressLine1`, `addressLine2`, `forgotPasswordCode`, `forgotPasswordCodeExpires`, `emailVerificationCode`, `isEmailVerified`, `isPhoneVerified`, `energy_audit`, `consultation`, `seeking_investment`, `is_offline`, `createdAt`, `updatedAt`, `isDeleted`) VALUES
(1, 2, 'Chintan', 'Vekariya', 'chintanvekariya1812@gmail.com', '$2b$10$GPKOx3qXsaU6/V6HcANJVuBa1D5aRx6oEHzeyWM3CgMxJjbigHHnq', NULL, '9664920112', '', 2, 'Science City , Ahemdabad', 'Ahemdabad', NULL, NULL, 'c4b71f380f21a046754fa60cd1f27f6fc8ee95a838a6fd50b2e5cdbb088f19ca', 0, 0, 1, 0, 0, 0, '2024-07-17 12:26:17', '2024-07-30 06:54:36', 0),
(2, 1, 'Chintan', 'Vekariya', 'chintanvekariya@gmail.com', '$2b$10$LjSteJd1uwdbMhWt3obSn.jykM/kAgzGWVPx3EDhVMYa/iITnNr7G', 'eyJhbGciOiJIUzI1NiIsInR5cCI6IkpXVCJ9.eyJzdWIiOjIsImFjdGlvbiI6ImFjY2VzcyIsInR5cGUiOiJ3NTU4WEZyS041VWU3OGVhTFJzWFNwZTV6RjlRMmp2QzJiOURNTTVyIiwiaWF0IjoxNzIxMjE5MzExLCJleHAiOjE3MjE1NjQ5MTF9._UaQegeMs8Xdz0clXdWfXHEvD21zSqqC19OcVabYzQ0', '9664920112', NULL, 2, 'Ahemdabad', 'Ahemdabad', NULL, NULL, '967c615925ff07e49d2b15d95d6bba39d9b7c5248f175e8b46dbf6ee2aa046d6', 0, 0, 0, 0, 0, 0, '2024-07-17 12:28:31', '2024-07-17 12:28:31', 0),
(3, 2, 'Chintan', 'Patel', 'test1@gmail.com', NULL, NULL, '9664920112', '', 2, 'Science City', 'Ahemdabad', '6e09e4724d6287e843703d83720a1f8ebd215b110da3521722c98e77db06db92', NULL, NULL, 0, 0, 0, 0, 0, 1, '2024-07-17 12:33:47', '2024-07-17 12:36:56', 0),
(4, 2, 'Ankit', 'Panchal', 'ankzee@gmail.com', '$2b$10$5p4.tIURuTqDcbA.OLbuSOFz58QDnWX3z3iOdfgSUBt8WVCn2BAQC', NULL, '8007537301', '', 9, 'C-207, Navkar Apartment, Mahim Road, Palghar West', 'Palghar', NULL, NULL, '2f9051ca32d1e281f3fe3ade3cc74036e2d6cef6d83a0a4817e41b2bb91065dc', 1, 0, 1, 0, 0, 0, '2024-07-17 13:17:31', '2024-08-06 14:16:23', 0),
(5, 1, 'Chintan', 'Vekariya', 'chintan.vekariya@crestinfotech.co.in', '$2b$10$Wy7fQKYgjEF0jPuRZlJF9epKcs4Nqxk6kJ.IEZi5fPgXT9Xv3D6nS', 'eyJhbGciOiJIUzI1NiIsInR5cCI6IkpXVCJ9.eyJzdWIiOjUsImFjdGlvbiI6ImFjY2VzcyIsInR5cGUiOjEsImlhdCI6MTcyMTMwNzQxMiwiZXhwIjoxNzIxNjUzMDEyfQ.h9lnrKdLX3yuPkvvxUDWPQFoYxxjCDDYh7B2NFY1gps', '9664920112', NULL, 4, 'Ahemdabad', 'Ahemdabad', NULL, NULL, '9448ca4dfb01e611f08f805d0674536ec39d270f3eb3b52914299e74d62a3700', 0, 0, 0, 0, 0, 0, '2024-07-17 14:08:55', '2024-07-18 12:56:52', 0),
(6, 1, 'Ankit', 'Panchal', 'ankitrpanchal@outlook.com', '$2b$10$UszuadIxpUUdJ8H8slAeEu1.2hqyiCIuhBjcwveUW2a8ejrOgkXe6', NULL, '8007537301', NULL, 9, 'Palghar', 'Palghar', NULL, NULL, '076633e5ce7c0a0c277c0a73416e410132c26889664723687fdc861bb65078f0', 1, 0, 0, 0, 0, 0, '2024-07-18 06:19:25', '2024-08-19 11:39:04', 0),
(7, 2, 'Diana', 'Panchal', 'dap@gmail.com', NULL, NULL, '9619708042', '', 9, 'Palghar', 'Palghar', '65735b68e48ed9c829af02e60ee0a35c734f11e5eadb832ef3f2fa0e3ea7941f', NULL, NULL, 0, 0, 0, 0, 0, 1, '2024-07-18 06:29:51', '2024-07-18 06:29:51', 0),
(8, 1, 'Jack', 'Zhou', 'jack@ajec.ca', '$2b$10$GJLWGCRcieHlM5q8rJnNQ.mmajnp.cy9FXaliZUtaKDAvgE3oo3rq', 'eyJhbGciOiJIUzI1NiIsInR5cCI6IkpXVCJ9.eyJzdWIiOjgsImFjdGlvbiI6ImFjY2VzcyIsInR5cGUiOjEsImlhdCI6MTcyNDA3Njc2NywiZXhwIjoxNzI0NDIyMzY3fQ.JtCw8mUfOqeWorQnRDn4ay9cwrdm-D-WVv6mRHf23Ms', '4168355382', NULL, 9, '201 Whitehall Drive', 'Unit 6', NULL, NULL, 'd5487312c0f2c247cabd929cf121b3d8988076b8323dadf89a55cb65dfd6213d', 1, 0, 0, 0, 0, 0, '2024-07-23 00:15:50', '2024-08-19 14:12:47', 0),
(9, 2, 'test', 'tesssss', 'jack0503@gmail.com', NULL, NULL, '4168355382', '', 9, '123 test st', '123 Test', '4f373e600897ed81cbc48ceb903f8e4b683ff4ce98a4c7eb42b2142bd0c31792', NULL, NULL, 0, 0, 0, 0, 0, 1, '2024-07-23 00:20:04', '2024-07-30 17:56:56', 0),
(10, 1, 'alice', 'huang', 'alicehuangstrawberry@gmail.com', '$2b$10$aCnxfjpDa4O20TmAMygudeDfKUHwW0yKd2Vc8J8/30Z5tWivOmr8m', 'eyJhbGciOiJIUzI1NiIsInR5cCI6IkpXVCJ9.eyJzdWIiOjEwLCJhY3Rpb24iOiJhY2Nlc3MiLCJ0eXBlIjoxLCJpYXQiOjE3MjIzNzEyMDMsImV4cCI6MTcyMjcxNjgwM30.GcQ49In6kR73biX35TLtuHxq364vKKq5puduiSts0Oc', '6477084322', NULL, 9, '447 Becker Road', '447 becker Rd Richmond Hill Ontario', NULL, NULL, '847367aa44a17008cb30469bb1a7ebe565482d1547906bbe975ff4c8f5dbb4e4', 0, 0, 0, 0, 0, 0, '2024-07-30 20:11:43', '2024-07-30 20:26:43', 0),
(11, 1, 'Sahil', 'Patel', 'sahil.patel@crestinfotech.co.in', '$2b$10$Xb33DrKqNJMaGNowMmnLjujg4Xa9zj2i.IijxcymPARp5F2Qvv91K', 'eyJhbGciOiJIUzI1NiIsInR5cCI6IkpXVCJ9.eyJzdWIiOjExLCJhY3Rpb24iOiJhY2Nlc3MiLCJ0eXBlIjoxLCJpYXQiOjE3MjI0MjY5OTUsImV4cCI6MTcyMjc3MjU5NX0.VjSIcNCz1LwTlusjfyYRzh_nTh7PJtVV-qe3vyvd0-A', '1234567890', NULL, 11, 'bopal', 'ahmedabad', NULL, NULL, 'eb62c42afcba57efc9a39007ab029886db0ca07cb1ed655c1f63c3ceec930767', 1, 0, 0, 0, 0, 0, '2024-07-31 06:48:04', '2024-07-31 13:21:35', 0),
(12, 2, 'Happy', 'Patel', 'happy@gmail.com', '$2b$10$63IfFlDao0draCGpbgKl9.ehfNRkRLp0RdUuuJryZ31bBvkPw9M3q', NULL, '1234567890', NULL, 2, 'Nikol', 'ahmedabad', NULL, NULL, '9caff8541826ed9eec455eeaf2a77e12dcba868a60ef51e2209197b50b3710fc', 0, 0, 1, 1, 1, 0, '2024-07-31 07:01:03', '2024-07-31 11:56:30', 0),
(13, 2, 'Sahil', 'Patel', 'sahil.patel+@crestinfotech.co.in', NULL, NULL, '1234567890', '', 2, 'nikol12 ahmedabad', 'nikol12 ahmedabad', '218eaa773a20d0d4ab4fd2684fe03e6499241d91194fa43f424012ac471188c6', NULL, NULL, 0, 0, 0, 0, 0, 1, '2024-07-31 07:31:51', '2024-07-31 07:31:51', 0),
(14, 1, 'Jerry', 'Li', 'jerry@ajec.ca', '$2b$10$06/y3SL9065TK2BQXjiQ8.6a.8Eb94lh1LbXfNWO6RWFz.4oPQxbK', 'eyJhbGciOiJIUzI1NiIsInR5cCI6IkpXVCJ9.eyJzdWIiOjE0LCJhY3Rpb24iOiJhY2Nlc3MiLCJ0eXBlIjoxLCJpYXQiOjE3MjI0NDU5NzIsImV4cCI6MTcyMjc5MTU3Mn0.dG1PE5Uu6H2PK5OsREDDZpxjiyndSqtXfq5d_zudFQ4', '2263387576', NULL, 9, '723', '7 Golden Lion Heights, North York', NULL, NULL, '905ad8bfc1723268ede8c6d5787e3d122d29757fb4465345dc9f7a6776b4fa82', 0, 0, 0, 0, 0, 0, '2024-07-31 17:10:02', '2024-07-31 17:12:52', 0),
(15, 2, 'hello', 'hiii', 'hello@yopmail.com', '$2b$10$fs8eU7YkJp.WMEujS2wXRe/0G6orNxGJHYX5/F2FcFPvWu8rUkwqG', 'eyJhbGciOiJIUzI1NiIsInR5cCI6IkpXVCJ9.eyJzdWIiOjE1LCJhY3Rpb24iOiJhY2Nlc3MiLCJ0eXBlIjoidzU1OFhGcktONVVlNzhlYUxSc1hTcGU1ekY5UTJqdkMyYjlETU01ciIsImlhdCI6MTcyMjQ1MTU3OSwiZXhwIjoxNzIyNzk3MTc5fQ.Ijj_Fdg5_Tz1GkF3rW-7AnwD41GhtPSPTLVwmXsv3-4', '1234567890', NULL, 2, 'hello', 'hii', NULL, NULL, '2b1a1967b0fb7a234dd558c29fca5d7a95f2ac2eca3e5174ea2a2914d4b34603', 1, 0, 1, 1, 1, 0, '2024-07-31 18:46:19', '2024-07-31 18:46:31', 0),
(16, 1, 'hello', 'hii', 'hello1@yopmail.com', '$2b$10$93lNZ1YJA4gyf5tGu0gDE.3mqo4vrQRaNHupBKCj2exlwIozNEVnC', 'eyJhbGciOiJIUzI1NiIsInR5cCI6IkpXVCJ9.eyJzdWIiOjE2LCJhY3Rpb24iOiJhY2Nlc3MiLCJ0eXBlIjoidzU1OFhGcktONVVlNzhlYUxSc1hTcGU1ekY5UTJqdkMyYjlETU01ciIsImlhdCI6MTcyMjQ1MTY3NCwiZXhwIjoxNzIyNzk3Mjc0fQ.-oRy-9Wm5byNd9H6v6sJasIiiCPK32PGDNLgKT8vt_o', '1234567890', NULL, 4, 'dddd', 'vvvvvvvvvvvvvvvvvvvvvvvvvvvvvvvvvvvvvvvv', NULL, NULL, '9e039d05c488272684bd5282a70d23fbe5021b60e993a028affcc12000694412', 1, 0, 0, 0, 0, 0, '2024-07-31 18:47:54', '2024-07-31 18:57:37', 1);

-- --------------------------------------------------------

--
-- Table structure for table `ventilation_measures`
--

CREATE TABLE `ventilation_measures` (
  `id` int NOT NULL,
  `SRE` varchar(50) DEFAULT NULL,
  `zone` varchar(50) DEFAULT NULL,
  `ecPoints` decimal(10,2) DEFAULT '0.00'
) ENGINE=InnoDB DEFAULT CHARSET=utf8mb4 COLLATE=utf8mb4_0900_ai_ci;

--
-- Dumping data for table `ventilation_measures`
--

INSERT INTO `ventilation_measures` (`id`, `SRE`, `zone`, `ecPoints`) VALUES
(1, '60% ≤ SRE < 65%', '4', '0.70'),
(2, '60% ≤ SRE < 65%', '5', '0.70'),
(3, '60% ≤ SRE < 65%', '6', '0.70'),
(4, '60% ≤ SRE < 65%', '7A', '0.60'),
(5, '60% ≤ SRE < 65%', '7B', '0.80'),
(6, '60% ≤ SRE < 65%', '8', '0.40'),
(7, '65% ≤ SRE < 75%', '4', '2.10'),
(8, '65% ≤ SRE < 75%', '5', '2.10'),
(9, '65% ≤ SRE < 75%', '6', '2.20'),
(10, '65% ≤ SRE < 75%', '7A', '1.70'),
(11, '65% ≤ SRE < 75%', '7B', '2.30'),
(12, '65% ≤ SRE < 75%', '8', '1.20'),
(13, '75% ≤ SRE < 84%', '4', '3.40'),
(14, '75% ≤ SRE < 84%', '5', '3.20'),
(15, '75% ≤ SRE < 84%', '6', '3.50'),
(16, '75% ≤ SRE < 84%', '7A', '2.70'),
(17, '75% ≤ SRE < 84%', '7B', '3.70'),
(18, '75% ≤ SRE < 84%', '8', '1.80');

-- --------------------------------------------------------

--
-- Table structure for table `volume_credit_measures`
--

CREATE TABLE `volume_credit_measures` (
  `id` int NOT NULL,
  `unit` int DEFAULT NULL,
  `lBound` decimal(10,2) DEFAULT NULL,
  `uBound` decimal(10,2) DEFAULT NULL,
  `ecPoints` int DEFAULT '0'
) ENGINE=InnoDB DEFAULT CHARSET=utf8mb4 COLLATE=utf8mb4_0900_ai_ci;

--
-- Dumping data for table `volume_credit_measures`
--

INSERT INTO `volume_credit_measures` (`id`, `unit`, `lBound`, `uBound`, `ecPoints`) VALUES
(1, 1, '13419.57', '13772.72', 1),
(2, 1, '13066.43', '13419.57', 2),
(3, 1, '12713.28', '13066.43', 3),
(4, 1, '12360.13', '12713.28', 4),
(5, 1, '12006.99', '12360.13', 5),
(6, 1, '11653.84', '12006.99', 6),
(7, 1, '11300.69', '11653.84', 7),
(8, 1, '10947.55', '11300.69', 8),
(9, 1, '10594.40', '10947.55', 9),
(10, 1, '0.00', '10594.40', 10),
(11, 2, '380.00', '390.00', 1),
(12, 2, '370.00', '380.00', 2),
(13, 2, '360.00', '370.00', 3),
(14, 2, '350.00', '360.00', 4),
(15, 2, '340.00', '350.00', 5),
(16, 2, '330.00', '340.00', 6),
(17, 2, '320.00', '330.00', 7),
(18, 2, '310.00', '320.00', 8),
(19, 2, '300.00', '310.00', 9),
(20, 2, '0.00', '300.00', 10);

-- --------------------------------------------------------

--
-- Table structure for table `water_heating_equipment_measures`
--

CREATE TABLE `water_heating_equipment_measures` (
  `id` int NOT NULL,
  `UEF` varchar(255) DEFAULT NULL,
  `zone` varchar(50) DEFAULT NULL,
  `ecPoints` decimal(10,2) DEFAULT '0.00'
) ENGINE=InnoDB DEFAULT CHARSET=utf8mb4 COLLATE=utf8mb4_0900_ai_ci;

--
-- Dumping data for table `water_heating_equipment_measures`
--

INSERT INTO `water_heating_equipment_measures` (`id`, `UEF`, `zone`, `ecPoints`) VALUES
(1, 'EF ≥ 0.95 or UEF ≥ 0.92', '4', '8.90'),
(2, 'EF ≥ 0.95 or UEF ≥ 0.92', '5', '5.40'),
(3, 'EF ≥ 0.95 or UEF ≥ 0.92', '6', '4.90'),
(4, 'EF ≥ 0.95 or UEF ≥ 0.92', '7A', '3.10'),
(5, 'EF ≥ 0.95 or UEF ≥ 0.92', '7B', '3.10'),
(6, 'EF ≥ 0.95 or UEF ≥ 0.92', '8', '3.10'),
(7, 'EF ≥ 0.80 or UEF ≥ 0.83', '4', '8.90'),
(8, 'EF ≥ 0.80 or UEF ≥ 0.83', '5', '5.40'),
(9, 'EF ≥ 0.80 or UEF ≥ 0.83', '6', '4.90'),
(10, 'EF ≥ 0.80 or UEF ≥ 0.83', '7A', '3.10'),
(11, 'EF ≥ 0.80 or UEF ≥ 0.83', '7B', '3.10'),
(12, 'EF ≥ 0.80 or UEF ≥ 0.83', '8', '3.10'),
(13, 'UEF ≥ 0.79', '4', '4.60'),
(14, 'UEF ≥ 0.79', '5', '2.70'),
(15, 'UEF ≥ 0.79', '6', '2.40'),
(16, 'UEF ≥ 0.79', '7A', '1.50'),
(17, 'UEF ≥ 0.79', '7B', '1.50'),
(18, 'UEF ≥ 0.79', '8', '1.50'),
(19, 'UEF ≥ 0.85', '4', '6.00'),
(20, 'UEF ≥ 0.85', '5', '3.60'),
(21, 'UEF ≥ 0.85', '6', '3.20'),
(22, 'UEF ≥ 0.85', '7A', '2.00'),
(23, 'UEF ≥ 0.85', '7B', '2.00'),
(24, 'UEF ≥ 0.85', '8', '2.00'),
(25, 'EF ≥ 2.35', '4', '6.40'),
(26, 'EF ≥ 2.35', '5', '3.90'),
(27, 'EF ≥ 2.35', '6', '3.80'),
(28, 'EF ≥ 2.35', '7A', '3.00'),
(29, 'EF ≥ 2.35', '7B', '3.00'),
(30, 'EF ≥ 2.35', '8', '3.00');

-- --------------------------------------------------------

--
-- Table structure for table `weather_stations`
--

CREATE TABLE `weather_stations` (
  `id` int NOT NULL,
  `regionId` int NOT NULL,
  `weatherStationTitle` varchar(100) DEFAULT NULL,
  `hdd` int DEFAULT NULL,
  `createdAt` datetime NOT NULL DEFAULT CURRENT_TIMESTAMP,
  `updatedAt` datetime NOT NULL DEFAULT CURRENT_TIMESTAMP ON UPDATE CURRENT_TIMESTAMP,
  `isDeleted` tinyint DEFAULT '0'
) ENGINE=InnoDB DEFAULT CHARSET=utf8mb4 COLLATE=utf8mb4_0900_ai_ci;

--
-- Dumping data for table `weather_stations`
--

INSERT INTO `weather_stations` (`id`, `regionId`, `weatherStationTitle`, `hdd`, `createdAt`, `updatedAt`, `isDeleted`) VALUES
(1, 1, 'Banff', 5565, '2024-03-21 12:35:01', '2024-03-21 12:35:01', 0),
(2, 1, 'Bow Island', 4537, '2024-03-21 12:35:01', '2024-03-21 12:35:01', 0),
(3, 1, 'Bow Valley', 5121, '2024-03-21 12:35:01', '2024-03-21 12:35:01', 0),
(4, 1, 'Brooks', 4864, '2024-03-21 12:35:01', '2024-03-21 12:35:01', 0),
(5, 1, 'Calgary Intl', 4876, '2024-03-21 12:35:01', '2024-03-21 12:35:01', 0),
(6, 1, 'Camrose', 5587, '2024-03-21 12:35:01', '2024-03-21 12:35:01', 0),
(7, 1, 'Cardston', 4502, '2024-03-21 12:35:01', '2024-03-21 12:35:01', 0),
(8, 1, 'Claresholm', 4697, '2024-03-21 12:35:01', '2024-03-21 12:35:01', 0),
(9, 1, 'Cold Lake', 5701, '2024-03-21 12:35:01', '2024-03-21 12:35:01', 0),
(10, 1, 'Cop Upper', 4836, '2024-03-21 12:35:01', '2024-03-21 12:35:01', 0),
(11, 1, 'Coronation Climate', 5733, '2024-03-21 12:35:01', '2024-03-21 12:35:01', 0),
(12, 1, 'Crowsnest', 5124, '2024-03-21 12:35:01', '2024-03-21 12:35:01', 0),
(13, 1, 'Drumheller East', 5031, '2024-03-21 12:35:01', '2024-03-21 12:35:01', 0),
(14, 1, 'Edmonton Intl', 5668, '2024-03-21 12:35:01', '2024-03-21 12:35:01', 0),
(15, 1, 'Edson Climate', 5567, '2024-03-21 12:35:01', '2024-03-21 12:35:01', 0),
(16, 1, 'Elk Island', 5435, '2024-03-21 12:35:01', '2024-03-21 12:35:01', 0),
(17, 1, 'Esther', 5302, '2024-03-21 12:35:01', '2024-03-21 12:35:01', 0),
(18, 1, 'Fort McMurray', 6133, '2024-03-21 12:35:01', '2024-03-21 12:35:01', 0),
(19, 1, 'Fort Vermilion', 6249, '2024-03-21 12:35:01', '2024-03-21 12:35:01', 0),
(20, 1, 'Garden River', 6582, '2024-03-21 12:35:01', '2024-03-21 12:35:01', 0),
(21, 1, 'Grande Prairie', 5717, '2024-03-21 12:35:01', '2024-03-21 12:35:01', 0),
(22, 1, 'High Level', 6651, '2024-03-21 12:35:01', '2024-03-21 12:35:01', 0),
(23, 1, 'Jasper Warden', 5357, '2024-03-21 12:35:01', '2024-03-21 12:35:01', 0),
(24, 1, 'Lac La Biche Climate', 5710, '2024-03-21 12:35:01', '2024-03-21 12:35:01', 0),
(25, 1, 'Lacombe', 5504, '2024-03-21 12:35:01', '2024-03-21 12:35:01', 0),
(26, 1, 'Lethbridge', 4274, '2024-03-21 12:35:01', '2024-03-21 12:35:01', 0),
(27, 1, 'Lloydminster', 5767, '2024-03-21 12:35:01', '2024-03-21 12:35:01', 0),
(28, 1, 'Medicine Hat', 4508, '2024-03-21 12:35:01', '2024-03-21 12:35:01', 0),
(29, 1, 'Mildred Lake', 5875, '2024-03-21 12:35:01', '2024-03-21 12:35:01', 0),
(30, 1, 'Milk River', 4732, '2024-03-21 12:35:01', '2024-03-21 12:35:01', 0),
(31, 1, 'Onefour', 4704, '2024-03-21 12:35:01', '2024-03-21 12:35:01', 0),
(32, 1, 'Peace River', 5901, '2024-03-21 12:35:01', '2024-03-21 12:35:01', 0),
(33, 1, 'Pincher Creek', 4726, '2024-03-21 12:35:01', '2024-03-21 12:35:01', 0),
(34, 1, 'Red Deer Regional', 5515, '2024-03-21 12:35:01', '2024-03-21 12:35:01', 0),
(35, 1, 'Rocky Mtn House', 5819, '2024-03-21 12:35:01', '2024-03-21 12:35:01', 0),
(36, 1, 'Slave Lake', 5741, '2024-03-21 12:35:01', '2024-03-21 12:35:01', 0),
(37, 1, 'Stavely', 4743, '2024-03-21 12:35:01', '2024-03-21 12:35:01', 0),
(38, 1, 'Sundre', 5619, '2024-03-21 12:35:01', '2024-03-21 12:35:01', 0),
(39, 1, 'Three Hills', 5260, '2024-03-21 12:35:01', '2024-03-21 12:35:01', 0),
(40, 1, 'Vauxhall', 4597, '2024-03-21 12:35:01', '2024-03-21 12:35:01', 0),
(41, 1, 'Vegreville', 5716, '2024-03-21 12:35:01', '2024-03-21 12:35:01', 0),
(42, 1, 'Wainwright', 5474, '2024-03-21 12:35:01', '2024-03-21 12:35:01', 0),
(43, 1, 'Waterton Park Gate', 4656, '2024-03-21 12:35:01', '2024-03-21 12:35:01', 0),
(44, 2, 'Abbotsford', 2760, '2024-03-21 12:35:01', '2024-03-21 12:35:01', 0),
(45, 2, 'Agassiz', 2764, '2024-03-21 12:35:01', '2024-03-21 12:35:01', 0),
(46, 2, 'Blue River', 4860, '2024-03-21 12:35:01', '2024-03-21 12:35:01', 0),
(47, 2, 'Bonilla Island', 3454, '2024-03-21 12:35:01', '2024-03-21 12:35:01', 0),
(48, 2, 'Burns Lake', 5701, '2024-03-21 12:35:01', '2024-03-21 12:35:01', 0),
(49, 2, 'Cape St James', 3286, '2024-03-21 12:35:01', '2024-03-21 12:35:01', 0),
(50, 2, 'Cathedral Point', 3413, '2024-03-21 12:35:01', '2024-03-21 12:35:01', 0),
(51, 2, 'Comox', 2939, '2024-03-21 12:35:01', '2024-03-21 12:35:01', 0),
(52, 2, 'Cranbrook', 4396, '2024-03-21 12:35:01', '2024-03-21 12:35:01', 0),
(53, 2, 'Creston Campbell Scientific', 3576, '2024-03-21 12:35:01', '2024-03-21 12:35:01', 0),
(54, 2, 'Cumshewa Island', 3336, '2024-03-21 12:35:02', '2024-03-21 12:35:02', 0),
(55, 2, 'Dawson Creek', 5666, '2024-03-21 12:35:02', '2024-03-21 12:35:02', 0),
(56, 2, 'Dease Lake', 6732, '2024-03-21 12:35:02', '2024-03-21 12:35:02', 0),
(57, 2, 'Entrance Island', 2572, '2024-03-21 12:35:02', '2024-03-21 12:35:02', 0),
(58, 2, 'Esquimalt Harbour', 2900, '2024-03-21 12:35:02', '2024-03-21 12:35:02', 0),
(59, 2, 'Estevan Point', 3054, '2024-03-21 12:35:02', '2024-03-21 12:35:02', 0),
(60, 2, 'Fort Nelson', 6572, '2024-03-21 12:35:02', '2024-03-21 12:35:02', 0),
(61, 2, 'Fort St John', 5680, '2024-03-21 12:35:02', '2024-03-21 12:35:02', 0),
(62, 2, 'Grey Islet', 3542, '2024-03-21 12:35:02', '2024-03-21 12:35:02', 0),
(63, 2, 'Herbert Island', 3307, '2024-03-21 12:35:02', '2024-03-21 12:35:02', 0),
(64, 2, 'Howe Sound - Pam Rocks', 2627, '2024-03-21 12:35:02', '2024-03-21 12:35:02', 0),
(65, 2, 'Kamloops', 3365, '2024-03-21 12:35:02', '2024-03-21 12:35:02', 0),
(66, 2, 'Kelowna', 3715, '2024-03-21 12:35:02', '2024-03-21 12:35:02', 0),
(67, 2, 'Kindakun Rocks', 3364, '2024-03-21 12:35:02', '2024-03-21 12:35:02', 0),
(68, 2, 'Lillooet', 3241, '2024-03-21 12:35:02', '2024-03-21 12:35:02', 0),
(69, 2, 'Lytton', 3147, '2024-03-21 12:35:02', '2024-03-21 12:35:02', 0),
(70, 2, 'Mackenzie', 5387, '2024-03-21 12:35:02', '2024-03-21 12:35:02', 0),
(71, 2, 'Malahat', 3144, '2024-03-21 12:35:02', '2024-03-21 12:35:02', 0),
(72, 2, 'Nakusp', 3719, '2024-03-21 12:35:02', '2024-03-21 12:35:02', 0),
(73, 2, 'Nelson', 3482, '2024-03-21 12:35:02', '2024-03-21 12:35:02', 0),
(74, 2, 'Osoyoos', 3070, '2024-03-21 12:35:02', '2024-03-21 12:35:02', 0),
(75, 2, 'Pemberton Airport', 3624, '2024-03-21 12:35:02', '2024-03-21 12:35:02', 0),
(76, 2, 'Penticton', 3266, '2024-03-21 12:35:02', '2024-03-21 12:35:02', 0),
(77, 2, 'Pitt Meadows', 2851, '2024-03-21 12:35:02', '2024-03-21 12:35:02', 0),
(78, 2, 'Point Atkinson', 2365, '2024-03-21 12:35:02', '2024-03-21 12:35:02', 0),
(79, 2, 'Port Hardy', 3451, '2024-03-21 12:35:02', '2024-03-21 12:35:02', 0),
(80, 2, 'Prince George', 4965, '2024-03-21 12:35:02', '2024-03-21 12:35:02', 0),
(81, 2, 'Prince Rupert', 3684, '2024-03-21 12:35:02', '2024-03-21 12:35:02', 0),
(82, 2, 'Princeton', 4325, '2024-03-21 12:35:02', '2024-03-21 12:35:02', 0),
(83, 2, 'Puntzi Mountain', 5572, '2024-03-21 12:35:02', '2024-03-21 12:35:02', 0),
(84, 2, 'Quesnel', 4586, '2024-03-21 12:35:02', '2024-03-21 12:35:02', 0),
(85, 2, 'Revelstoke', 3919, '2024-03-21 12:35:02', '2024-03-21 12:35:02', 0),
(86, 2, 'Rose Spit', 3571, '2024-03-21 12:35:02', '2024-03-21 12:35:02', 0),
(87, 2, 'Salmon Arm', 3595, '2024-03-21 12:35:02', '2024-03-21 12:35:02', 0),
(88, 2, 'Sandspit', 3391, '2024-03-21 12:35:02', '2024-03-21 12:35:02', 0),
(89, 2, 'Sartine Island', 3379, '2024-03-21 12:35:02', '2024-03-21 12:35:02', 0),
(90, 2, 'Sheringham Point', 2942, '2024-03-21 12:35:02', '2024-03-21 12:35:02', 0),
(91, 2, 'Sisters Island', 2568, '2024-03-21 12:35:02', '2024-03-21 12:35:02', 0),
(92, 2, 'Smithers', 4975, '2024-03-21 12:35:02', '2024-03-21 12:35:02', 0),
(93, 2, 'Squamish Airport', 3172, '2024-03-21 12:35:02', '2024-03-21 12:35:02', 0),
(94, 2, 'Summerland', 3359, '2024-03-21 12:35:02', '2024-03-21 12:35:02', 0),
(95, 2, 'Terrace', 4205, '2024-03-21 12:35:02', '2024-03-21 12:35:02', 0),
(96, 2, 'Vancouver Intl', 2768, '2024-03-21 12:35:02', '2024-03-21 12:35:02', 0),
(97, 2, 'Vernon', 3671, '2024-03-21 12:35:02', '2024-03-21 12:35:02', 0),
(98, 2, 'Victoria Gonzales', 2763, '2024-03-21 12:35:02', '2024-03-21 12:35:02', 0),
(99, 2, 'Victoria Intl', 2858, '2024-03-21 12:35:02', '2024-03-21 12:35:02', 0),
(100, 2, 'Victoria University', 2674, '2024-03-21 12:35:02', '2024-03-21 12:35:02', 0),
(101, 2, 'West Vancouver', 2823, '2024-03-21 12:35:02', '2024-03-21 12:35:02', 0),
(102, 2, 'Whistler - Nesters', 4178, '2024-03-21 12:35:02', '2024-03-21 12:35:02', 0),
(103, 2, 'White Rock', 2644, '2024-03-21 12:35:02', '2024-03-21 12:35:02', 0),
(104, 2, 'Williams Lake', 4869, '2024-03-21 12:35:02', '2024-03-21 12:35:02', 0),
(105, 2, 'Yoho Park', 6427, '2024-03-21 12:35:02', '2024-03-21 12:35:02', 0),
(106, 3, 'Brandon', 5758, '2024-03-21 12:35:02', '2024-03-21 12:35:02', 0),
(107, 3, 'Carberry', 5716, '2024-03-21 12:35:02', '2024-03-21 12:35:02', 0),
(108, 3, 'Carman U of M', 5451, '2024-03-21 12:35:02', '2024-03-21 12:35:02', 0),
(109, 3, 'Churchill', 8578, '2024-03-21 12:35:02', '2024-03-21 12:35:02', 0),
(110, 3, 'Dauphin', 5640, '2024-03-21 12:35:02', '2024-03-21 12:35:02', 0),
(111, 3, 'Emerson', 5332, '2024-03-21 12:35:02', '2024-03-21 12:35:02', 0),
(112, 3, 'Fisher Branch', 5894, '2024-03-21 12:35:02', '2024-03-21 12:35:02', 0),
(113, 3, 'Flin Flon', 6510, '2024-03-21 12:35:02', '2024-03-21 12:35:02', 0),
(114, 3, 'Gillam', 7728, '2024-03-21 12:35:02', '2024-03-21 12:35:02', 0),
(115, 3, 'Gimli Climate', 5800, '2024-03-21 12:35:02', '2024-03-21 12:35:02', 0),
(116, 3, 'Grand Rapids', 6594, '2024-03-21 12:35:02', '2024-03-21 12:35:02', 0),
(117, 3, 'Gretna', 5367, '2024-03-21 12:35:02', '2024-03-21 12:35:02', 0),
(118, 3, 'Island Lake', 6663, '2024-03-21 12:35:02', '2024-03-21 12:35:02', 0),
(119, 3, 'Lynn Lake', 7506, '2024-03-21 12:35:02', '2024-03-21 12:35:02', 0),
(120, 3, 'McCreary', 5473, '2024-03-21 12:35:02', '2024-03-21 12:35:02', 0),
(121, 3, 'Melita', 5428, '2024-03-21 12:35:02', '2024-03-21 12:35:02', 0),
(122, 3, 'Norway House', 6625, '2024-03-21 12:35:02', '2024-03-21 12:35:02', 0),
(123, 3, 'Oakpoint Marine', 5748, '2024-03-21 12:35:02', '2024-03-21 12:35:02', 0),
(124, 3, 'Pilot Mound', 5672, '2024-03-21 12:35:02', '2024-03-21 12:35:02', 0),
(125, 3, 'Pinawa', 5643, '2024-03-21 12:35:02', '2024-03-21 12:35:02', 0),
(126, 3, 'Portage Southport', 5360, '2024-03-21 12:35:02', '2024-03-21 12:35:02', 0),
(127, 3, 'Roblin', 6033, '2024-03-21 12:35:02', '2024-03-21 12:35:02', 0),
(128, 3, 'Shoal Lake', 6006, '2024-03-21 12:35:02', '2024-03-21 12:35:02', 0),
(129, 3, 'Sprague', 5521, '2024-03-21 12:35:02', '2024-03-21 12:35:02', 0),
(130, 3, 'Swan River', 5972, '2024-03-21 12:35:02', '2024-03-21 12:35:02', 0),
(131, 3, 'Tadoule Lake', 8407, '2024-03-21 12:35:02', '2024-03-21 12:35:02', 0),
(132, 3, 'The Pas', 6327, '2024-03-21 12:35:02', '2024-03-21 12:35:02', 0),
(133, 3, 'Thompson', 7445, '2024-03-21 12:35:03', '2024-03-21 12:35:03', 0),
(134, 3, 'Victoria Beach', 5459, '2024-03-21 12:35:03', '2024-03-21 12:35:03', 0),
(135, 3, 'Wasagaming', 6294, '2024-03-21 12:35:03', '2024-03-21 12:35:03', 0),
(136, 3, 'Winnipeg Intl', 5542, '2024-03-21 12:35:03', '2024-03-21 12:35:03', 0),
(137, 4, 'Bas Caraquet', 4756, '2024-03-21 12:35:03', '2024-03-21 12:35:03', 0),
(138, 4, 'Bathurst', 4979, '2024-03-21 12:35:03', '2024-03-21 12:35:03', 0),
(139, 4, 'Fredericton', 4481, '2024-03-21 12:35:03', '2024-03-21 12:35:03', 0),
(140, 4, 'Miscou Island', 4845, '2024-03-21 12:35:03', '2024-03-21 12:35:03', 0),
(141, 4, 'Moncton Intl', 4514, '2024-03-21 12:35:03', '2024-03-21 12:35:03', 0),
(142, 4, 'Point Lepreau', 4255, '2024-03-21 12:35:03', '2024-03-21 12:35:03', 0),
(143, 4, 'Saint John', 4580, '2024-03-21 12:35:03', '2024-03-21 12:35:03', 0),
(144, 4, 'St-Stephen', 4406, '2024-03-21 12:35:03', '2024-03-21 12:35:03', 0),
(145, 5, 'Badger', 5201, '2024-03-21 12:35:03', '2024-03-21 12:35:03', 0),
(146, 5, 'Bonavista', 4649, '2024-03-21 12:35:03', '2024-03-21 12:35:03', 0),
(147, 5, 'Burgeo', 4629, '2024-03-21 12:35:03', '2024-03-21 12:35:03', 0),
(148, 5, 'Cartwright', 6296, '2024-03-21 12:35:03', '2024-03-21 12:35:03', 0),
(149, 5, 'Churchill Falls', 7390, '2024-03-21 12:35:03', '2024-03-21 12:35:03', 0),
(150, 5, 'Corner Brook', 4858, '2024-03-21 12:35:03', '2024-03-21 12:35:03', 0),
(151, 5, 'Daniels Harbour', 5100, '2024-03-21 12:35:03', '2024-03-21 12:35:03', 0),
(152, 5, 'Deer Lake', 5004, '2024-03-21 12:35:03', '2024-03-21 12:35:03', 0),
(153, 5, 'Gander Intl', 4861, '2024-03-21 12:35:03', '2024-03-21 12:35:03', 0),
(154, 5, 'Goose', 6348, '2024-03-21 12:35:03', '2024-03-21 12:35:03', 0),
(155, 5, 'La Scie', 5309, '2024-03-21 12:35:03', '2024-03-21 12:35:03', 0),
(156, 5, 'Mary\'s Harbour', 6106, '2024-03-21 12:35:03', '2024-03-21 12:35:03', 0),
(157, 5, 'St-Lawrence', 4373, '2024-03-21 12:35:03', '2024-03-21 12:35:03', 0),
(158, 5, 'St-John\'s Intl', 4578, '2024-03-21 12:35:03', '2024-03-21 12:35:03', 0),
(159, 5, 'Stephenville', 4556, '2024-03-21 12:35:03', '2024-03-21 12:35:03', 0),
(160, 5, 'Twillingate', 4986, '2024-03-21 12:35:03', '2024-03-21 12:35:03', 0),
(161, 5, 'Wabush', 7414, '2024-03-21 12:35:03', '2024-03-21 12:35:03', 0),
(162, 5, 'Wreckhouse', 4477, '2024-03-21 12:35:03', '2024-03-21 12:35:03', 0),
(163, 6, 'Deadmen Valley', 7199, '2024-03-21 12:35:03', '2024-03-21 12:35:03', 0),
(164, 6, 'Deline', 8602, '2024-03-21 12:35:03', '2024-03-21 12:35:03', 0),
(165, 6, 'Fort Good Hope', 8351, '2024-03-21 12:35:03', '2024-03-21 12:35:03', 0),
(166, 6, 'Fort Liard', 6713, '2024-03-21 12:35:03', '2024-03-21 12:35:03', 0),
(167, 6, 'Fort Providence', 7285, '2024-03-21 12:35:03', '2024-03-21 12:35:03', 0),
(168, 6, 'Fort Reliance', 8377, '2024-03-21 12:35:03', '2024-03-21 12:35:03', 0),
(169, 6, 'Fort Simpson', 7360, '2024-03-21 12:35:03', '2024-03-21 12:35:03', 0),
(170, 6, 'Fort Smith', 7037, '2024-03-21 12:35:03', '2024-03-21 12:35:03', 0),
(171, 6, 'Hay River', 7284, '2024-03-21 12:35:03', '2024-03-21 12:35:03', 0),
(172, 6, 'Holman', 10339, '2024-03-21 12:35:03', '2024-03-21 12:35:03', 0),
(173, 6, 'Inner Whalebacks', 7754, '2024-03-21 12:35:03', '2024-03-21 12:35:03', 0),
(174, 6, 'Inuvik', 9003, '2024-03-21 12:35:03', '2024-03-21 12:35:03', 0),
(175, 6, 'Keats Point', 9792, '2024-03-21 12:35:03', '2024-03-21 12:35:03', 0),
(176, 6, 'Lac La Martre', 8111, '2024-03-21 12:35:03', '2024-03-21 12:35:03', 0),
(177, 6, 'Lindburg Landing', 7403, '2024-03-21 12:35:03', '2024-03-21 12:35:03', 0),
(178, 6, 'Little Chicago', 8716, '2024-03-21 12:35:03', '2024-03-21 12:35:03', 0),
(179, 6, 'Liverpool Bay', 9854, '2024-03-21 12:35:03', '2024-03-21 12:35:03', 0),
(180, 6, 'Lower Carp Lake', 8513, '2024-03-21 12:35:03', '2024-03-21 12:35:03', 0),
(181, 6, 'Lutselk\'e', 8098, '2024-03-21 12:35:03', '2024-03-21 12:35:03', 0),
(182, 6, 'Mould Bay', 11960, '2024-03-21 12:35:03', '2024-03-21 12:35:03', 0),
(183, 6, 'Norman Wells', 8231, '2024-03-21 12:35:03', '2024-03-21 12:35:03', 0),
(184, 6, 'Paulatuk', 9624, '2024-03-21 12:35:03', '2024-03-21 12:35:03', 0),
(185, 6, 'Pelly Island', 9766, '2024-03-21 12:35:03', '2024-03-21 12:35:03', 0),
(186, 6, 'Rabbit Kettle', 7778, '2024-03-21 12:35:03', '2024-03-21 12:35:03', 0),
(187, 6, 'Sachs Harbour Climate', 10617, '2024-03-21 12:35:03', '2024-03-21 12:35:03', 0),
(188, 6, 'Storm Hills', 9495, '2024-03-21 12:35:03', '2024-03-21 12:35:03', 0),
(189, 6, 'Trail Valley', 9319, '2024-03-21 12:35:03', '2024-03-21 12:35:03', 0),
(190, 6, 'Tuktoyaktuk', 9665, '2024-03-21 12:35:03', '2024-03-21 12:35:03', 0),
(191, 6, 'Yellowknife', 7856, '2024-03-21 12:35:03', '2024-03-21 12:35:03', 0),
(192, 6, 'Yohin', 6972, '2024-03-21 12:35:03', '2024-03-21 12:35:03', 0),
(193, 7, 'Brier Island', 3735, '2024-03-21 12:35:03', '2024-03-21 12:35:03', 0),
(194, 7, 'Grand Etang', 3983, '2024-03-21 12:35:03', '2024-03-21 12:35:03', 0),
(195, 7, 'Greenwood', 3938, '2024-03-21 12:35:03', '2024-03-21 12:35:03', 0),
(196, 7, 'Halifax Intl', 4111, '2024-03-21 12:35:03', '2024-03-21 12:35:03', 0),
(197, 7, 'Kejimkujik', 4049, '2024-03-21 12:35:03', '2024-03-21 12:35:03', 0),
(198, 7, 'Sable Island', 3526, '2024-03-21 12:35:03', '2024-03-21 12:35:03', 0),
(199, 7, 'Shearwater', 3870, '2024-03-21 12:35:03', '2024-03-21 12:35:03', 0),
(200, 7, 'Sydney', 4315, '2024-03-21 12:35:03', '2024-03-21 12:35:03', 0),
(201, 7, 'Western Head', 4020, '2024-03-21 12:35:03', '2024-03-21 12:35:03', 0),
(202, 7, 'Yarmouth', 3820, '2024-03-21 12:35:03', '2024-03-21 12:35:03', 0),
(203, 8, 'Alert Climate', 12301, '2024-03-21 12:35:03', '2024-03-21 12:35:03', 0),
(204, 8, 'Arctic Bay', 11002, '2024-03-21 12:35:03', '2024-03-21 12:35:03', 0),
(205, 8, 'Arviat Climate', 9648, '2024-03-21 12:35:03', '2024-03-21 12:35:03', 0),
(206, 8, 'Baker Lake', 10235, '2024-03-21 12:35:03', '2024-03-21 12:35:03', 0),
(207, 8, 'Brevoort Island', 9316, '2024-03-21 12:35:03', '2024-03-21 12:35:03', 0),
(208, 8, 'Broughton Island', 10102, '2024-03-21 12:35:03', '2024-03-21 12:35:03', 0),
(209, 8, 'Cambridge Bay', 11204, '2024-03-21 12:35:03', '2024-03-21 12:35:03', 0),
(210, 8, 'Cape Dorset Climate', 9258, '2024-03-21 12:35:03', '2024-03-21 12:35:03', 0),
(211, 8, 'Cape Dyer', 9946, '2024-03-21 12:35:03', '2024-03-21 12:35:03', 0),
(212, 8, 'Cape Hooper', 10275, '2024-03-21 12:35:03', '2024-03-21 12:35:03', 0),
(213, 8, 'Cape Mercy', 9817, '2024-03-21 12:35:03', '2024-03-21 12:35:03', 0),
(214, 8, 'Clyde River Climate', 10723, '2024-03-21 12:35:03', '2024-03-21 12:35:03', 0),
(215, 8, 'Coral Harbour', 10173, '2024-03-21 12:35:03', '2024-03-21 12:35:03', 0),
(216, 8, 'Dewar Lakes', 10705, '2024-03-21 12:35:03', '2024-03-21 12:35:03', 0),
(217, 8, 'Ennadai Lake', 9141, '2024-03-21 12:35:03', '2024-03-21 12:35:03', 0),
(218, 8, 'Eureka', 12964, '2024-03-21 12:35:04', '2024-03-21 12:35:04', 0),
(219, 8, 'Gjoa Haven Climate', 11322, '2024-03-21 12:35:04', '2024-03-21 12:35:04', 0),
(220, 8, 'Hall Beach', 11059, '2024-03-21 12:35:04', '2024-03-21 12:35:04', 0),
(221, 8, 'Hat Island', 11177, '2024-03-21 12:35:04', '2024-03-21 12:35:04', 0),
(222, 8, 'Iqaluit', 9483, '2024-03-21 12:35:04', '2024-03-21 12:35:04', 0),
(223, 8, 'Isachsen', 11795, '2024-03-21 12:35:04', '2024-03-21 12:35:04', 0),
(224, 8, 'Kugaaruk Climate', 11047, '2024-03-21 12:35:04', '2024-03-21 12:35:04', 0),
(225, 8, 'Kugluktuk', 9967, '2024-03-21 12:35:04', '2024-03-21 12:35:04', 0),
(226, 8, 'Longstaff Bluff', 10501, '2024-03-21 12:35:04', '2024-03-21 12:35:04', 0),
(227, 8, 'Lupin', 10103, '2024-03-21 12:35:04', '2024-03-21 12:35:04', 0),
(228, 8, 'Pangnirtung', 9299, '2024-03-21 12:35:04', '2024-03-21 12:35:04', 0),
(229, 8, 'Pond Inlet', 11304, '2024-03-21 12:35:04', '2024-03-21 12:35:04', 0),
(230, 8, 'Qikiqtarjuaq Climate', 10088, '2024-03-21 12:35:04', '2024-03-21 12:35:04', 0),
(231, 8, 'Rankin Inlet', 9999, '2024-03-21 12:35:04', '2024-03-21 12:35:04', 0),
(232, 8, 'Rea Point', 11704, '2024-03-21 12:35:04', '2024-03-21 12:35:04', 0),
(233, 8, 'Resolute Bay', 11759, '2024-03-21 12:35:04', '2024-03-21 12:35:04', 0),
(234, 8, 'Resolution Island', 8918, '2024-03-21 12:35:04', '2024-03-21 12:35:04', 0),
(235, 8, 'Rowley Island', 10454, '2024-03-21 12:35:04', '2024-03-21 12:35:04', 0),
(236, 8, 'Shepherd Bay', 11153, '2024-03-21 12:35:04', '2024-03-21 12:35:04', 0),
(237, 8, 'Taloyoak', 11338, '2024-03-21 12:35:04', '2024-03-21 12:35:04', 0),
(238, 9, 'Armstrong', 6462, '2024-03-21 12:35:04', '2024-03-21 12:35:04', 0),
(239, 9, 'Atikokan', 5616, '2024-03-21 12:35:04', '2024-03-21 12:35:04', 0),
(240, 9, 'Bancroft', 4913, '2024-03-21 12:35:04', '2024-03-21 12:35:04', 0),
(241, 9, 'Big Trout Lake', 7150, '2024-03-21 12:35:04', '2024-03-21 12:35:04', 0),
(242, 9, 'Burlington Piers', 3449, '2024-03-21 12:35:04', '2024-03-21 12:35:04', 0),
(243, 9, 'Cobourg', 3931, '2024-03-21 12:35:04', '2024-03-21 12:35:04', 0),
(244, 9, 'Collingwood', 3908, '2024-03-21 12:35:04', '2024-03-21 12:35:04', 0),
(245, 9, 'Erieau', 3419, '2024-03-21 12:35:04', '2024-03-21 12:35:04', 0),
(246, 9, 'Geraldton', 6191, '2024-03-21 12:35:04', '2024-03-21 12:35:04', 0),
(247, 9, 'Goderich', 3839, '2024-03-21 12:35:04', '2024-03-21 12:35:04', 0),
(248, 9, 'Gore Bay Climate', 4448, '2024-03-21 12:35:04', '2024-03-21 12:35:04', 0),
(249, 9, 'Kapuskasing', 6011, '2024-03-21 12:35:04', '2024-03-21 12:35:04', 0),
(250, 9, 'Kenora', 5469, '2024-03-21 12:35:04', '2024-03-21 12:35:04', 0),
(251, 9, 'Killarney', 4486, '2024-03-21 12:35:04', '2024-03-21 12:35:04', 0),
(252, 9, 'Lagoon City', 4242, '2024-03-21 12:35:04', '2024-03-21 12:35:04', 0),
(253, 9, 'Lansdowne House', 6805, '2024-03-21 12:35:04', '2024-03-21 12:35:04', 0),
(254, 9, 'London', 3809, '2024-03-21 12:35:04', '2024-03-21 12:35:04', 0),
(255, 9, 'Moosonee', 6572, '2024-03-21 12:35:04', '2024-03-21 12:35:04', 0),
(256, 9, 'Mount Forest', 4331, '2024-03-21 12:35:04', '2024-03-21 12:35:04', 0),
(257, 9, 'Muskoka', 4622, '2024-03-21 12:35:04', '2024-03-21 12:35:04', 0),
(258, 9, 'Nagagami', 6217, '2024-03-21 12:35:04', '2024-03-21 12:35:04', 0),
(259, 9, 'North Bay', 5001, '2024-03-21 12:35:04', '2024-03-21 12:35:04', 0),
(260, 9, 'Ottawa Intl', 4354, '2024-03-21 12:35:04', '2024-03-21 12:35:04', 0),
(261, 9, 'Peawanuck', 7794, '2024-03-21 12:35:04', '2024-03-21 12:35:04', 0),
(262, 9, 'Peterborough', 4268, '2024-03-21 12:35:04', '2024-03-21 12:35:04', 0),
(263, 9, 'Pickle Lake', 6353, '2024-03-21 12:35:04', '2024-03-21 12:35:04', 0),
(264, 9, 'Point Petre', 3836, '2024-03-21 12:35:04', '2024-03-21 12:35:04', 0),
(265, 9, 'Port Weller', 3347, '2024-03-21 12:35:04', '2024-03-21 12:35:04', 0),
(266, 9, 'Pukaskwa', 5553, '2024-03-21 12:35:04', '2024-03-21 12:35:04', 0),
(267, 9, 'Sault Ste Marie', 4765, '2024-03-21 12:35:04', '2024-03-21 12:35:04', 0),
(268, 9, 'Sioux Lookout', 5803, '2024-03-21 12:35:04', '2024-03-21 12:35:04', 0),
(269, 9, 'Sudbury', 5049, '2024-03-21 12:35:04', '2024-03-21 12:35:04', 0),
(270, 9, 'Thunder Bay', 5405, '2024-03-21 12:35:04', '2024-03-21 12:35:04', 0),
(271, 9, 'Timmins', 5826, '2024-03-21 12:35:04', '2024-03-21 12:35:04', 0),
(272, 9, 'Toronto Buttonville', 3863, '2024-03-21 12:35:04', '2024-03-21 12:35:04', 0),
(273, 9, 'Toronto City Centre', 3559, '2024-03-21 12:35:04', '2024-03-21 12:35:04', 0),
(274, 9, 'Toronto Intl', 3664, '2024-03-21 12:35:04', '2024-03-21 12:35:04', 0),
(275, 9, 'Trenton', 3935, '2024-03-21 12:35:04', '2024-03-21 12:35:04', 0),
(276, 9, 'Upsala', 5941, '2024-03-21 12:35:04', '2024-03-21 12:35:04', 0),
(277, 9, 'Wawa', 5605, '2024-03-21 12:35:04', '2024-03-21 12:35:04', 0),
(278, 9, 'Wiarton', 4154, '2024-03-21 12:35:04', '2024-03-21 12:35:04', 0),
(279, 9, 'Windsor', 3306, '2024-03-21 12:35:04', '2024-03-21 12:35:04', 0),
(280, 10, 'Charlottetown', 4404, '2024-03-21 12:35:04', '2024-03-21 12:35:04', 0),
(281, 10, 'East Point', 4354, '2024-03-21 12:35:04', '2024-03-21 12:35:04', 0),
(282, 10, 'North Cape', 4428, '2024-03-21 12:35:04', '2024-03-21 12:35:04', 0),
(283, 10, 'Summerside', 4378, '2024-03-21 12:35:04', '2024-03-21 12:35:04', 0),
(284, 11, 'Amqui', 5404, '2024-03-21 12:35:04', '2024-03-21 12:35:04', 0),
(285, 11, 'Bagotville', 5420, '2024-03-21 12:35:04', '2024-03-21 12:35:04', 0),
(286, 11, 'Baie-Comeau', 5494, '2024-03-21 12:35:04', '2024-03-21 12:35:04', 0),
(287, 11, 'Baie-Comeau A', 5600, '2024-03-21 12:35:04', '2024-03-21 12:35:04', 0),
(288, 11, 'Barrage Temiscamingue', 4820, '2024-03-21 12:35:04', '2024-03-21 12:35:04', 0),
(289, 11, 'Beauceville', 4942, '2024-03-21 12:35:04', '2024-03-21 12:35:04', 0),
(290, 11, 'Bonnard', 6803, '2024-03-21 12:35:04', '2024-03-21 12:35:04', 0),
(291, 11, 'Cap-d\'Espoir', 5225, '2024-03-21 12:35:04', '2024-03-21 12:35:04', 0),
(292, 11, 'Cap-Madeleine', 5077, '2024-03-21 12:35:04', '2024-03-21 12:35:04', 0),
(293, 11, 'Cap-Rouge', 5148, '2024-03-21 12:35:04', '2024-03-21 12:35:04', 0),
(294, 11, 'Cap-Tourmente', 4658, '2024-03-21 12:35:04', '2024-03-21 12:35:04', 0),
(295, 11, 'Chamouchouane', 6296, '2024-03-21 12:35:04', '2024-03-21 12:35:04', 0),
(296, 11, 'Charlevoix', 6221, '2024-03-21 12:35:04', '2024-03-21 12:35:04', 0),
(297, 11, 'Chevery', 6002, '2024-03-21 12:35:04', '2024-03-21 12:35:04', 0),
(298, 11, 'Chute-des-Passes', 6263, '2024-03-21 12:35:04', '2024-03-21 12:35:04', 0),
(299, 11, 'Deschambault', 5050, '2024-03-21 12:35:04', '2024-03-21 12:35:04', 0),
(300, 11, 'Frelighsburg', 4253, '2024-03-21 12:35:04', '2024-03-21 12:35:04', 0),
(301, 11, 'Gaspé', 5263, '2024-03-21 12:35:04', '2024-03-21 12:35:04', 0),
(302, 11, 'Havre St-Pierre', 5860, '2024-03-21 12:35:04', '2024-03-21 12:35:04', 0),
(303, 11, 'Île aux Perroquets', 5798, '2024-03-21 12:35:05', '2024-03-21 12:35:05', 0),
(304, 11, 'Île Rouge', 5395, '2024-03-21 12:35:05', '2024-03-21 12:35:05', 0),
(305, 11, 'Îles de la Madeleine', 4494, '2024-03-21 12:35:05', '2024-03-21 12:35:05', 0),
(306, 11, 'Inukjuak', 8283, '2024-03-21 12:35:05', '2024-03-21 12:35:05', 0),
(307, 11, 'Jonquière', 5343, '2024-03-21 12:35:05', '2024-03-21 12:35:05', 0),
(308, 11, 'Kuujjuaq', 8022, '2024-03-21 12:35:05', '2024-03-21 12:35:05', 0),
(309, 11, 'Kuujjuarapik', 7577, '2024-03-21 12:35:05', '2024-03-21 12:35:05', 0),
(310, 11, 'La Baie', 5625, '2024-03-21 12:35:05', '2024-03-21 12:35:05', 0),
(311, 11, 'La Pocatière', 4894, '2024-03-21 12:35:05', '2024-03-21 12:35:05', 0),
(312, 11, 'La Tuque', 5396, '2024-03-21 12:35:05', '2024-03-21 12:35:05', 0),
(313, 11, 'Lac Benoit', 7333, '2024-03-21 12:35:05', '2024-03-21 12:35:05', 0),
(314, 11, 'Lac Eon', 7068, '2024-03-21 12:35:05', '2024-03-21 12:35:05', 0),
(315, 11, 'L\'Acadie', 4275, '2024-03-21 12:35:05', '2024-03-21 12:35:05', 0),
(316, 11, 'L\'Assomption', 4531, '2024-03-21 12:35:05', '2024-03-21 12:35:05', 0),
(317, 11, 'Lennoxville', 4517, '2024-03-21 12:35:05', '2024-03-21 12:35:05', 0),
(318, 11, 'L\'Étape', 6527, '2024-03-21 12:35:05', '2024-03-21 12:35:05', 0),
(319, 11, 'Longue-Pointe-de-Mingan', 5987, '2024-03-21 12:35:05', '2024-03-21 12:35:05', 0),
(320, 11, 'Lourdes de Blanc Sablon', 6045, '2024-03-21 12:35:05', '2024-03-21 12:35:05', 0),
(321, 11, 'Maniwaki Airport', 4908, '2024-03-21 12:35:05', '2024-03-21 12:35:05', 0),
(322, 11, 'Manouane', 6906, '2024-03-21 12:35:05', '2024-03-21 12:35:05', 0),
(323, 11, 'Matagami', 6385, '2024-03-21 12:35:05', '2024-03-21 12:35:05', 0),
(324, 11, 'Mctavish', 4028, '2024-03-21 12:35:05', '2024-03-21 12:35:05', 0),
(325, 11, 'Mont Joli', 5100, '2024-03-21 12:35:05', '2024-03-21 12:35:05', 0),
(326, 11, 'Montréal Intl', 4167, '2024-03-21 12:35:05', '2024-03-21 12:35:05', 0),
(327, 11, 'Montréal Mirabel Intl', 4569, '2024-03-21 12:35:05', '2024-03-21 12:35:05', 0),
(328, 11, 'Montréal-St-Hubert', 4275, '2024-03-21 12:35:05', '2024-03-21 12:35:05', 0),
(329, 11, 'Natashquan', 5757, '2024-03-21 12:35:05', '2024-03-21 12:35:05', 0),
(330, 11, 'New Carlisle', 4982, '2024-03-21 12:35:05', '2024-03-21 12:35:05', 0),
(331, 11, 'Nicolet', 4560, '2024-03-21 12:35:05', '2024-03-21 12:35:05', 0),
(332, 11, 'Normandin', 5937, '2024-03-21 12:35:05', '2024-03-21 12:35:05', 0),
(333, 11, 'Pointe Claveau', 5123, '2024-03-21 12:35:05', '2024-03-21 12:35:05', 0),
(334, 11, 'Pointe de L\'Islet', 5014, '2024-03-21 12:35:05', '2024-03-21 12:35:05', 0),
(335, 11, 'Pointe Noire', 5318, '2024-03-21 12:35:05', '2024-03-21 12:35:05', 0),
(336, 11, 'Pointe-au-Père', 5205, '2024-03-21 12:35:05', '2024-03-21 12:35:05', 0),
(337, 11, 'Pointe-des-Monts', 5594, '2024-03-21 12:35:05', '2024-03-21 12:35:05', 0),
(338, 11, 'Québec Intl', 4838, '2024-03-21 12:35:05', '2024-03-21 12:35:05', 0),
(339, 11, 'Riviere-du-Loup', 5212, '2024-03-21 12:35:05', '2024-03-21 12:35:05', 0),
(340, 11, 'Roberval', 5527, '2024-03-21 12:35:05', '2024-03-21 12:35:05', 0),
(341, 11, 'Rouyn', 5635, '2024-03-21 12:35:05', '2024-03-21 12:35:05', 0),
(342, 11, 'Rouyn-Noranda', 5807, '2024-03-21 12:35:05', '2024-03-21 12:35:05', 0),
(343, 11, 'Schefferville', 7926, '2024-03-21 12:35:05', '2024-03-21 12:35:05', 0),
(344, 11, 'Sept-Îles', 5924, '2024-03-21 12:35:05', '2024-03-21 12:35:05', 0),
(345, 11, 'St-Anicet', 4296, '2024-03-21 12:35:05', '2024-03-21 12:35:05', 0),
(346, 11, 'Ste-Anne-de-Bellevue', 4281, '2024-03-21 12:35:05', '2024-03-21 12:35:05', 0),
(347, 11, 'Ste-Clothilde', 4332, '2024-03-21 12:35:05', '2024-03-21 12:35:05', 0),
(348, 11, 'Ste-Foy', 4754, '2024-03-21 12:35:05', '2024-03-21 12:35:05', 0),
(349, 11, 'St-Jovite', 5103, '2024-03-21 12:35:05', '2024-03-21 12:35:05', 0),
(350, 11, 'Val-d\'Or', 5782, '2024-03-21 12:35:05', '2024-03-21 12:35:05', 0),
(351, 12, 'Assiniboia Airport', 5147, '2024-03-21 12:35:05', '2024-03-21 12:35:05', 0),
(352, 12, 'Broadview', 5720, '2024-03-21 12:35:05', '2024-03-21 12:35:05', 0),
(353, 12, 'Collins Bay', 7509, '2024-03-21 12:35:05', '2024-03-21 12:35:05', 0),
(354, 12, 'Coronach', 5143, '2024-03-21 12:35:05', '2024-03-21 12:35:05', 0),
(355, 12, 'Cypress Hills Park', 5204, '2024-03-21 12:35:05', '2024-03-21 12:35:05', 0),
(356, 12, 'Eastend Cypress', 5233, '2024-03-21 12:35:05', '2024-03-21 12:35:05', 0),
(357, 12, 'Elbow', 5431, '2024-03-21 12:35:05', '2024-03-21 12:35:05', 0),
(358, 12, 'Estevan', 5349, '2024-03-21 12:35:05', '2024-03-21 12:35:05', 0),
(359, 12, 'Hudson Bay', 6124, '2024-03-21 12:35:05', '2024-03-21 12:35:05', 0),
(360, 12, 'Indian Head', 5759, '2024-03-21 12:35:05', '2024-03-21 12:35:05', 0),
(361, 12, 'Key Lake', 7441, '2024-03-21 12:35:05', '2024-03-21 12:35:05', 0),
(362, 12, 'Kindersley', 5490, '2024-03-21 12:35:05', '2024-03-21 12:35:05', 0),
(363, 12, 'La Ronge', 6389, '2024-03-21 12:35:05', '2024-03-21 12:35:05', 0),
(364, 12, 'Last Mountain', 5761, '2024-03-21 12:35:05', '2024-03-21 12:35:05', 0),
(365, 12, 'Leader Airport', 5157, '2024-03-21 12:35:05', '2024-03-21 12:35:05', 0),
(366, 12, 'Lucky Lake', 5320, '2024-03-21 12:35:05', '2024-03-21 12:35:05', 0),
(367, 12, 'Maple Creek', 4716, '2024-03-21 12:35:05', '2024-03-21 12:35:05', 0),
(368, 12, 'Melfort', 6020, '2024-03-21 12:35:05', '2024-03-21 12:35:05', 0),
(369, 12, 'Moose Jaw', 5242, '2024-03-21 12:35:05', '2024-03-21 12:35:05', 0),
(370, 12, 'Nipawin', 6194, '2024-03-21 12:35:05', '2024-03-21 12:35:05', 0),
(371, 12, 'North Battleford', 5754, '2024-03-21 12:35:05', '2024-03-21 12:35:05', 0),
(372, 12, 'Outlook', 5270, '2024-03-21 12:35:05', '2024-03-21 12:35:05', 0),
(373, 12, 'Prince Albert', 6010, '2024-03-21 12:35:05', '2024-03-21 12:35:05', 0),
(374, 12, 'Regina Intl', 5597, '2024-03-21 12:35:05', '2024-03-21 12:35:05', 0),
(375, 12, 'Rockglen', 5125, '2024-03-21 12:35:05', '2024-03-21 12:35:05', 0),
(376, 12, 'Rosetown East', 5625, '2024-03-21 12:35:05', '2024-03-21 12:35:05', 0),
(377, 12, 'Saskatoon Intl', 5695, '2024-03-21 12:35:05', '2024-03-21 12:35:05', 0),
(378, 12, 'Scott', 5824, '2024-03-21 12:35:05', '2024-03-21 12:35:05', 0),
(379, 12, 'Southend', 7157, '2024-03-21 12:35:05', '2024-03-21 12:35:05', 0),
(380, 12, 'Spiritwood West', 6002, '2024-03-21 12:35:05', '2024-03-21 12:35:05', 0),
(381, 12, 'Stony Rapids', 7569, '2024-03-21 12:35:05', '2024-03-21 12:35:05', 0),
(382, 12, 'Swift Current', 5104, '2024-03-21 12:35:05', '2024-03-21 12:35:05', 0),
(383, 12, 'Swift Current Cda', 5124, '2024-03-21 12:35:05', '2024-03-21 12:35:05', 0),
(384, 12, 'Uranium City', 7487, '2024-03-21 12:35:05', '2024-03-21 12:35:05', 0),
(385, 12, 'Val Marie Southeast', 5195, '2024-03-21 12:35:05', '2024-03-21 12:35:05', 0),
(386, 12, 'Waskesiu Lake', 6007, '2024-03-21 12:35:05', '2024-03-21 12:35:05', 0),
(387, 12, 'Watrous East', 5792, '2024-03-21 12:35:05', '2024-03-21 12:35:05', 0),
(388, 12, 'Weyburn', 5385, '2024-03-21 12:35:05', '2024-03-21 12:35:05', 0),
(389, 12, 'Wynyard', 5817, '2024-03-21 12:35:05', '2024-03-21 12:35:05', 0),
(390, 12, 'Yorkton', 5800, '2024-03-21 12:35:05', '2024-03-21 12:35:05', 0),
(391, 13, 'Burwash', 7672, '2024-03-21 12:35:05', '2024-03-21 12:35:05', 0),
(392, 13, 'Carmacks', 7396, '2024-03-21 12:35:05', '2024-03-21 12:35:05', 0),
(393, 13, 'Dawson', 7917, '2024-03-21 12:35:06', '2024-03-21 12:35:06', 0),
(394, 13, 'Faro', 7227, '2024-03-21 12:35:06', '2024-03-21 12:35:06', 0),
(395, 13, 'Haines Junction', 7196, '2024-03-21 12:35:06', '2024-03-21 12:35:06', 0),
(396, 13, 'Herschel Island', 9488, '2024-03-21 12:35:06', '2024-03-21 12:35:06', 0),
(397, 13, 'Ivvavik Nat. Park', 9462, '2024-03-21 12:35:06', '2024-03-21 12:35:06', 0),
(398, 13, 'Macmillan Pass', 8580, '2024-03-21 12:35:06', '2024-03-21 12:35:06', 0),
(399, 13, 'Mayo', 7303, '2024-03-21 12:35:06', '2024-03-21 12:35:06', 0),
(400, 13, 'Old Crow', 9247, '2024-03-21 12:35:06', '2024-03-21 12:35:06', 0),
(401, 13, 'Teslin', 6874, '2024-03-21 12:35:06', '2024-03-21 12:35:06', 0),
(402, 13, 'Watson Lake', 7199, '2024-03-21 12:35:06', '2024-03-21 12:35:06', 0),
(403, 13, 'Whitehorse', 6522, '2024-03-21 12:35:06', '2024-03-21 12:35:06', 0);

--
-- Indexes for dumped tables
--

--
-- Indexes for table `above_grid_wall_measures`
--
ALTER TABLE `above_grid_wall_measures`
  ADD PRIMARY KEY (`id`);

--
-- Indexes for table `admin`
--
ALTER TABLE `admin`
  ADD PRIMARY KEY (`id`);

--
-- Indexes for table `air_tightness_level_measures`
--
ALTER TABLE `air_tightness_level_measures`
  ADD PRIMARY KEY (`id`);

--
-- Indexes for table `assembly`
--
ALTER TABLE `assembly`
  ADD PRIMARY KEY (`id`),
  ADD KEY `assemblyCategoryId` (`assemblyCategoryId`);

--
-- Indexes for table `assembly_category`
--
ALTER TABLE `assembly_category`
  ADD PRIMARY KEY (`id`);

--
-- Indexes for table `assembly_elements`
--
ALTER TABLE `assembly_elements`
  ADD PRIMARY KEY (`id`),
  ADD KEY `assemblyId` (`assemblyId`);

--
-- Indexes for table `auditor`
--
ALTER TABLE `auditor`
  ADD PRIMARY KEY (`id`),
  ADD KEY `userId` (`userId`);

--
-- Indexes for table `auditor_documents`
--
ALTER TABLE `auditor_documents`
  ADD PRIMARY KEY (`id`),
  ADD KEY `auditorId` (`auditorId`);

--
-- Indexes for table `auditor_pincode`
--
ALTER TABLE `auditor_pincode`
  ADD PRIMARY KEY (`id`),
  ADD KEY `auditorId` (`auditorId`),
  ADD KEY `auditor_pincode_provinceId_foreign_idx` (`provinceId`);

--
-- Indexes for table `auditor_rejected_audit`
--
ALTER TABLE `auditor_rejected_audit`
  ADD PRIMARY KEY (`id`),
  ADD KEY `auditorId` (`auditorId`),
  ADD KEY `auditId` (`auditId`);

--
-- Indexes for table `audits`
--
ALTER TABLE `audits`
  ADD PRIMARY KEY (`id`),
  ADD KEY `auditorId` (`auditorId`),
  ADD KEY `provinceId` (`provinceId`),
  ADD KEY `weatherStationId` (`weatherStationId`),
  ADD KEY `nbcPerspectiveTierId` (`nbcPerspectiveTierId`),
  ADD KEY `audits_auditRequestId_foreign_idx` (`auditRequestId`),
  ADD KEY `audits_userProvinceId_foreign_idx` (`userProvinceId`),
  ADD KEY `audits_propertyId_foreign_idx` (`propertyId`);

--
-- Indexes for table `audit_assembly_selection`
--
ALTER TABLE `audit_assembly_selection`
  ADD PRIMARY KEY (`id`),
  ADD KEY `auditId` (`auditId`),
  ADD KEY `assemblyCategoryId` (`assemblyCategoryId`),
  ADD KEY `assemblyId` (`assemblyId`);

--
-- Indexes for table `audit_ecm_results`
--
ALTER TABLE `audit_ecm_results`
  ADD PRIMARY KEY (`id`),
  ADD KEY `auditId` (`auditId`),
  ADD KEY `combinationId` (`combinationId`);

--
-- Indexes for table `audit_status_log`
--
ALTER TABLE `audit_status_log`
  ADD PRIMARY KEY (`id`),
  ADD KEY `auditId` (`auditId`);

--
-- Indexes for table `below_grid_wall_measures`
--
ALTER TABLE `below_grid_wall_measures`
  ADD PRIMARY KEY (`id`);

--
-- Indexes for table `drain_water_measures`
--
ALTER TABLE `drain_water_measures`
  ADD PRIMARY KEY (`id`);

--
-- Indexes for table `ecm_result_combinations`
--
ALTER TABLE `ecm_result_combinations`
  ADD PRIMARY KEY (`id`),
  ADD KEY `auditId` (`auditId`),
  ADD KEY `ecm_result_combinations_combinationId_foreign_idx` (`combinationId`);

--
-- Indexes for table `ecm_result_combinations_header`
--
ALTER TABLE `ecm_result_combinations_header`
  ADD PRIMARY KEY (`id`),
  ADD KEY `auditId` (`auditId`);

--
-- Indexes for table `fenestration_and_door_measures`
--
ALTER TABLE `fenestration_and_door_measures`
  ADD PRIMARY KEY (`id`);

--
-- Indexes for table `gas_fire_furnaces_measures`
--
ALTER TABLE `gas_fire_furnaces_measures`
  ADD PRIMARY KEY (`id`);

--
-- Indexes for table `hdd_climate_zone_matrix`
--
ALTER TABLE `hdd_climate_zone_matrix`
  ADD PRIMARY KEY (`id`);

--
-- Indexes for table `leads`
--
ALTER TABLE `leads`
  ADD PRIMARY KEY (`id`);

--
-- Indexes for table `nbc_tier`
--
ALTER TABLE `nbc_tier`
  ADD PRIMARY KEY (`id`);

--
-- Indexes for table `property`
--
ALTER TABLE `property`
  ADD PRIMARY KEY (`id`),
  ADD KEY `userId` (`userId`),
  ADD KEY `provinceId` (`provinceId`);

--
-- Indexes for table `regions`
--
ALTER TABLE `regions`
  ADD PRIMARY KEY (`id`);

--
-- Indexes for table `SequelizeMeta`
--
ALTER TABLE `SequelizeMeta`
  ADD PRIMARY KEY (`name`),
  ADD UNIQUE KEY `name` (`name`);

--
-- Indexes for table `site_settings`
--
ALTER TABLE `site_settings`
  ADD PRIMARY KEY (`id`);

--
-- Indexes for table `testing`
--
ALTER TABLE `testing`
  ADD PRIMARY KEY (`id`);

--
-- Indexes for table `user_audit_requests`
--
ALTER TABLE `user_audit_requests`
  ADD PRIMARY KEY (`id`),
  ADD KEY `userId` (`userId`),
  ADD KEY `user_audit_requests_homeId_foreign_idx` (`homeId`),
  ADD KEY `user_audit_requests_propertyId_foreign_idx` (`propertyId`);

--
-- Indexes for table `user_home`
--
ALTER TABLE `user_home`
  ADD PRIMARY KEY (`id`),
  ADD KEY `userId` (`userId`);

--
-- Indexes for table `user_master`
--
ALTER TABLE `user_master`
  ADD PRIMARY KEY (`id`),
  ADD KEY `user_master_provinceId_foreign_idx` (`provinceId`);

--
-- Indexes for table `ventilation_measures`
--
ALTER TABLE `ventilation_measures`
  ADD PRIMARY KEY (`id`);

--
-- Indexes for table `volume_credit_measures`
--
ALTER TABLE `volume_credit_measures`
  ADD PRIMARY KEY (`id`);

--
-- Indexes for table `water_heating_equipment_measures`
--
ALTER TABLE `water_heating_equipment_measures`
  ADD PRIMARY KEY (`id`);

--
-- Indexes for table `weather_stations`
--
ALTER TABLE `weather_stations`
  ADD PRIMARY KEY (`id`),
  ADD KEY `regionId` (`regionId`);

--
-- AUTO_INCREMENT for dumped tables
--

--
-- AUTO_INCREMENT for table `above_grid_wall_measures`
--
ALTER TABLE `above_grid_wall_measures`
  MODIFY `id` int NOT NULL AUTO_INCREMENT, AUTO_INCREMENT=55;

--
-- AUTO_INCREMENT for table `admin`
--
ALTER TABLE `admin`
  MODIFY `id` int NOT NULL AUTO_INCREMENT, AUTO_INCREMENT=2;

--
-- AUTO_INCREMENT for table `air_tightness_level_measures`
--
ALTER TABLE `air_tightness_level_measures`
  MODIFY `id` int NOT NULL AUTO_INCREMENT, AUTO_INCREMENT=67;

--
-- AUTO_INCREMENT for table `assembly`
--
ALTER TABLE `assembly`
  MODIFY `id` int NOT NULL AUTO_INCREMENT, AUTO_INCREMENT=49;

--
-- AUTO_INCREMENT for table `assembly_category`
--
ALTER TABLE `assembly_category`
  MODIFY `id` int NOT NULL AUTO_INCREMENT, AUTO_INCREMENT=10;

--
-- AUTO_INCREMENT for table `assembly_elements`
--
ALTER TABLE `assembly_elements`
  MODIFY `id` int NOT NULL AUTO_INCREMENT, AUTO_INCREMENT=75;

--
-- AUTO_INCREMENT for table `auditor`
--
ALTER TABLE `auditor`
  MODIFY `id` int NOT NULL AUTO_INCREMENT, AUTO_INCREMENT=9;

--
-- AUTO_INCREMENT for table `auditor_documents`
--
ALTER TABLE `auditor_documents`
  MODIFY `id` int NOT NULL AUTO_INCREMENT;

--
-- AUTO_INCREMENT for table `auditor_pincode`
--
ALTER TABLE `auditor_pincode`
  MODIFY `id` int NOT NULL AUTO_INCREMENT, AUTO_INCREMENT=8;

--
-- AUTO_INCREMENT for table `auditor_rejected_audit`
--
ALTER TABLE `auditor_rejected_audit`
  MODIFY `id` int NOT NULL AUTO_INCREMENT;

--
-- AUTO_INCREMENT for table `audits`
--
ALTER TABLE `audits`
  MODIFY `id` int NOT NULL AUTO_INCREMENT, AUTO_INCREMENT=9;

--
-- AUTO_INCREMENT for table `audit_assembly_selection`
--
ALTER TABLE `audit_assembly_selection`
  MODIFY `id` int NOT NULL AUTO_INCREMENT, AUTO_INCREMENT=162;

--
-- AUTO_INCREMENT for table `audit_ecm_results`
--
ALTER TABLE `audit_ecm_results`
  MODIFY `id` int NOT NULL AUTO_INCREMENT;

--
-- AUTO_INCREMENT for table `audit_status_log`
--
ALTER TABLE `audit_status_log`
  MODIFY `id` int NOT NULL AUTO_INCREMENT, AUTO_INCREMENT=30;

--
-- AUTO_INCREMENT for table `below_grid_wall_measures`
--
ALTER TABLE `below_grid_wall_measures`
  MODIFY `id` int NOT NULL AUTO_INCREMENT, AUTO_INCREMENT=25;

--
-- AUTO_INCREMENT for table `drain_water_measures`
--
ALTER TABLE `drain_water_measures`
  MODIFY `id` int NOT NULL AUTO_INCREMENT, AUTO_INCREMENT=37;

--
-- AUTO_INCREMENT for table `ecm_result_combinations`
--
ALTER TABLE `ecm_result_combinations`
  MODIFY `id` int NOT NULL AUTO_INCREMENT, AUTO_INCREMENT=5297;

--
-- AUTO_INCREMENT for table `ecm_result_combinations_header`
--
ALTER TABLE `ecm_result_combinations_header`
  MODIFY `id` int NOT NULL AUTO_INCREMENT, AUTO_INCREMENT=10;

--
-- AUTO_INCREMENT for table `fenestration_and_door_measures`
--
ALTER TABLE `fenestration_and_door_measures`
  MODIFY `id` int NOT NULL AUTO_INCREMENT, AUTO_INCREMENT=37;

--
-- AUTO_INCREMENT for table `gas_fire_furnaces_measures`
--
ALTER TABLE `gas_fire_furnaces_measures`
  MODIFY `id` int NOT NULL AUTO_INCREMENT, AUTO_INCREMENT=13;

--
-- AUTO_INCREMENT for table `hdd_climate_zone_matrix`
--
ALTER TABLE `hdd_climate_zone_matrix`
  MODIFY `id` int NOT NULL AUTO_INCREMENT, AUTO_INCREMENT=7;

--
-- AUTO_INCREMENT for table `leads`
--
ALTER TABLE `leads`
  MODIFY `id` int NOT NULL AUTO_INCREMENT, AUTO_INCREMENT=6;

--
-- AUTO_INCREMENT for table `nbc_tier`
--
ALTER TABLE `nbc_tier`
  MODIFY `id` int NOT NULL AUTO_INCREMENT, AUTO_INCREMENT=6;

--
-- AUTO_INCREMENT for table `property`
--
ALTER TABLE `property`
  MODIFY `id` int NOT NULL AUTO_INCREMENT, AUTO_INCREMENT=8;

--
-- AUTO_INCREMENT for table `regions`
--
ALTER TABLE `regions`
  MODIFY `id` int NOT NULL AUTO_INCREMENT, AUTO_INCREMENT=14;

--
-- AUTO_INCREMENT for table `site_settings`
--
ALTER TABLE `site_settings`
  MODIFY `id` int NOT NULL AUTO_INCREMENT, AUTO_INCREMENT=2;

--
-- AUTO_INCREMENT for table `testing`
--
ALTER TABLE `testing`
  MODIFY `id` int NOT NULL AUTO_INCREMENT, AUTO_INCREMENT=2;

--
-- AUTO_INCREMENT for table `user_audit_requests`
--
ALTER TABLE `user_audit_requests`
  MODIFY `id` int NOT NULL AUTO_INCREMENT, AUTO_INCREMENT=5;

--
-- AUTO_INCREMENT for table `user_home`
--
ALTER TABLE `user_home`
  MODIFY `id` int NOT NULL AUTO_INCREMENT, AUTO_INCREMENT=5;

--
-- AUTO_INCREMENT for table `user_master`
--
ALTER TABLE `user_master`
  MODIFY `id` int NOT NULL AUTO_INCREMENT, AUTO_INCREMENT=17;

--
-- AUTO_INCREMENT for table `ventilation_measures`
--
ALTER TABLE `ventilation_measures`
  MODIFY `id` int NOT NULL AUTO_INCREMENT, AUTO_INCREMENT=19;

--
-- AUTO_INCREMENT for table `volume_credit_measures`
--
ALTER TABLE `volume_credit_measures`
  MODIFY `id` int NOT NULL AUTO_INCREMENT, AUTO_INCREMENT=21;

--
-- AUTO_INCREMENT for table `water_heating_equipment_measures`
--
ALTER TABLE `water_heating_equipment_measures`
  MODIFY `id` int NOT NULL AUTO_INCREMENT, AUTO_INCREMENT=31;

--
-- AUTO_INCREMENT for table `weather_stations`
--
ALTER TABLE `weather_stations`
  MODIFY `id` int NOT NULL AUTO_INCREMENT, AUTO_INCREMENT=404;

--
-- Constraints for dumped tables
--

--
-- Constraints for table `assembly`
--
ALTER TABLE `assembly`
  ADD CONSTRAINT `assembly_ibfk_1` FOREIGN KEY (`assemblyCategoryId`) REFERENCES `assembly_category` (`id`) ON DELETE CASCADE;

--
-- Constraints for table `assembly_elements`
--
ALTER TABLE `assembly_elements`
  ADD CONSTRAINT `assembly_elements_ibfk_1` FOREIGN KEY (`assemblyId`) REFERENCES `assembly` (`id`) ON DELETE CASCADE;

--
-- Constraints for table `auditor`
--
ALTER TABLE `auditor`
  ADD CONSTRAINT `auditor_ibfk_1` FOREIGN KEY (`userId`) REFERENCES `user_master` (`id`) ON DELETE CASCADE;

--
-- Constraints for table `auditor_documents`
--
ALTER TABLE `auditor_documents`
  ADD CONSTRAINT `auditor_documents_ibfk_1` FOREIGN KEY (`auditorId`) REFERENCES `auditor` (`id`) ON DELETE CASCADE;

--
-- Constraints for table `auditor_pincode`
--
ALTER TABLE `auditor_pincode`
  ADD CONSTRAINT `auditor_pincode_ibfk_1` FOREIGN KEY (`auditorId`) REFERENCES `auditor` (`id`) ON DELETE CASCADE,
  ADD CONSTRAINT `auditor_pincode_provinceId_foreign_idx` FOREIGN KEY (`provinceId`) REFERENCES `regions` (`id`) ON DELETE CASCADE;

--
-- Constraints for table `auditor_rejected_audit`
--
ALTER TABLE `auditor_rejected_audit`
  ADD CONSTRAINT `auditor_rejected_audit_ibfk_1` FOREIGN KEY (`auditorId`) REFERENCES `auditor` (`id`) ON DELETE CASCADE,
  ADD CONSTRAINT `auditor_rejected_audit_ibfk_2` FOREIGN KEY (`auditId`) REFERENCES `audits` (`id`) ON DELETE CASCADE;

--
-- Constraints for table `audits`
--
ALTER TABLE `audits`
  ADD CONSTRAINT `audits_auditRequestId_foreign_idx` FOREIGN KEY (`auditRequestId`) REFERENCES `user_audit_requests` (`id`) ON DELETE CASCADE,
  ADD CONSTRAINT `audits_ibfk_1` FOREIGN KEY (`auditorId`) REFERENCES `auditor` (`id`) ON DELETE CASCADE,
  ADD CONSTRAINT `audits_ibfk_3` FOREIGN KEY (`provinceId`) REFERENCES `regions` (`id`) ON DELETE CASCADE,
  ADD CONSTRAINT `audits_ibfk_4` FOREIGN KEY (`weatherStationId`) REFERENCES `weather_stations` (`id`) ON DELETE CASCADE,
  ADD CONSTRAINT `audits_ibfk_5` FOREIGN KEY (`nbcPerspectiveTierId`) REFERENCES `nbc_tier` (`id`) ON DELETE CASCADE,
  ADD CONSTRAINT `audits_propertyId_foreign_idx` FOREIGN KEY (`propertyId`) REFERENCES `property` (`id`) ON DELETE CASCADE,
  ADD CONSTRAINT `audits_userProvinceId_foreign_idx` FOREIGN KEY (`userProvinceId`) REFERENCES `regions` (`id`) ON DELETE SET NULL;

--
-- Constraints for table `audit_assembly_selection`
--
ALTER TABLE `audit_assembly_selection`
  ADD CONSTRAINT `audit_assembly_selection_ibfk_1` FOREIGN KEY (`auditId`) REFERENCES `audits` (`id`) ON DELETE CASCADE,
  ADD CONSTRAINT `audit_assembly_selection_ibfk_2` FOREIGN KEY (`assemblyCategoryId`) REFERENCES `assembly_category` (`id`) ON DELETE CASCADE,
  ADD CONSTRAINT `audit_assembly_selection_ibfk_3` FOREIGN KEY (`assemblyId`) REFERENCES `assembly` (`id`) ON DELETE CASCADE;

--
-- Constraints for table `audit_ecm_results`
--
ALTER TABLE `audit_ecm_results`
  ADD CONSTRAINT `audit_ecm_results_ibfk_1` FOREIGN KEY (`auditId`) REFERENCES `audits` (`id`) ON DELETE CASCADE,
  ADD CONSTRAINT `audit_ecm_results_ibfk_2` FOREIGN KEY (`combinationId`) REFERENCES `ecm_result_combinations` (`id`) ON DELETE CASCADE;

--
-- Constraints for table `audit_status_log`
--
ALTER TABLE `audit_status_log`
  ADD CONSTRAINT `audit_status_log_ibfk_1` FOREIGN KEY (`auditId`) REFERENCES `audits` (`id`) ON DELETE CASCADE;

--
-- Constraints for table `ecm_result_combinations`
--
ALTER TABLE `ecm_result_combinations`
  ADD CONSTRAINT `ecm_result_combinations_combinationId_foreign_idx` FOREIGN KEY (`combinationId`) REFERENCES `ecm_result_combinations_header` (`id`) ON DELETE CASCADE,
  ADD CONSTRAINT `ecm_result_combinations_ibfk_1` FOREIGN KEY (`auditId`) REFERENCES `audits` (`id`) ON DELETE CASCADE;

--
-- Constraints for table `ecm_result_combinations_header`
--
ALTER TABLE `ecm_result_combinations_header`
  ADD CONSTRAINT `ecm_result_combinations_header_ibfk_1` FOREIGN KEY (`auditId`) REFERENCES `audits` (`id`) ON DELETE CASCADE;

--
-- Constraints for table `property`
--
ALTER TABLE `property`
  ADD CONSTRAINT `property_ibfk_1` FOREIGN KEY (`userId`) REFERENCES `user_master` (`id`) ON DELETE CASCADE,
  ADD CONSTRAINT `property_ibfk_2` FOREIGN KEY (`provinceId`) REFERENCES `regions` (`id`) ON DELETE SET NULL;

--
-- Constraints for table `user_audit_requests`
--
ALTER TABLE `user_audit_requests`
  ADD CONSTRAINT `user_audit_requests_homeId_foreign_idx` FOREIGN KEY (`homeId`) REFERENCES `user_home` (`id`) ON DELETE CASCADE,
  ADD CONSTRAINT `user_audit_requests_ibfk_1` FOREIGN KEY (`userId`) REFERENCES `user_master` (`id`) ON DELETE CASCADE,
  ADD CONSTRAINT `user_audit_requests_propertyId_foreign_idx` FOREIGN KEY (`propertyId`) REFERENCES `property` (`id`) ON DELETE CASCADE;

--
-- Constraints for table `user_home`
--
ALTER TABLE `user_home`
  ADD CONSTRAINT `user_home_ibfk_1` FOREIGN KEY (`userId`) REFERENCES `user_master` (`id`) ON DELETE CASCADE;

--
-- Constraints for table `user_master`
--
ALTER TABLE `user_master`
  ADD CONSTRAINT `user_master_provinceId_foreign_idx` FOREIGN KEY (`provinceId`) REFERENCES `regions` (`id`) ON DELETE SET NULL;

--
-- Constraints for table `weather_stations`
--
ALTER TABLE `weather_stations`
  ADD CONSTRAINT `weather_stations_ibfk_1` FOREIGN KEY (`regionId`) REFERENCES `regions` (`id`) ON DELETE CASCADE;
COMMIT;

/*!40101 SET CHARACTER_SET_CLIENT=@OLD_CHARACTER_SET_CLIENT */;
/*!40101 SET CHARACTER_SET_RESULTS=@OLD_CHARACTER_SET_RESULTS */;
/*!40101 SET COLLATION_CONNECTION=@OLD_COLLATION_CONNECTION */;
